topic_id,image_path,image_prompt
Робототехника_0,images/Робототехника_0.png,"a futuristic humanoid robot with sleek metallic skin and glowing blue eyes standing in a high-tech laboratory filled with holographic data streams, surrounded by advanced robotic arms assembling complex machinery, cinematic lighting, hyper-realistic texture, 8k resolution, depth of field."
Робототехника_1,images/Робототехника_1.png,"A futuristic robot engineer working in a high-tech laboratory filled with holographic displays and robotic arms. The scene is illuminated by soft blue lighting, emphasizing advanced technology and innovation. High-quality render, photorealistic style, 8k resolution, detailed textures."
Робототехника_2,images/Робототехника_2.png,"A futuristic robotics lab with a sleek humanoid robot standing on a metallic platform, surrounded by holographic data streams and advanced machinery in the background."
Робототехника_3,images/Робототехника_3.png,"A futuristic robotics lab featuring a sleek humanoid robot with transparent exoskeletons, surrounded by holographic data streams and advanced machinery."
Робототехника_4,images/Робототехника_4.png,"A futuristic robot engineer in a sleek white suit standing in a high-tech laboratory filled with holographic data streams and glowing blue circuits, surrounded by advanced robotics components like robotic arms and drones, the scene is bathed in cool cyan and neon purple lighting creating a sense of innovation and technological mastery."
Робототехника_5,images/Робототехника_5.png,"A futuristic humanoid robot in sleek silver armor standing on a modern smart city rooftop at sunset, surrounded by holographic data streams and flying drones, with a background of glass skyscrapers reflecting the golden sky."
Робототехника_6,images/Робототехника_6.png,"futuristic robotic arm in a high-tech laboratory, sleek metallic design with glowing blue LED lights, intricate mechanical joints, holographic interface floating nearby, clean modern background with soft lighting, hyperrealistic style, 8k resolution, cinematic composition."
Робототехника_7,images/Робототехника_7.png,"A futuristic robotics lab featuring a sleek humanoid robot with glowing blue circuits and metallic joints, standing in a dimly lit laboratory filled with holographic data displays and advanced machinery. The scene is illuminated by neon lights casting dramatic shadows on the floor, creating an atmosphere of high-tech innovation and scientific discovery."
Робототехника_8,images/Робототехника_8.png,"futuristic robot engineer working on advanced robotics project in a high-tech laboratory with holographic displays and robotic arms, cyberpunk style lighting, blue and orange neon accents, detailed mechanical textures, intricate circuitry patterns, depth of field, cinematic composition, 8k resolution --ar 16:9 --v 6.0 --q 2"
Робототехника_9,images/Робототехника_9.png,"futuristic robotic arm in a clean white laboratory setting with soft studio lighting, high detail, 8k resolution, hyperrealistic texture, mechanical precision, blue and silver color scheme, depth of field, cinematic composition, professional photography style."
Робототехника_10,images/Робототехника_10.png,"a futuristic robot engineer in a sleek white suit standing next to an advanced robotic arm workshop, high-tech holographic displays floating above, clean modern office with blue lighting, 8k resolution, cinematic composition, detailed textures."
Робототехника_11,images/Робототехника_11.png,"futuristic robotic arm in a sleek industrial setting, detailed mechanical joints, metallic textures, soft studio lighting, 8k resolution, hyperrealistic, cinematic composition."
Робототехника_12,images/Робототехника_12.png,"futuristic robot engineer working on robotic arm in a high-tech laboratory with holographic displays and mechanical parts floating around him, cyberpunk aesthetic, neon lights, intricate details, 8k resolution, cinematic lighting, depth of field, hyperrealistic --ar 16:9 --v 6.0"
Робототехника_13,images/Робототехника_13.png,"a futuristic robotic arm made of sleek black metal and glowing blue circuits hovering over a modern industrial factory floor with holographic data streams floating in the air, surrounded by advanced machinery and green energy plants, cinematic lighting, hyperrealistic, 8k resolution, highly detailed textures."
Робототехника_14,images/Робототехника_14.png,"futuristic robotic arm in a high-tech laboratory, intricate mechanical joints glowing with soft blue light, metallic textures, cyberpunk aesthetic, detailed close-up, sharp focus, cinematic lighting, 8k resolution --ar 16:9 --v 6.0"
Робототехника_15,images/Робототехника_15.png,"a futuristic robotic arm made of sleek metallic materials hovering in a high-tech laboratory, surrounded by glowing holographic data streams and floating mechanical components, soft cinematic lighting, hyper-realistic texture, 8k resolution, intricate details, depth of field, cyberpunk aesthetic."
Робототехника_16,images/Робототехника_16.png,"futuristic robotics lab with advanced humanoid robots assembling complex machinery in a high-tech environment, cinematic lighting, detailed textures of metal and glass, depth of field, professional photography style, 8k resolution."
Робототехника_17,images/Робототехника_17.png,"A futuristic robotics laboratory featuring a sleek humanoid robot with glowing blue circuitry standing on a polished metallic floor, surrounded by holographic displays showing data streams and schematics, soft ambient lighting with neon accents, high-tech clean background with glass walls reflecting the machinery."
Робототехника_18,images/Робототехника_18.png,"futuristic robot engineer in sleek white suit standing beside advanced robotic arm workshop, blue holographic data screens glowing softly, clean modern industrial setting with steel beams and glass windows, cinematic lighting, hyperrealistic, detailed textures, depth of field, 8k resolution, professional photography style."
Робототехника_19,images/Робототехника_19.png,"futuristic robotics workshop, a sleek humanoid robot with glowing blue circuits and metallic joints stands beside an advanced automated assembly line, surrounded by holographic data displays showing real-time production metrics, bright industrial lighting illuminates the high-tech environment, cyberpunk aesthetic with neon accents, photorealistic render, 8k resolution, cinematic composition."
Робототехника_20,images/Робототехника_20.png,"futuristic robot engineer working in a high-tech laboratory, surrounded by holographic data screens and advanced robotics components, wearing sleek cybernetic suit, blue lighting, intricate mechanical details, 8k resolution, cinematic composition."
Робототехника_21,images/Робототехника_21.png,"futuristic robotics workshop, a team of engineers designing advanced humanoid robots with sleek metallic bodies and glowing blue circuits, surrounded by holographic data displays and robotic arms in motion, high-tech laboratory background, soft cinematic lighting, depth of field, hyper-realistic, 8k resolution --ar 16:9 --v 6.0 --style raw"
Робототехника_22,images/Робототехника_22.png,"futuristic robotics workshop scene with advanced humanoid robots assembling microchips in a high-tech lab, soft lighting, cyberpunk aesthetic, detailed mechanical joints and wires, blue and orange color scheme, photorealistic, 8k resolution."
Робототехника_23,images/Робототехника_23.png,"futuristic humanoid robot in a sleek white lab coat standing on a glass floor amidst floating holographic data streams and neon circuitry, surrounded by glowing blue energy particles, high-tech office environment with transparent walls, cinematic lighting, hyper-realistic, 8k resolution, detailed mechanical joints, soft focus background, depth of field --ar 16:9 --v 6.0 --q 2"
Робототехника_24,images/Робототехника_24.png,"futuristic robotics laboratory scene with a humanoid robot and an industrial arm working together in a high-tech environment, digital holographic displays showing data streams, sleek metallic surfaces, soft natural lighting, cinematic composition, hyper-realistic, 8k resolution, depth of field."
Робототехника_25,images/Робототехника_25.png,"futuristic robotics workshop scene with humanoid robots assembling complex machinery in a modern clean factory hall, soft diffused lighting, metallic textures, holographic blue data streams floating around machines, high detail, cinematic composition, 8k resolution, depth of field --ar 16:9 --v 5.2 --q 2 --style raw"
Робототехника_26,images/Робототехника_26.png,"futuristic humanoid robot in a sleek industrial workshop, detailed mechanical joints, advanced sensors, soft lighting, cinematic composition, hyper-realistic, 8k resolution."
Робототехника_27,images/Робототехника_27.png,"A futuristic robotics lab featuring a sleek humanoid robot with glowing blue circuitry and transparent exoskeletons working on intricate mechanical components under bright LED lights. The background shows a high-tech mechatronics workshop filled with holographic schematics floating in the air and advanced 3D printing machines emitting colorful dust particles. The scene is bathed in cool cyan and warm amber lighting, emphasizing precision engineering and innovation."
Робототехника_28,images/Робототехника_28.png,"futuristic robot engineer in cyberpunk suit standing on a high-tech platform with holographic data streams floating around him, intricate mechanical details, neon blue and purple lighting, dramatic shadows, cinematic composition, 8k resolution, highly detailed texture."
Робототехника_29,images/Робототехника_29.png,"futuristic robotics workshop with a large humanoid robot assembling complex machinery in a dimly lit lab filled with holographic displays and glowing blue circuits, surrounded by engineers wearing smart glasses examining advanced sensors, high-tech precision tools floating in the air, cinematic lighting, hyper-realistic, 8k resolution, depth of field, detailed mechanical joints and metallic textures."
Робототехника_30,images/Робототехника_30.png,"A futuristic robotic arm made of sleek black metal and transparent glass in a high-tech laboratory setting, glowing with soft blue lights, standing on a polished metallic floor amidst floating holographic data streams, cinematic lighting, 8k resolution, hyperrealistic, detailed mechanical joints, advanced technology, sci-fi atmosphere."
Робототехника_31,images/Робототехника_31.png,"futuristic robotic arm in a clean modern laboratory, soft lighting, blue and orange color scheme, high tech background with holographic data streams, cinematic composition, 8k resolution, hyperrealistic, detailed mechanical parts, professional photography, depth of field."
Робототехника_32,images/Робототехника_32.png,"futuristic robotics workshop with advanced autonomous machines working on precision assembly lines, sleek metallic robots collaborating in a high-tech laboratory setting, soft cinematic lighting, detailed textures of circuitry and mechanical parts, depth of field, hyper-realistic style, 8k resolution."
Робототехника_33,images/Робототехника_33.png,"futuristic robotic arm in a dimly lit industrial workshop, intricate mechanical details, glowing blue circuitry lines, high-tech atmosphere, cinematic lighting, sharp focus, 8k resolution --ar 16:9 --v 6.0 --q 2"
Робототехника_34,images/Робототехника_34.png,A futuristic robot engineer designing a robotic arm in a high-tech lab with holographic displays and blue lighting.
Робототехника_35,images/Робототехника_35.png,"futuristic robotic arm in a sleek laboratory setting with holographic displays and advanced machinery, cyberpunk aesthetic, high-tech lighting, intricate mechanical details, metallic textures, cinematic composition, 8k resolution, unreal engine 5 render."
Робототехника_36,images/Робототехника_36.png,"futuristic autonomous robot in sleek metallic armor standing on a modern industrial platform with holographic data displays, surrounded by advanced robotic arms and drones, cyberpunk lighting effects, high-tech laboratory background, 8k resolution, cinematic composition, intricate mechanical details, depth of field --ar 16:9 --v 6.0 --q 2 --style raw"
Робототехника_37,images/Робототехника_37.png,a futuristic robotics laboratory with holographic displays showing complex data streams and a sleek humanoid robot arm assembling intricate mechanical components under bright blue LED lighting.
Робототехника_38,images/Робототехника_38.png,"futuristic humanoid robot in a sleek white lab environment, intricate mechanical joints glowing with soft blue light, advanced sensors on its head, clean minimalist background with floating geometric shapes, cinematic lighting, hyperrealistic, 8k resolution, detailed textures."
Робототехника_39,images/Робототехника_39.png,"A futuristic humanoid robot standing in a clean laboratory with holographic displays showing data streams around it, intricate mechanical joints and smooth metallic surfaces reflecting soft studio lighting, cyberpunk aesthetic with neon blue accents against dark background."
Робототехника_40,images/Робототехника_40.png,"futuristic autonomous robot in a sleek metallic body standing on a modern industrial platform with holographic displays showing data streams and navigation paths, surrounded by advanced machinery components, clean white background, cinematic lighting, hyperrealistic style, 8k resolution --ar 16:9 --v 6.0 --q 2"
Робототехника_41,images/Робототехника_41.png,"A futuristic humanoid robot standing in a clean, modern laboratory with holographic screens displaying data streams, wearing sleek silver exoskeleton armor, surrounded by floating circuit boards and glowing blue energy particles, cinematic lighting, hyper-realistic, 8k resolution, detailed textures."
Робототехника_42,images/Робототехника_42.png,"futuristic robotic arm in a clean white laboratory setting, intricate mechanical details, soft cinematic lighting, hyper-realistic, 8k resolution, depth of field, metallic textures, blue ambient glow, minimalist background, high quality render --ar 16:9 --v 6.0"
Робототехника_43,images/Робототехника_43.png,"A futuristic robotic arm made of sleek black carbon fiber and glowing blue circuitry, hovering above a vibrant green meadow with soft sunlight filtering through tall grass. The robot has intricate mechanical joints and a smooth metallic finish. In the background, a small drone flies near a modern solar panel structure under a clear blue sky. The scene is bathed in warm golden hour lighting, creating a harmonious blend of advanced technology and nature."
Робототехника_44,images/Робототехника_44.png,"futuristic autonomous robot in a sleek metallic body with glowing blue accents standing on a high-tech industrial platform, surrounded by holographic data streams and mechanical components, cinematic lighting, hyperrealistic style, 8k resolution."
Робототехника_45,images/Робототехника_45.png,"A futuristic humanoid robot with sleek metallic body and glowing blue eyes standing on a clean modern factory floor, surrounded by advanced robotic arms assembling products, soft industrial lighting, high-tech atmosphere, detailed textures, cinematic composition, photorealistic style --ar 16:9 --v 6.0"
Робототехника_46,images/Робототехника_46.png,"A futuristic robotic arm in a sleek white lab setting, holding a glowing holographic interface displaying complex data streams and blueprints, with soft ambient lighting highlighting metallic textures and advanced technology."
Робототехника_47,images/Робототехника_47.png,"futuristic robotics lab with humanoid robots assembling products on a high-tech assembly line, soft lighting, cyberpunk aesthetic, detailed machinery, blue and orange color scheme, clean background, 8k resolution, cinematic composition."
Робототехника_48,images/Робототехника_48.png,"A futuristic robotic arm in a sleek white design operating precision machinery on an advanced industrial assembly line, surrounded by holographic data displays and glowing blue circuitry, cinematic lighting, hyper-realistic texture, 8k resolution, detailed mechanical joints, high-tech atmosphere."
Робототехника_49,images/Робототехника_49.png,"A futuristic robotic arm with advanced sensors and mechanical joints, standing in a high-tech laboratory setting filled with holographic data displays and blue ambient lighting. The robot has sleek metallic surfaces with glowing red accents, its articulated limbs extended as if performing a precise task. In the background, other robotic units are visible on tracks, moving autonomously through an industrial environment. The scene is rendered in hyper-realistic style with detailed textures, depth of field, and dramatic cinematic lighting to emphasize the cutting-edge nature of robotics."
Робототехника_50,images/Робототехника_50.png,"A futuristic robotics lab featuring a humanoid robot with sleek metallic body and glowing blue eyes, surrounded by holographic data streams and advanced machinery. The scene is set in a high-tech facility with glass walls revealing green industrial landscapes outside. Dramatic lighting highlights the intricate details of robotic components and circuits. Cinematic composition with depth of field capturing both macro and micro elements of modern automation technology."
Робототехника_51,images/Робототехника_51.png,"A futuristic robotics laboratory featuring advanced humanoid robots with sleek metallic bodies and glowing blue circuits, working alongside human engineers in a high-tech environment filled with holographic data displays and robotic arms assembling complex machinery."
Робототехника_52,images/Робототехника_52.png,"futuristic robotics workshop with humanoid robots assembling complex machinery in a clean modern lab, soft morning light streaming through large windows, intricate mechanical details, high-tech blue and silver color palette, octane render style, photorealistic, 8k resolution --ar 16:9 --v 5.2"
Робототехника_53,images/Робототехника_53.png,"a futuristic robot engineer working in a high-tech laboratory, surrounded by holographic data displays and robotic arms assembling complex machinery, soft focus background with blue and metallic tones, cinematic lighting, highly detailed, 8k resolution."
Робототехника_54,images/Робототехника_54.png,"A futuristic robot engineer working in a high-tech laboratory, surrounded by holographic data displays and advanced machinery, wearing sleek cybernetic armor with glowing blue accents, holding a tablet showing 3D models of robotic systems, soft morning light filtering through large windows, clean modern workspace, hyperrealistic, cinematic lighting, depth of field, 8k resolution, highly detailed textures."
Робототехника_55,images/Робототехника_55.png,"futuristic humanoid robot standing in a sleek modern laboratory, surrounded by holographic data streams and advanced robotics components, soft blue lighting, high detail, cinematic composition, depth of field, hyperrealistic, 8k resolution."
Робототехника_56,images/Робототехника_56.png,"futuristic autonomous robot engineer in sleek white armor standing on a high-tech industrial platform with holographic data streams floating around him, cyberpunk aesthetic, neon blue and purple lighting, intricate mechanical details, photorealistic, 8k resolution, cinematic composition."
Робототехника_57,images/Робототехника_57.png,"futuristic robotic arm in a high-tech laboratory with holographic data streams floating around it, sleek metallic design, blue and orange lighting, 8k resolution, cinematic composition, highly detailed texture."
Робототехника_58,images/Робототехника_58.png,"futuristic robot engineer standing in a high-tech laboratory with holographic screens displaying complex data, surrounded by sleek robotic arms and advanced machinery, cyberpunk aesthetic, neon lights, blue and orange color scheme, highly detailed, 8k resolution --ar 16:9 --v 6.0 --q 2"
Робототехника_59,images/Робототехника_59.png,"futuristic humanoid robot standing in a sleek modern laboratory with blue and orange lighting, intricate mechanical details on its body, holding a holographic display showing data streams, surrounded by floating circuit boards and robotic components, high-tech atmosphere, cinematic perspective, 8k resolution, photorealistic style."
Искусственный интеллект_0,images/Искусственный интеллект_0.png,"A futuristic cybernetic cityscape at sunset with towering skyscrapers made of glowing circuitry and organic greenery integrated into the architecture. The sky is filled with floating holographic data streams connecting every building. A lone astronaut stands on a floating platform overlooking the city, gazing at an advanced AI interface in their hand that displays complex neural networks. Warm golden sunlight contrasts with cool blue digital elements, creating a harmonious blend of nature and technology."
Искусственный интеллект_1,images/Искусственный интеллект_1.png,"A futuristic cybernetic human standing in a vast open laboratory filled with holographic data streams and floating neural networks, wearing sleek white armor with glowing blue circuit patterns, surrounded by advanced AI interfaces displaying complex mathematical equations and colorful particle effects, soft cinematic lighting, high detail, hyper-realistic style, 8k resolution --ar 16:9 --v 6.0 --q 2 --style raw"
Искусственный интеллект_2,images/Искусственный интеллект_2.png,"A futuristic cybernetic cityscape at sunset where towering skyscrapers are made of glowing neural networks and holographic data streams flowing through the streets. A diverse group of humans interacting with sleek robotic assistants in modern architecture. The sky is filled with soft purple and orange nebula clouds, creating a magical atmosphere. Warm golden hour lighting illuminates floating particles of light and intricate circuitry details on building facades. Cinematic composition, hyper-realistic style, octane render, 8k resolution, highly detailed textures, depth of field, professional photography."
Искусственный интеллект_3,images/Искусственный интеллект_3.png,"A futuristic cyberpunk cityscape at twilight, where towering skyscrapers are made of flowing liquid data streams and glowing neural networks, a lone astronaut floats in zero gravity near a floating holographic brain interface, neon purple and blue lights reflecting on wet pavement, cinematic lighting, hyper-realistic, 8k resolution, intricate details, depth of field."
Искусственный интеллект_4,images/Искусственный интеллект_4.png,"A futuristic cityscape at sunset with towering AI towers made of glass and light floating above skyscrapers, surrounded by green organic forests and flowing data streams in the sky, cyberpunk aesthetic, vibrant colors, cinematic lighting, highly detailed, photorealistic, 8k resolution."
Искусственный интеллект_5,images/Искусственный интеллект_5.png,"futuristic cybernetic brain floating in a vast digital nebula of blue and purple light, intricate neural pathways glowing with soft bioluminescence, surrounded by swirling data streams and geometric shapes representing artificial intelligence concepts, cinematic lighting, hyperrealistic style, highly detailed, 8k resolution, ethereal atmosphere, symbolizing the fusion of human consciousness and machine intelligence."
Искусственный интеллект_6,images/Искусственный интеллект_6.png,"a futuristic cyberpunk cityscape at night with glowing holographic AI interfaces floating above skyscrapers, a diverse group of people working collaboratively in the background, neon lights reflecting on wet pavement, intricate circuitry patterns visible through windows, cinematic lighting, high detail, 8k resolution --ar 16:9 --v 6.0"
Искусственный интеллект_7,images/Искусственный интеллект_7.png,"a futuristic cybernetic human standing in a vast digital ocean, surrounded by glowing neural networks and holographic data streams, with soft blue and purple lighting, high detail, cinematic composition."
Искусственный интеллект_8,images/Искусственный интеллект_8.png,"A futuristic cybernetic human with glowing neural networks integrated into their brain and limbs, standing in a vast open laboratory filled with holographic data streams and floating geometric shapes, surrounded by advanced AI servers emitting soft blue light, cinematic lighting, hyper-realistic, 8k resolution, highly detailed technology, masterpiece, depth of field."
Искусственный интеллект_9,images/Искусственный интеллект_9.png,"a futuristic cyberpunk cityscape at night with holographic neural networks floating above skyscrapers, glowing blue and purple light effects, intricate circuitry patterns in the air, a large transparent AI brain composed of thousands of interconnected nodes, cinematic lighting, volumetric fog, high detail, 8k resolution, hyperrealistic style --ar 16:9 --v 6.0 --q 2 --style raw"
Искусственный интеллект_10,images/Искусственный интеллект_10.png,"A futuristic cybernetic cityscape at twilight featuring towering skyscrapers with glowing neural networks on their facades, surrounded by floating data orbs and holographic interfaces, a lone human figure in a sleek white suit walking through the streets, neon blue and purple lighting, cinematic composition, highly detailed, 8k resolution, hyperrealistic, wide angle shot."
Искусственный интеллект_11,images/Искусственный интеллект_11.png,"A futuristic cybernetic landscape where a vast neural network floats above a cityscape, glowing with soft blue and purple light, blending seamlessly into the digital realm. A humanoid figure made of circuitry and glass stands on a floating platform, holding a glowing orb that projects holographic data streams. The background features soaring skyscrapers made of translucent code, surrounded by swirling particles representing artificial intelligence concepts. Cinematic lighting, high detail, octane render, 8k resolution, hyper-realistic, masterpiece --ar 16:9 --v 6.0 --q 2 --style raw"
Искусственный интеллект_12,images/Искусственный интеллект_12.png,"a futuristic cybernetic robot standing in a vast open space with holographic data streams floating around it, rendered in high definition with dramatic lighting and intricate mechanical details."
Искусственный интеллект_13,images/Искусственный интеллект_13.png,"futuristic cityscape at sunset with towering AI neural networks floating in the sky, glowing blue energy streams connecting skyscrapers, cyberpunk aesthetic, neon lights reflecting on wet pavement, dramatic volumetric lighting, intricate details of holographic interfaces, cinematic composition, hyperrealistic style, 8k resolution, masterpiece."
Искусственный интеллект_14,images/Искусственный интеллект_14.png,"A futuristic cyberpunk cityscape at night where towering skyscrapers are made of glowing neural networks and holographic data streams floating in the sky. A central character is an elderly human programmer surrounded by flying drones displaying code and medical scans. The scene is illuminated by neon blue and purple lights reflecting off wet pavement. Cinematic lighting with dramatic shadows, octane render, highly detailed, 8k resolution, hyperrealistic, depth of field."
Искусственный интеллект_15,images/Искусственный интеллект_15.png,"futuristic artificial intelligence laboratory with glowing neural networks floating in a dark cyberpunk space, holographic data streams flowing through the air, intricate circuit boards made of glass and light, robotic hands manipulating quantum processors, vibrant neon colors contrasting against deep purple background, cinematic lighting, highly detailed, photorealistic style --ar 16:9 --v 6.0 --q 2"
Искусственный интеллект_16,images/Искусственный интеллект_16.png,"a futuristic cybernetic cityscape at sunset with holographic neural networks floating in the sky, sleek humanoid robots walking through neon-lit streets, digital data streams flowing like rivers of light over ancient ruins, cinematic lighting, photorealistic style, high detail, 8k resolution, masterpiece --ar 16:9 --v 6.0"
Искусственный интеллект_17,images/Искусственный интеллект_17.png,"A futuristic cybernetic cityscape at sunset where towering skyscrapers are made of glowing neural networks and holographic data streams float in the sky above. A diverse group of people with augmented reality glasses walk through streets filled with flying drones delivering packages. The scene is vibrant with neon colors blending into deep blues and purples as artificial intelligence powers transform every aspect of urban life. Cinematic lighting, high detail, octane render, 8k resolution, hyper-realistic, awe-inspiring atmosphere."
Искусственный интеллект_18,images/Искусственный интеллект_18.png,"A futuristic cityscape where towering AI servers float in the sky like giant glass towers, connected by glowing neural networks that weave through the clouds. The scene is bathed in soft bioluminescent light from holographic displays showing complex data visualizations of human potential and technological advancement. In the foreground, a diverse group of people interacts with sleek, organic interfaces, their faces reflecting digital patterns as they collaborate on solving global challenges. The atmosphere is optimistic yet mysterious, blending high-tech sophistication with warm human emotion under a twilight sky filled with floating geometric shapes representing innovation."
Искусственный интеллект_19,images/Искусственный интеллект_19.png,"A futuristic cyberpunk cityscape at night, towering skyscrapers made of glowing data streams and holographic advertisements, a lone human figure with augmented reality glasses walking through the neon-lit streets, surrounded by flying autonomous drones delivering packages, soft blue and purple ambient lighting, cinematic composition, highly detailed, octane render, 8k resolution."
Искусственный интеллект_20,images/Искусственный интеллект_20.png,"A futuristic cybernetic cityscape at twilight, featuring towering skyscrapers with glowing neural network patterns on their facades and autonomous drones flying in synchronized formation above streets filled with holographic advertisements. The scene is illuminated by soft bioluminescent lights from floating data orbs and sleek metallic vehicles moving along smooth maglev tracks. In the foreground, a diverse group of people stands together holding hands, gazing up at the digital horizon where AI interfaces seamlessly blend into reality. The atmosphere is serene yet powerful, showcasing harmony between humanity and intelligent technology under a vast starry sky."
Искусственный интеллект_21,images/Искусственный интеллект_21.png,"futuristic cybernetic landscape with glowing neural networks floating in a digital void, abstract geometric shapes merging into organic forms, neon blue and purple lighting against dark background, high detail, cinematic composition, sense of infinite intelligence and technological advancement."
Искусственный интеллект_22,images/Искусственный интеллект_22.png,"futuristic AI laboratory with holographic interfaces and neural networks floating in the air, cyberpunk style, dramatic lighting, blue and purple color palette, intricate circuitry details, high resolution, cinematic composition --ar 16:9 --v 6.0"
Искусственный интеллект_23,images/Искусственный интеллект_23.png,"a futuristic cybernetic human standing in a vast digital space surrounded by floating neural networks and glowing code, wearing sleek robotic armor with holographic interfaces, holding a tablet displaying complex data streams, soft blue and purple lighting, cinematic composition, high detail, 8k resolution --ar 16:9 --v 6.0"
Искусственный интеллект_24,images/Искусственный интеллект_24.png,"futuristic AI robot with glowing blue eyes standing in a cyberpunk city at night, surrounded by floating neural networks and holographic data streams, dramatic lighting, octane render, highly detailed, 8k resolution --ar 16:9 --v 6.0 --q 2"
Искусственный интеллект_25,images/Искусственный интеллект_25.png,"A futuristic cyberpunk cityscape at night, glowing neon lights reflecting on wet pavement, towering skyscrapers with holographic advertisements, a lone astronaut floating in zero gravity space looking down at Earth from the moon surface, dramatic lighting with bioluminescent plants and flying drones, cinematic composition, hyper-realistic, 8k resolution, octane render --ar 16:9 --v 6.0"
Искусственный интеллект_26,images/Искусственный интеллект_26.png,"A futuristic cybernetic cityscape at sunset with towering skyscrapers made of flowing neural networks and holographic advertisements floating in the sky. A lone astronaut walks on a reflective glass bridge towards a massive AI server core that resembles an ancient temple. The scene is bathed in warm golden hour light contrasting with cool blue digital code patterns. Cinematic lighting, hyper-realistic details, 8k resolution, volumetric fog, intricate architecture, deep space atmosphere."
Искусственный интеллект_27,images/Искусственный интеллект_27.png,"A futuristic cybernetic landscape where human hands gently touch glowing neural networks floating in a starry void, digital code forming beautiful geometric patterns around ancient stone statues, soft golden light mixing with cool blue tones, highly detailed, cinematic composition, 8k resolution, hyper-realistic, masterpiece."
Искусственный интеллект_28,images/Искусственный интеллект_28.png,"A futuristic cybernetic human standing in a vast, glowing digital cityscape at night, surrounded by floating neural networks and holographic data streams, wearing sleek AR glasses with glowing blue circuits, cinematic lighting, hyper-realistic, 8k resolution, highly detailed, ray-traced reflections on wet pavement."
Искусственный интеллект_29,images/Искусственный интеллект_29.png,"A futuristic cybernetic cityscape at twilight featuring towering skyscrapers with glowing neural network circuits embedded in their facades, floating holographic data streams connecting buildings, a lone astronaut pilot flying a sleek drone through the sky holding a tablet displaying complex AI interfaces, vibrant neon colors contrasting against deep blue and purple gradients, cinematic lighting, hyper-realistic, 8k resolution, highly detailed architecture, sense of advanced technology and human innovation."
Искусственный интеллект_30,images/Искусственный интеллект_30.png,"A futuristic cybernetic cityscape at sunset, featuring towering skyscrapers with glowing blue neural networks connecting their structures, floating autonomous drones delivering packages through the air, and a central holographic interface displaying complex data streams in vibrant colors, surrounded by lush green parks where people interactively use AR glasses to visualize information, warm golden hour lighting contrasting with cool digital blues, cinematic composition, hyper-realistic style, octane render, 8k resolution."
Искусственный интеллект_31,images/Искусственный интеллект_31.png,"A futuristic cybernetic brain floating in a digital void, glowing with soft blue and gold light particles, intricate neural network connections visible beneath the skin, surrounded by floating holographic data cubes and geometric shapes, cinematic lighting, octane render, highly detailed, 8k resolution, hyperrealistic, depth of field, mysterious atmosphere, abstract technology concept."
Искусственный интеллект_32,images/Искусственный интеллект_32.png,"A futuristic cyberpunk cityscape at night where towering skyscrapers are made of flowing liquid code and neural networks, glowing with vibrant neon blues and purples. In the foreground, a wise elderly human doctor sits on a floating platform surrounded by holographic medical data streams, gently touching a large, translucent brain that pulses with soft bioluminescent light. The background features flying autonomous drones delivering packages to homes, all rendered in high detail with cinematic lighting and depth of field."
Искусственный интеллект_33,images/Искусственный интеллект_33.png,"A futuristic cyberpunk cityscape at sunset with holographic neural networks floating in the sky connecting skyscrapers, a central AI robot with glowing blue eyes standing on a bridge looking at a holographic data cube, neon lights reflecting off wet pavement, cinematic lighting, hyper-realistic, 8k resolution, depth of field, intricate details, vibrant colors."
Искусственный интеллект_34,images/Искусственный интеллект_34.png,"A futuristic cybernetic cityscape at sunset, featuring towering skyscrapers with glowing neural network patterns on their facades, floating autonomous drones carrying holographic data streams, and a vast open sky filled with soft nebula clouds. The scene is rendered in hyper-realistic 8k style with dramatic lighting, intricate details, and a blend of organic architecture and advanced technology."
Искусственный интеллект_35,images/Искусственный интеллект_35.png,"A futuristic cityscape at sunset where towering skyscrapers are made of flowing liquid light and code, with holographic data streams connecting buildings in the sky. A diverse group of people standing on a rooftop overlooking the glowing metropolis, holding hands and looking upward with hopeful expressions. The scene is bathed in warm golden hour lighting contrasting against cool blue digital elements. Cyberpunk aesthetic with neon accents blending seamlessly into natural architecture. High detail, 8k resolution, cinematic composition, photorealistic style."
Искусственный интеллект_36,images/Искусственный интеллект_36.png,"A futuristic cybernetic cityscape at sunset with holographic neural networks floating above skyscrapers, a central AI character made of glowing circuitry and light standing on a rooftop, surrounded by flying drones delivering data packets, warm golden hour lighting, cinematic composition, highly detailed, 8k resolution --ar 16:9 --v 6.0 --q 2"
Искусственный интеллект_37,images/Искусственный интеллект_37.png,"A futuristic cybernetic landscape where a glowing blue neural network flows like water through towering skyscrapers made of glass and light. The city is alive with holographic data streams connecting buildings in real-time. A central figure composed of pure digital code floats above the clouds, surrounded by floating geometric shapes representing artificial intelligence concepts. The scene is bathed in soft neon blues and purples against a dark starry background, creating an ethereal and visionary atmosphere that symbolizes the limitless potential of technology."
Искусственный интеллект_38,images/Искусственный интеллект_38.png,"A futuristic cybernetic human standing in a high-tech laboratory surrounded by glowing neural networks and holographic interfaces, with intricate circuitry flowing through the body, rendered in hyper-realistic digital art style with dramatic lighting effects."
Искусственный интеллект_40,images/Искусственный интеллект_40.png,"A futuristic cybernetic cityscape at sunset where towering skyscrapers blend seamlessly with organic greenery and floating holographic data streams, a lone AI robot with glowing blue circuits stands on a rooftop overlooking the metropolis, surrounded by flying drones delivering packages, warm golden hour lighting illuminating the scene, highly detailed, cinematic composition, 8k resolution, hyperrealistic style."
Искусственный интеллект_41,images/Искусственный интеллект_41.png,"A futuristic cybernetic landscape where a sleek humanoid robot with glowing blue neural networks walks through a city of floating holographic data cubes under a starry sky, surrounded by towering servers and connected fiber optic cables emitting soft light, cinematic lighting, hyperrealistic style, 8k resolution, highly detailed texture, depth of field, dramatic atmosphere."
Искусственный интеллект_42,images/Искусственный интеллект_42.png,"A futuristic cityscape at sunset where towering skyscrapers are made of flowing digital data streams and soft glowing neural networks. The sky is a gradient of deep purples and oranges with floating holographic particles representing artificial intelligence concepts. Modern people work on sleek smart devices while flying vehicles glide through the air. Cinematic lighting, highly detailed architecture, cyberpunk aesthetic, 8k resolution, photorealistic, volumetric lighting."
Искусственный интеллект_43,images/Искусственный интеллект_43.png,"futuristic cybernetic brain merging with digital neural network nodes in a vast starry space, glowing blue and purple light particles swirling around, high tech aesthetic, octane render, 8k resolution, cinematic lighting, hyperrealistic, depth of field, intricate details, sci-fi concept art."
Искусственный интеллект_44,images/Искусственный интеллект_44.png,"A futuristic cybernetic cityscape at sunset with towering skyscrapers made of glass and metal reflecting the golden sky, flying autonomous drones delivering packages through neon-lit streets, a diverse group of humans collaborating on holographic interfaces in modern office buildings, warm orange and blue lighting contrasting against dark clouds, cinematic wide angle shot, highly detailed, photorealistic, 8k resolution, ray tracing, depth of field."
Искусственный интеллект_45,images/Искусственный интеллект_45.png,"A futuristic cyberpunk cityscape at sunset where towering skyscrapers are made of glowing neural networks and holographic data streams float in the sky. The streets are filled with autonomous drones carrying medical scans and artistic sculptures. A wise elderly human figure stands on a floating platform observing the technology with an open hand, surrounded by soft golden light representing knowledge. Dramatic lighting from neon signs contrasting with warm ambient glow creates a mysterious yet hopeful atmosphere."
Искусственный интеллект_46,images/Искусственный интеллект_46.png,"A futuristic cyberpunk cityscape at night with towering skyscrapers made of glowing data streams and holographic advertisements floating in the sky. A sleek humanoid robot with smooth metallic skin walks through a crowd of people who are interacting with AR glasses displaying AI interfaces. The atmosphere is dynamic and illuminated by neon lights reflecting on wet pavement. Cinematic lighting, high detail, octane render, 8k resolution."
Искусственный интеллект_47,images/Искусственный интеллект_47.png,"A futuristic cybernetic cityscape at twilight featuring towering skyscrapers with glowing neural networks flowing through their glass facades, a vast open plaza where autonomous drones deliver packages and pedestrians walk alongside robots in sleek armor, warm golden sunlight filtering through holographic advertisements floating above the streets, cinematic wide angle shot, hyperrealistic style, intricate details, high contrast, 8k resolution --ar 16:9 --v 6.0"
Искусственный интеллект_48,images/Искусственный интеллект_48.png,"a futuristic cyberpunk cityscape at night where towering skyscrapers are made of glowing neural networks and holographic data streams floating in the sky, a lone human standing on a rooftop holding a transparent tablet displaying an AI brain interface, neon blue and purple lighting, cinematic depth of field, hyper-realistic, 8k resolution, detailed architecture, sci-fi atmosphere."
Искусственный интеллект_49,images/Искусственный интеллект_49.png,"A futuristic cybernetic human standing in a vast, open space filled with glowing data streams and holographic interfaces, surrounded by floating neural networks and digital particles, soft blue and purple lighting, cinematic depth of field, high detail, 8k resolution --ar 16:9 --v 6.0"
Искусственный интеллект_50,images/Искусственный интеллект_50.png,"a futuristic cityscape at night with towering skyscrapers made of glowing neural networks, a central holographic AI avatar floating in the sky holding a glowing brain, vibrant cyberpunk aesthetic, neon lights reflecting on wet pavement, intricate digital circuitry patterns everywhere, cinematic lighting, highly detailed, photorealistic, 8k resolution --ar 16:9 --v 6.0 --q 2"
Искусственный интеллект_51,images/Искусственный интеллект_51.png,"A futuristic cyberpunk cityscape at night, towering skyscrapers with glowing neon lights reflecting on wet pavement, a massive holographic AI brain floating in the sky above clouds, digital code flowing like water around the base of buildings, dramatic orange and purple lighting effects, cinematic composition, highly detailed 8k render."
Искусственный интеллект_52,images/Искусственный интеллект_52.png,"A futuristic cybernetic cityscape at sunset where towering skyscrapers are made of flowing digital code and holographic data streams. A diverse group of people in smart suits interact with floating AI interfaces, their hands projecting augmented reality into the air. The scene is bathed in warm golden light contrasting with cool blue neon accents, symbolizing human-machine harmony. High detail, cinematic composition, 8k resolution, photorealistic style, depth of field."
Искусственный интеллект_53,images/Искусственный интеллект_53.png,"A futuristic cybernetic human with glowing neural networks flowing through their brain, standing in a vast digital ocean surrounded by floating data cubes and holographic interfaces, soft blue and purple lighting, cinematic perspective, highly detailed, octane render --ar 16:9 --v 6.0"
Искусственный интеллект_54,images/Искусственный интеллект_54.png,"a futuristic cybernetic cityscape at sunset with holographic AI interfaces floating in the sky, neon blue and purple lighting, intricate circuitry patterns on glass buildings, a lone astronaut standing on a floating platform looking at glowing neural network data streams, cinematic wide angle shot, high detail, 8k resolution, digital art style, volumetric lighting."
Искусственный интеллект_55,images/Искусственный интеллект_55.png,"A futuristic cybernetic cityscape at sunset where towering skyscrapers are made of glowing neural networks and holographic data streams float in the sky. A lone human silhouette stands on a rooftop observing this advanced technology with wonder. The scene is bathed in warm golden hour light contrasting with cool blue digital elements. High detail, cinematic composition, octane render, 8k resolution."
Искусственный интеллект_56,images/Искусственный интеллект_56.png,"A futuristic cybernetic cityscape at twilight, towering skyscrapers with glowing neural networks on their facades, flying vehicles shaped like butterflies, soft bioluminescent clouds, cinematic lighting, hyper-realistic, octane render, 8k, highly detailed, sci-fi atmosphere."
Искусственный интеллект_57,images/Искусственный интеллект_57.png,"A futuristic AI landscape where a glowing neural network flows through a cyberpunk cityscape at night, with holographic data streams connecting skyscrapers and flying vehicles, rendered in high detail with neon lights and deep blue tones."
Искусственный интеллект_58,images/Искусственный интеллект_58.png,"A futuristic cybernetic landscape where a towering humanoid figure stands amidst floating neural networks and glowing data streams, blending organic skin with metallic circuits under a starry night sky."
Искусственный интеллект_59,images/Искусственный интеллект_59.png,"A futuristic cyberpunk cityscape at night, glowing neon lights reflecting on wet pavement, towering skyscrapers with holographic advertisements, a lone robot with metallic skin walking through the rain, dramatic cinematic lighting, 8k resolution, highly detailed, atmospheric, urban technology theme."
Квантовые вычисления_0,images/Квантовые вычисления_0.png,"A futuristic quantum computer server room with glowing blue and purple particles floating in the air, representing superposition states. The background features a complex network of interconnected nodes and circuits, symbolizing entanglement. Soft neon lights illuminate the space, creating an ethereal atmosphere. High-tech architecture with holographic displays showing abstract mathematical equations."
Квантовые вычисления_1,images/Квантовые вычисления_1.png,A futuristic quantum computer lab with glowing blue and purple particles swirling in a circular chamber representing qubits entangled together. A sleek human scientist in advanced white suit stands observing the holographic data streams floating above. The background features abstract geometric patterns of interconnected nodes and waves symbolizing superposition. Dramatic lighting highlights the intricate circuitry and quantum processors with neon accents.
Квантовые вычисления_2,images/Квантовые вычисления_2.png,"futuristic quantum computing lab with glowing blue and purple photons floating in mid-air, a sleek quantum processor chip emitting soft energy waves, holographic data streams swirling around particles, abstract geometric shapes representing superposition states, high-tech laboratory setting with glass walls, cinematic lighting, hyper-realistic, 8k resolution --ar 16:9 --v 6.0"
Квантовые вычисления_3,images/Квантовые вычисления_3.png,"A futuristic quantum computer server room illuminated by soft blue and purple neon lights, featuring glowing qubits floating in a digital void, abstract geometric shapes representing superposition states, intricate circuitry resembling DNA strands, holographic projections of entangled particles swirling around the central processor, high-tech atmosphere with glass walls reflecting light, cinematic lighting, hyper-realistic, 8k resolution --ar 16:9 --v 6.0 --q 2"
Квантовые вычисления_5,images/Квантовые вычисления_5.png,"A futuristic quantum computing laboratory with floating qubits and entangled particles glowing in vibrant colors, holographic data streams connecting nodes of a massive quantum processor, abstract geometric shapes representing superposition states swirling around the center, high-tech blue and purple lighting, intricate circuitry in the background, cinematic perspective, detailed render, ray tracing, 8k resolution."
Квантовые вычисления_6,images/Квантовые вычисления_6.png,"A futuristic quantum computing lab with glowing blue particles floating in a vacuum chamber, holographic data streams swirling around intricate quantum circuits, a scientist observing through a glass panel, high-tech atmosphere, cinematic lighting, detailed render, hyper-realistic, 8k resolution."
Квантовые вычисления_7,images/Квантовые вычисления_7.png,"a futuristic quantum computer architecture in a sleek laboratory setting with glowing blue and purple particles floating around, intricate circuit boards made of glass, holographic displays showing abstract mathematical formulas, high-tech atmosphere, soft lighting, cinematic composition, photorealistic, 8k resolution --ar 16:9 --v 6.0"
Квантовые вычисления_8,images/Квантовые вычисления_8.png,"A futuristic quantum computing lab with holographic cubes floating in the air, representing qubits, surrounded by swirling particles of light and energy, a glowing interface displaying complex mathematical formulas and neural networks, dramatic lighting with neon blue and purple hues, high-tech atmosphere, cinematic composition, 8k resolution."
Квантовые вычисления_9,images/Квантовые вычисления_9.png,"A futuristic quantum computing laboratory featuring floating qubits represented as glowing spheres of interconnected colors, surrounded by swirling particles and digital waveforms in a dark background with neon blue and purple accents."
Квантовые вычисления_10,images/Квантовые вычисления_10.png,"A futuristic quantum computing lab featuring floating qubits represented as glowing spheres with swirling patterns, surrounded by holographic data streams and circuitry connecting various processors in a sleek glass environment. The scene is bathed in cool blue and purple neon lights, creating a high-tech atmosphere with particles flying through the air like energy waves. Modern architecture elements blend seamlessly with advanced technology, emphasizing innovation and scientific discovery."
Квантовые вычисления_11,images/Квантовые вычисления_11.png,"futuristic quantum computer architecture with glowing blue and purple cubes floating in a dark space, intricate circuitry connecting particles, holographic data streams flowing through the system, advanced cooling vents emitting cold light, sleek metallic surfaces reflecting neon colors, high-tech laboratory background with glass panels and lasers, cinematic lighting, hyper-realistic, 8k resolution, detailed microscopic view of qubits interacting."
Квантовые вычисления_12,images/Квантовые вычисления_12.png,"A futuristic quantum computing lab featuring a sleek holographic processor floating in the center of a glass dome, surrounded by swirling particles representing superposition and entanglement, with glowing blue and purple energy lines connecting various components, modern minimalist architecture, high-tech atmosphere, cinematic lighting, detailed render, 8k resolution."
Квантовые вычисления_13,images/Квантовые вычисления_13.png,"A futuristic quantum computer circuit board glowing with vibrant neon blue and purple lights, featuring floating qubits represented as interconnected spheres in superposition states, surrounded by swirling particle waves representing entanglement and interference patterns, high-tech holographic interface displaying complex mathematical equations and quantum algorithms, sleek dark background, cinematic lighting, hyper-realistic, detailed textures, 8k resolution, professional tech illustration."
Квантовые вычисления_14,images/Квантовые вычисления_14.png,"A futuristic quantum computer chip glowing with vibrant blue and purple light particles floating in a dark laboratory setting, surrounded by holographic data streams and swirling quantum fields, high-tech atmosphere, cinematic lighting, detailed render, 8k resolution --ar 16:9 --v 6.0 --q 2"
Квантовые вычисления_15,images/Квантовые вычисления_15.png,"a futuristic quantum computer processing data with glowing particles in superposition states, abstract digital circuitry floating in a dark space filled with shimmering light waves and geometric shapes representing qubits, high-tech aesthetic, cyberpunk style, intricate details, neon colors, 8k resolution, photorealistic render."
Квантовые вычисления_16,images/Квантовые вычисления_16.png,"A futuristic quantum computing lab with floating qubits and entangled particles glowing in vibrant colors, surrounded by holographic data streams, cybernetic scientists working on advanced quantum processors, high-tech atmosphere, blue and purple neon lights, intricate circuitry, ray tracing, 8k resolution, cinematic lighting, highly detailed, sci-fi concept art."
Квантовые вычисления_17,images/Квантовые вычисления_17.png,"futuristic quantum computer lab with glowing blue and purple particles floating in a void, holographic interface displaying complex mathematical equations and quantum circuits, abstract representation of superposition and entanglement, high-tech sci-fi aesthetic, volumetric lighting, cinematic composition, detailed texture, 8k resolution --ar 16:9 --v 6.0 --q 2"
Квантовые вычисления_18,images/Квантовые вычисления_18.png,"a futuristic quantum computer laboratory featuring glowing blue and purple particles floating in a dark void, surrounded by intricate circuitry and holographic displays showing complex data streams, with a large screen displaying mathematical formulas and quantum entanglement visuals, cinematic lighting, high detail, 8k resolution."
Квантовые вычисления_19,images/Квантовые вычисления_19.png,"a futuristic quantum computing lab with glowing blue and purple holographic cubes floating in a dark room, surrounded by intricate circuitry and quantum particles swirling around, high-tech atmosphere, cinematic lighting, hyper-realistic, 8k resolution --ar 16:9 --v 6.0"
Квантовые вычисления_20,images/Квантовые вычисления_20.png,"A futuristic quantum computer core composed of glowing blue and purple spheres representing qubits, floating in a dark void with swirling particle effects symbolizing superposition and entanglement. The design is sleek and modern with holographic displays showing binary data transforming into complex mathematical equations. Cinematic lighting creates an ethereal atmosphere highlighting the intricate connections between particles. High detail, 8k resolution, hyper-realistic render."
Квантовые вычисления_21,images/Квантовые вычисления_21.png,"A futuristic quantum computer chip glowing with vibrant blue and purple light particles floating in a dark void, surrounded by swirling vortexes of entangled photons, intricate circuitry connecting qubits, holographic data streams flowing through the air, high-tech sci-fi aesthetic, ray tracing, 8k resolution, cinematic lighting, depth of field."
Квантовые вычисления_22,images/Квантовые вычисления_22.png,"A futuristic quantum computing lab featuring glowing blue and purple particles floating in a void, surrounded by holographic displays showing complex data structures. The scene includes abstract geometric shapes representing qubits entangled together, with soft light beams connecting the elements. The atmosphere is high-tech and mysterious, filled with cool tones of cyan and violet against a dark background."
Квантовые вычисления_23,images/Квантовые вычисления_23.png,"A futuristic quantum computer visualization showing interconnected glowing spheres representing qubits in a superposition state, with swirling vortex patterns and entangled particles floating in a dark laboratory setting. The scene features holographic displays displaying complex mathematical equations and quantum circuits, surrounded by sleek metallic structures emitting soft blue and purple light. Floating particles exhibit vibrant colors indicating probability waves, while the background shows abstract geometric shapes representing quantum logic gates. High-tech atmosphere with advanced technology elements, intricate circuitry designs, and a sense of cutting-edge innovation."
Квантовые вычисления_25,images/Квантовые вычисления_25.png,"A futuristic quantum computing lab featuring glowing blue and purple holographic circuits floating in a dark void, surrounded by swirling particles representing qubits. The scene includes abstract geometric shapes and quantum entanglement visualizations connecting different nodes with light beams. Dramatic lighting effects create a high-tech atmosphere, emphasizing the advanced technology and revolutionary nature of quantum processing systems."
Квантовые вычисления_26,images/Квантовые вычисления_26.png,"A futuristic quantum computer lab with glowing blue particles floating in the air, intricate circuit boards made of silver and black metal, holographic displays showing complex mathematical equations, soft ambient lighting, high-tech atmosphere, cinematic composition, 8k resolution, hyperrealistic, detailed textures."
Квантовые вычисления_27,images/Квантовые вычисления_27.png,"A futuristic quantum computing lab with glowing blue and purple holographic data streams floating in the air around a sleek glass server rack. The room is filled with swirling particles representing qubits and entangled states, creating an ethereal nebula effect. In the center, a massive quantum processor emits soft beams of light connecting various nodes, symbolizing parallel processing power. Surrounding elements include abstract geometric shapes made of digital energy, floating molecules, and a mysterious quantum circuit board emitting a faint glow. The lighting is dramatic with neon hues against dark backgrounds, emphasizing high-tech precision and advanced science."
Квантовые вычисления_28,images/Квантовые вычисления_28.png,"futuristic quantum computer circuit board glowing with blue and purple light particles floating in zero gravity space background, abstract digital waveforms swirling around processor cores, high tech sci-fi atmosphere, cinematic lighting, octane render, 8k resolution --ar 16:9 --v 6.0"
Квантовые вычисления_29,images/Квантовые вычисления_29.png,"A futuristic quantum computing lab filled with swirling blue and purple energy particles representing qubits, surrounded by holographic circuit boards displaying complex mathematical equations in glowing text. The scene features floating glass panels showing entangled quantum states connecting different nodes of a massive interconnected network. Dramatic lighting from behind creates a mystical atmosphere with neon reflections on metallic surfaces, emphasizing the advanced technology and scientific discovery."
Квантовые вычисления_30,images/Квантовые вычисления_30.png,"A futuristic quantum computer lab with glowing blue and purple particles floating in mid-air, representing qubits and superposition. The scene features holographic data streams connecting complex geometric shapes like tetrahedrons and hypercubes, symbolizing entanglement and parallel processing. Dramatic lighting from neon sources illuminates the space, creating a high-tech atmosphere with deep shadows and vibrant colors. Cinematic composition, macro photography style, intricate details of quantum circuits, advanced science visualization."
Квантовые вычисления_31,images/Квантовые вычисления_31.png,"A futuristic quantum computer chip floating in a dark laboratory with glowing blue and purple particles swirling around it, representing superposition states. The background features abstract geometric shapes and holographic data streams. Cinematic lighting, high contrast, hyper-realistic texture, 8k resolution, detailed microscopic view of quantum circuits."
Квантовые вычисления_32,images/Квантовые вычисления_32.png,"A futuristic quantum computer core with glowing blue and purple particles representing qubits floating in a void, surrounded by swirling patterns of entangled light, intricate circuitry forming geometric shapes, holographic projections displaying mathematical formulas and quantum states, dramatic lighting effects with neon colors against a dark background, highly detailed, sci-fi aesthetic, 8k resolution, cinematic composition."
Квантовые вычисления_33,images/Квантовые вычисления_33.png,"A futuristic quantum computing laboratory with a glowing holographic display showing complex quantum circuits and particles in superposition states floating above a sleek black desk. The room is filled with blue and purple neon lights reflecting off polished surfaces, creating an ethereal atmosphere. In the center, three distinct quantum bits (qubits) emit soft pulses of light, representing their entangled nature. Surrounding them are advanced servers humming quietly, connected by shimmering data streams. The background features abstract geometric shapes made of light, symbolizing probability waves. High-tech glass walls reveal a serene control panel with digital readouts displaying precise calculations. The overall scene conveys innovation, precision, and the cutting edge of technology."
Квантовые вычисления_34,images/Квантовые вычисления_34.png,"A futuristic quantum computer lab featuring glowing blue and purple particles floating in a vacuum chamber, intricate circuitry with neon lights, holographic displays showing complex mathematical formulas, abstract geometric shapes representing qubits, high-tech atmosphere, cinematic lighting, 8k resolution, hyperrealistic --ar 16:9 --v 5.2 --q 2"
Квантовые вычисления_35,images/Квантовые вычисления_35.png,"A futuristic quantum computer with glowing blue and purple particles floating in a dark laboratory, surrounded by swirling energy waves and holographic data streams, intricate circuitry connecting quantum processors, high-tech atmosphere, cinematic lighting, hyper-realistic, 8k resolution."
Квантовые вычисления_36,images/Квантовые вычисления_36.png,"futuristic quantum computer chip glowing with vibrant neon colors in a dark laboratory setting, holographic data streams flowing through complex geometric structures, particles orbiting like planets around central point, intricate circuitry patterns swirling in space, high-tech blue and purple lighting, cinematic depth of field, hyperrealistic, 8k resolution, quantum physics visualization style --ar 16:9 --v 5.2 --q 2"
Квантовые вычисления_37,images/Квантовые вычисления_37.png,"A futuristic quantum computing lab with glowing blue and purple particles floating in the air, representing qubits and superposition states. High-tech holographic displays show complex mathematical equations and circuit diagrams in the background. The scene is filled with soft light effects, emphasizing the advanced technology and scientific innovation of modern quantum computing."
Квантовые вычисления_38,images/Квантовые вычисления_38.png,"A futuristic quantum computer chip glowing with vibrant neon blue and purple light, surrounded by swirling particles representing qubits in superposition states, holographic data streams flowing through the circuit board, abstract geometric shapes floating in space to symbolize quantum entanglement, high-tech laboratory background with glass panels and advanced technology, cinematic lighting, hyper-realistic, detailed 8k resolution."
Квантовые вычисления_39,images/Квантовые вычисления_39.png,"A futuristic quantum computing laboratory featuring glowing blue and purple qubits floating in a dark void, surrounded by intricate circuitry and holographic data streams. The scene captures the essence of superposition with vibrant particles representing binary states transitioning between 0 and 1 simultaneously. Cinematic lighting highlights the technological marvel, emphasizing speed and precision in this cutting-edge field of science."
Квантовые вычисления_40,images/Квантовые вычисления_40.png,"a futuristic quantum computing lab with floating qubits and entangled particles glowing in vibrant colors, a holographic interface displaying complex mathematical algorithms, sleek dark technology background, cinematic lighting, high detail, photorealistic style --ar 16:9 --v 5.2 --q 2"
Квантовые вычисления_41,images/Квантовые вычисления_41.png,"futuristic quantum computer chip glowing with vibrant colors, abstract particles floating in a digital void, intricate circuitry intertwined with flowing energy waves, holographic projections of qubits and superposition concepts, deep space background with nebulae, high contrast, cinematic lighting, 8k resolution, hyperrealistic style --ar 16:9 --v 6.0 --q 2"
Квантовые вычисления_42,images/Квантовые вычисления_42.png,"A futuristic quantum computer lab with glowing blue cubes floating in mid-air representing qubits, surrounded by swirling particles of different colors symbolizing superposition and entanglement. The background features a large holographic display showing complex mathematical equations and circuit diagrams. Dramatic lighting effects highlight the intricate connections between the quantum components, creating an atmosphere of advanced technology and scientific discovery."
Квантовые вычисления_43,images/Квантовые вычисления_43.png,"A stunning visualization of a quantum computer processing data with glowing particles representing qubits in superposition states, surrounded by swirling waves and abstract geometric shapes, futuristic cyberpunk aesthetic, high contrast, intricate details, 8k resolution, cinematic lighting, depth of field."
Квантовые вычисления_44,images/Квантовые вычисления_44.png,A futuristic quantum computing lab with holographic displays showing entangled particles and spinning qubits floating in a dark room illuminated by blue neon lights.
Квантовые вычисления_45,images/Квантовые вычисления_45.png,"A futuristic quantum computer architecture with glowing blue and purple particles floating in a void, surrounded by swirling geometric patterns representing superposition states. The scene features interconnected nodes emitting light beams, symbolizing parallel processing capabilities. Cyberpunk aesthetic with neon lights against a dark background, high detail, cinematic lighting, 8k resolution."
Квантовые вычисления_46,images/Квантовые вычисления_46.png,"futuristic quantum computer circuit board with glowing blue photons and qubits floating in a dark void, intricate quantum entanglement visualized as connecting lines between particles, holographic interface displaying mathematical formulas and probability waves, high-tech semiconductor chip architecture, neon lights reflecting on metallic surfaces, cinematic lighting, hyper-realistic, 8k resolution, depth of field, abstract representation of quantum computing technology."
Квантовые вычисления_47,images/Квантовые вычисления_47.png,"A futuristic quantum computing laboratory with swirling blue and purple energy particles forming geometric shapes in the air. A holographic display shows complex mathematical equations and circuit diagrams floating above a sleek glass console. Surrounding elements include glowing quantum bits represented as small spheres and intricate quantum circuits depicted as shimmering light paths. The scene is bathed in cool neon blues and purples against a dark background, symbolizing advanced technology and innovation."
Квантовые вычисления_48,images/Квантовые вычисления_48.png,"A futuristic quantum computer laboratory with glowing blue and purple holographic cubes floating in a dark room, surrounded by swirling particles representing qubits, with intricate circuitry connecting the devices, cinematic lighting, highly detailed, 8k resolution, hyper-realistic --ar 16:9 --v 6.0 --q 2"
Квантовые вычисления_49,images/Квантовые вычисления_49.png,"A futuristic quantum computer lab with swirling particles and glowing qubits in the air, surrounded by holographic data streams and floating quantum circuits. The scene is filled with vibrant colors like neon blue and purple, featuring intricate geometric patterns representing superposition states. Dramatic lighting creates a mysterious atmosphere with beams of light illuminating the workspace. High-tech background with abstract representations of quantum mechanics, digital networks connecting various nodes."
Квантовые вычисления_50,images/Квантовые вычисления_50.png,"A futuristic quantum computer with glowing blue and purple particles floating in a dark void, surrounded by swirling energy waves representing superposition and entanglement, intricate circuitry patterns, holographic displays showing mathematical equations, abstract geometric shapes, high-tech atmosphere, cinematic lighting, 8k resolution, hyperrealistic, detailed."
Квантовые вычисления_51,images/Квантовые вычисления_51.png,"A futuristic quantum computing lab with glowing blue cubes floating in a dark room, surrounded by swirling particles representing qubits and superposition states. The scene features holographic displays showing mathematical algorithms and quantum circuits connecting different nodes. Dramatic lighting highlights the intricate connections between the digital elements, creating an atmosphere of high-tech innovation and scientific discovery."
Квантовые вычисления_52,images/Квантовые вычисления_52.png,"futuristic quantum computer chip glowing with blue and purple light waves, abstract digital circuitry floating in a dark void, holographic data streams flowing through particles, sci-fi cyberpunk aesthetic, high contrast, dramatic lighting, intricate quantum mechanical patterns, glowing nodes, mysterious atmosphere, 8k resolution, cinematic composition."
Квантовые вычисления_53,images/Квантовые вычисления_53.png,"A futuristic laboratory scene featuring a sleek quantum computer with glowing blue and purple circuit boards floating in mid-air above a dark, starry void. Surrounding the device are particles like photons and electrons swirling around it in vibrant colors representing superposition states. The background is filled with abstract geometric shapes and holographic data streams connecting to the main unit, creating an atmosphere of advanced technology and scientific discovery."
Квантовые вычисления_54,images/Квантовые вычисления_54.png,A futuristic quantum computing lab with floating qubits glowing in vibrant neon colors against a dark background. Abstract geometric shapes representing entangled particles swirl around central processing units made of glass and circuitry. Cinematic lighting effects highlight the intricate connections between digital streams and physical components. High-tech atmosphere with holographic displays showing mathematical formulas and wave patterns.
Квантовые вычисления_55,images/Квантовые вычисления_55.png,"A futuristic quantum computer server room with glowing blue and purple particles floating in the air, intricate circuitry connecting holographic screens displaying complex mathematical formulas, a central processor emitting a soft radiant light, abstract geometric shapes representing qubits swirling around the device, high-tech atmosphere with clean lines, deep space background, cinematic lighting, hyper-realistic, 8k resolution."
Квантовые вычисления_56,images/Квантовые вычисления_56.png,"futuristic quantum computing lab with glowing blue qubits floating in a dark space, abstract geometric shapes representing superposition and entanglement, holographic displays showing complex mathematical formulas, high-tech atmosphere, cinematic lighting, 8k resolution, hyperrealistic, intricate details."
Квантовые вычисления_57,images/Квантовые вычисления_57.png,"futuristic quantum computing lab with glowing blue particles floating in a glass chamber, holographic circuit diagrams projected onto walls, abstract geometric shapes representing qubits and superposition, deep space background with stars, cinematic lighting, high detail, 8k resolution, realistic style."
Квантовые вычисления_58,images/Квантовые вычисления_58.png,"A futuristic quantum computer processing complex data streams with glowing particles representing qubits in superposition states, surrounded by swirling patterns of entangled energy and holographic interfaces displaying mathematical algorithms and quantum circuits, high-tech cyberpunk aesthetic with neon blue and purple lighting effects, intricate circuitry, advanced technology, digital transformation, quantum computing future concept, detailed render, 8k resolution."
Квантовые вычисления_59,images/Квантовые вычисления_59.png,"A futuristic quantum computer processor with glowing blue and purple particles floating in a dark void, surrounded by swirling holographic data streams representing qubits and superposition states. The scene features intricate circuitry made of shimmering light, with entangled particles connecting across space-time to form complex mathematical equations visible as radiant geometric patterns. Cinematic lighting highlights the ethereal nature of the technology against a deep black background."
Биотехнологии_0,images/Биотехнологии_0.png,"A futuristic laboratory scene featuring advanced biotechnology research with glowing green genetic sequences floating in the air, surrounded by robotic scientists examining DNA samples under holographic displays. The background shows a vast biofactory filled with healthy plants and clean water systems, connected to sleek autonomous drones delivering medical supplies. Warm golden sunlight filters through large glass windows illuminating the sterile white environment, creating a harmonious blend of nature and technology. High-tech blue and gold lighting highlights intricate molecular structures and digital interfaces on walls. The overall atmosphere conveys innovation, hope, and scientific progress in modern medicine and agriculture."
Биотехнологии_1,images/Биотехнологии_1.png,"A futuristic laboratory scene featuring a scientist working with advanced biotechnology equipment, surrounded by glowing DNA strands and microscopic cells, set against a backdrop of green energy plants and clean water, symbolizing sustainable innovation and medical breakthroughs."
Биотехнологии_2,images/Биотехнологии_2.png,"A futuristic laboratory interior featuring advanced biotechnology research in progress. The room is filled with glowing green microscopes and holographic displays showing DNA strands connecting to robotic arms manipulating cells. Large glass tanks contain vibrant cultures of genetically modified organisms emitting soft blue light. In the background, scientists work at sophisticated computers surrounded by floating data streams. The overall atmosphere is high-tech, clean, and scientifically precise with a color palette dominated by neon greens, deep blues, and metallic silvers."
Биотехнологии_3,images/Биотехнологии_3.png,"A futuristic laboratory interior with advanced biotechnology equipment glowing softly in the background, scientists working on screens surrounded by green plants and microorganisms floating gently around them, soft natural light streaming through large windows illuminating holographic data displays showing molecular structures, high-tech atmosphere, clean sterile environment, detailed close-up of a robotic arm manipulating DNA strands, vibrant colors, cinematic lighting, 8k resolution."
Биотехнологии_4,images/Биотехнологии_4.png,A futuristic laboratory scene featuring a scientist working with advanced biotechnology equipment in a clean white room filled with holographic data displays and glowing genetic molecules. The central figure is surrounded by floating DNA strands and protein structures rendered in vibrant neon colors against a dark background.
Биотехнологии_5,images/Биотехнологии_5.png,"futuristic laboratory with advanced biotechnology equipment, glowing green cells floating in glass containers, holographic DNA strands swirling around robotic arms, clean white sterile background, soft blue lighting, cinematic composition, high detail, photorealistic, 8k resolution."
Биотехнологии_6,images/Биотехнологии_6.png,A futuristic laboratory scene featuring advanced biotechnology research in a clean white environment with holographic data displays and robotic arms working on DNA strands. The image captures the essence of modern science with soft blue lighting and intricate molecular structures floating in mid-air.
Биотехнологии_7,images/Биотехнологии_7.png,"a futuristic laboratory scene featuring glowing green microorganisms floating in a glass chamber, surrounded by holographic DNA strands and robotic arms manipulating genetic sequences, with vibrant bioluminescent plants growing on metal surfaces, digital data streams flowing through the air, clean sterile environment, high-tech medical research facility, intricate details of cellular structures, cinematic lighting, 8k resolution."
Биотехнологии_8,images/Биотехнологии_8.png,"futuristic laboratory interior with biotech research, glowing green microorganisms floating in glass tubes, holographic DNA strands connecting cells, robotic arms manipulating genetic material, clean white sterile environment, soft blue and neon green lighting, high-tech medical equipment in background, detailed scientific illustration style, 8k resolution, professional photography."
Биотехнологии_9,images/Биотехнологии_9.png,"a futuristic laboratory scene with glowing green genetic code floating in the air, surrounded by robotic scientists examining advanced microscopes filled with DNA strands and biotechnology equipment. The background features holographic displays showing molecular structures and sustainable energy systems. Soft blue and purple lighting creates a high-tech atmosphere, emphasizing innovation and scientific progress."
Биотехнологии_10,images/Биотехнологии_10.png,"futuristic laboratory interior with glowing biotech equipment and DNA strands floating in the air, digital holographic displays showing molecular structures, clean modern workspace with green plants and healthy crops, high-tech medical devices, soft natural lighting, photorealistic, 8k resolution, intricate details of genetic engineering processes."
Биотехнологии_11,images/Биотехнологии_11.png,"A futuristic laboratory scene with glowing green microorganisms floating in a holographic containment field, surrounded by advanced robotic arms manipulating DNA strands and bioreactor tanks filled with swirling blue liquid. The background features a digital map of the Earth connected to neural networks, all under soft bioluminescent lighting that casts an ethereal glow on metallic surfaces and glass panels."
Биотехнологии_12,images/Биотехнологии_12.png,"a futuristic laboratory scene with glowing green biotech cells floating in a glass sphere, surrounded by holographic data streams and robotic arms manipulating DNA strands, soft blue ambient lighting, high-tech sterile environment, intricate molecular structures visible through the glass wall, cinematic depth of field, photorealistic, 8k resolution --ar 16:9 --v 5.2"
Биотехнологии_13,images/Биотехнологии_13.png,"futuristic laboratory scene with glowing green biotech cells floating in a clean white room, holographic DNA strands weaving through the air, advanced robotic arms assembling medical devices, soft blue and neon green lighting, high-tech atmosphere, detailed texture, cinematic composition, depth of field --ar 16:9 --v 6.0 --q 2"
Биотехнологии_14,images/Биотехнологии_14.png,"A futuristic laboratory scene featuring a scientist in a white lab coat working with advanced biotechnology equipment under soft blue lighting. The background includes glowing DNA helix structures and robotic arms manipulating microorganisms. The atmosphere is clean, modern, and high-tech, emphasizing innovation and scientific discovery."
Биотехнологии_15,images/Биотехнологии_15.png,"A futuristic laboratory scene featuring a scientist working with advanced biotechnology equipment in a clean white environment, surrounded by glowing green microbe cultures and DNA strands floating in the air. The background shows holographic displays showing molecular structures and data streams, with soft blue ambient lighting illuminating the workspace. The overall style is high-tech science fiction with sharp details and vibrant colors."
Биотехнологии_16,images/Биотехнологии_16.png,"A futuristic laboratory scene with biotechnology research, featuring glowing microorganisms in petri dishes and advanced DNA sequencing machines. The background shows a clean white lab environment with holographic displays showing molecular structures. Soft blue and green lighting illuminates the workspace, creating a high-tech atmosphere. Professional photography style, macro details of genetic engineering equipment."
Биотехнологии_17,images/Биотехнологии_17.png,"futuristic laboratory interior with glowing green biotech machinery and holographic data displays, a scientist working on advanced genetic engineering equipment in the center, surrounded by floating DNA strands and microorganisms, high-tech clean environment, soft blue and neon green lighting, cinematic depth of field, 8k resolution, hyperrealistic style --ar 16:9 --v 6.0"
Биотехнологии_18,images/Биотехнологии_18.png,"A futuristic laboratory scene featuring advanced biotechnology research in a clean white environment. Central focus is on glowing green microorganisms and cells floating near robotic arms manipulating DNA strands with precision. Background includes holographic screens displaying molecular structures and data streams. Soft blue lighting illuminates the workspace creating a high-tech atmosphere. High detail, realistic texture, 8k resolution, scientific illustration style."
Биотехнологии_19,images/Биотехнологии_19.png,"a futuristic laboratory scene with glowing green microorganisms floating in a glass sphere, surrounded by robotic arms manipulating DNA strands and biotech equipment emitting soft blue light, high-tech clean background, intricate details of molecular structures, cinematic lighting, 8k resolution, hyperrealistic style."
Биотехнологии_20,images/Биотехнологии_20.png,"futuristic laboratory scene with glowing green microorganisms floating in a glass chamber, surrounded by robotic arms manipulating DNA strands, soft blue and teal lighting, clean modern architecture, high detail, 8k resolution."
Биотехнологии_21,images/Биотехнологии_21.png,"futuristic laboratory scene with glowing green biotech cells floating in a holographic bubble, surrounded by intricate DNA strands and robotic arms assembling medical devices, soft blue ambient lighting, high-tech sterile environment, detailed close-up of genetic engineering process, cybernetic fusion between nature and technology."
Биотехнологии_22,images/Биотехнологии_22.png,"futuristic laboratory scene with biotechnology research, glowing DNA strands floating in air, robotic cells assembling pharmaceutical molecules, holographic data displays showing molecular structures, clean white and blue color palette, high-tech medical equipment, soft studio lighting, cinematic composition, depth of field."
Биотехнологии_23,images/Биотехнологии_23.png,"A futuristic laboratory scene featuring glowing green biotechnology equipment, DNA strands floating in the air, scientists working with advanced microscopes, holographic displays showing genetic sequences, clean modern office environment with glass walls, soft natural lighting filtering through large windows, high-tech atmosphere, detailed textures of circuit boards and biological samples, cinematic composition, 8k resolution, hyper-realistic style."
Биотехнологии_24,images/Биотехнологии_24.png,"A futuristic laboratory scene featuring glowing green microorganisms floating in a glass beaker, surrounded by holographic DNA strands and robotic arms assembling medical devices. The background is filled with bioluminescent plants and advanced nanotechnology machinery emitting soft blue light. High-tech sterile environment with clean white surfaces and transparent walls."
Биотехнологии_25,images/Биотехнологии_25.png,"futuristic laboratory interior with glowing green biotechnology equipment, holographic DNA strands floating in the air, robotic scientists examining advanced cell cultures under magnification, clean white and blue sterile environment, soft diffused lighting, cinematic depth of field, high detail, 8k resolution --ar 16:9 --v 6.0 --style raw"
Биотехнологии_26,images/Биотехнологии_26.png,"futuristic laboratory interior with biotechnology research, glowing DNA strands floating in blue liquid, holographic medical devices, green plants growing from robotic roots, scientists working on advanced genetic engineering machines, clean white background, soft studio lighting, high detail, photorealistic, depth of field."
Биотехнологии_27,images/Биотехнологии_27.png,"A futuristic laboratory scene with glowing biotech equipment and DNA strands floating in the air. A scientist wearing a white lab coat is examining a holographic screen displaying molecular structures. The background features green plants and advanced machinery under soft blue lighting. High-tech atmosphere, detailed textures, cinematic composition."
Биотехнологии_28,images/Биотехнологии_28.png,"futuristic laboratory interior with glowing green biotech cells floating in a glass sphere, surrounded by holographic data streams and robotic arms manipulating DNA strands, soft golden light filtering through large windows showing lush organic plants growing from bio-engineered soil, high-tech medical equipment in the background, clean modern aesthetic, intricate details, cinematic lighting, hyper-realistic, 8k resolution --ar 16:9 --v 6.0 --style raw"
Биотехнологии_29,images/Биотехнологии_29.png,"A futuristic laboratory interior featuring glowing biotechnology equipment with holographic displays showing DNA strands and molecular structures. The scene includes scientists in white coats working at advanced microscopes and robotic arms manipulating cells. Vibrant colors of blue, green, and purple lighting illuminate the sterile environment, creating a sense of innovation and scientific discovery."
Биотехнологии_30,images/Биотехнологии_30.png,"futuristic laboratory scene with glowing green microorganisms and DNA strands floating in a clean white environment, surrounded by robotic arms manipulating biological samples, soft blue lighting, high tech atmosphere, detailed texture of glassware and circuits."
Биотехнологии_31,images/Биотехнологии_31.png,"A futuristic laboratory scene featuring glowing microorganisms and cells in a clean white environment, surrounded by robotic arms manipulating DNA strands. The background shows holographic data displays with complex biological charts, bathed in soft blue and green lighting. High-tech atmosphere with precision engineering details."
Биотехнологии_32,images/Биотехнологии_32.png,A futuristic laboratory scene featuring a bioengineer working with advanced genetic editing tools and glowing microorganisms in a high-tech environment.
Биотехнологии_33,images/Биотехнологии_33.png,"A futuristic laboratory scene featuring a biotechnology researcher in protective gear examining advanced microchip technology inside a glowing glass cell. The background includes green holographic data displays and robotic arms manipulating DNA strands with precision. Soft blue and purple lighting illuminates the workspace, creating a high-tech atmosphere with clean lines and modern equipment. Professional photography style, detailed composition, depth of field focusing on the central device."
Биотехнологии_34,images/Биотехнологии_34.png,"a futuristic laboratory interior featuring glowing green microorganisms floating in a glass vessel, surrounded by advanced robotic arms and holographic data displays, soft blue lighting illuminating the scene, high-tech medical equipment in the background, clean sterile environment, macro photography style, detailed textures of DNA strands and cellular structures, depth of field, professional scientific illustration."
Биотехнологии_35,images/Биотехнологии_35.png,"A futuristic laboratory interior filled with glowing biotech equipment and vibrant green plants growing in hydroponic systems. A scientist carefully observes a holographic display showing DNA strands transforming into advanced pharmaceutical molecules. The scene is bathed in soft blue and amber lighting, emphasizing the intersection of biology and technology. High-tech glass walls reveal intricate machinery processing biological samples, creating an atmosphere of innovation and scientific discovery."
Биотехнологии_36,images/Биотехнологии_36.png,"A futuristic laboratory scene featuring glowing green microorganisms floating in a clear glass beaker under soft bioluminescent lights, surrounded by robotic arms gently manipulating DNA strands with precision. The background shows a large holographic display displaying molecular structures and chemical formulas, while the foreground includes lush green plants growing from biodegradable materials. Warm golden sunlight streams through windows, illuminating dust particles dancing in the air, creating an atmosphere of innovation and scientific wonder."
Биотехнологии_37,images/Биотехнологии_37.png,"a futuristic laboratory scene featuring a scientist working with advanced biotechnology equipment, surrounded by glowing green DNA strands and microfluidic chips emitting soft blue light, set against a dark background with holographic data displays showing molecular structures, cinematic lighting, high detail, hyper-realistic style --ar 16:9 --v 6.0"
Биотехнологии_38,images/Биотехнологии_38.png,"A futuristic laboratory scene featuring glowing green microorganisms floating in a glass container, surrounded by advanced robotic arms manipulating genetic sequences on holographic screens. The background shows healthy plants growing rapidly and clean water systems with blue light effects. High-tech equipment emits soft purple and blue neon lights against a dark, sophisticated scientific environment. Professional photography style, macro details of cellular structures, depth of field, cinematic lighting, hyper-realistic texture."
Биотехнологии_39,images/Биотехнологии_39.png,"A futuristic laboratory scene featuring a biotech scientist working with advanced DNA sequencing equipment and robotic arms manipulating cells in a clean, sterile environment. The background shows glowing green microfluidic chips connected to holographic data displays displaying complex biological charts. Soft blue and white lighting illuminates the workspace, creating a high-tech atmosphere with floating particles representing genetic material. The composition emphasizes innovation, precision, and the cutting-edge nature of modern biotechnology research."
Биотехнологии_40,images/Биотехнологии_40.png,"futuristic laboratory scene with biotechnology research, glowing green DNA strands floating in blue liquid, scientists wearing white lab coats working on advanced genetic engineering equipment, holographic data displays showing molecular structures, clean modern medical facility interior with robotic arms assembling biological components, soft natural lighting highlighting intricate scientific details and technological precision."
Биотехнологии_41,images/Биотехнологии_41.png,"futuristic laboratory scene with biotechnology theme, glowing green microorganisms floating in clean air, robotic arms manipulating DNA strands, holographic data displays showing molecular structures, sterile white and blue lighting, high-tech atmosphere, detailed texture of biological cells, cybernetic elements mixed with nature, cinematic composition, 8k resolution."
Биотехнологии_42,images/Биотехнологии_42.png,"A futuristic laboratory scene featuring advanced biotechnology research with glowing green microorganisms floating in a clean environment, surrounded by holographic data displays showing molecular structures and DNA sequences. The background includes robotic arms manipulating genetic materials under bright blue LED lighting, creating a high-tech atmosphere. Soft volumetric lighting highlights the intricate details of cellular structures, emphasizing innovation and scientific discovery in a modern medical facility setting."
Биотехнологии_43,images/Биотехнологии_43.png,"futuristic laboratory scene with biotechnology research, glowing DNA strands floating in a holographic space, scientists working on advanced genetic engineering devices, modern medical equipment, clean bright lighting, high-tech atmosphere, detailed texture of nanotech components, vibrant blue and green color palette, cinematic composition, photorealistic style."
Биотехнологии_44,images/Биотехнологии_44.png,"A futuristic laboratory scene featuring a large holographic screen displaying DNA strands and molecular structures in vibrant blue and green hues. In the foreground, scientists wearing white lab coats are working with advanced biotechnology equipment, including robotic arms handling genetically modified crops. The background shows lush green fields with healthy plants growing rapidly under bright sunlight, symbolizing successful agricultural applications of biotech. The overall atmosphere is clean, innovative, and full of life, with soft lighting highlighting the intricate details of scientific research."
Биотехнологии_45,images/Биотехнологии_45.png,"A futuristic laboratory scene featuring a scientist working with advanced biotechnology equipment, surrounded by glowing DNA strands and robotic arms manipulating cells. The background shows modern medical devices and green plants, symbolizing sustainable innovation. High-tech atmosphere with blue and green lighting, detailed textures of glass panels and metallic surfaces, cinematic composition."
Биотехнологии_46,images/Биотехнологии_46.png,"A futuristic laboratory scene featuring a scientist in a white lab coat analyzing DNA strands under a glowing microscope, surrounded by biotechnology equipment including robotic arms and advanced genetic sequencing machines. The background shows vibrant green plants with golden fruits, symbolizing sustainable agriculture and bio-engineering. Soft blue lighting illuminates the workspace, creating a clean and innovative atmosphere. High-resolution, detailed render with depth of field focusing on the intricate molecular structures being studied."
Биотехнологии_47,images/Биотехнологии_47.png,"futuristic laboratory scene with glowing DNA strands floating in a glass chamber, surrounded by biotechnology equipment and robotic arms, soft blue and green lighting, high detail, cinematic composition."
Биотехнологии_48,images/Биотехнологии_48.png,"futuristic laboratory scene with glowing green biotech equipment and DNA strands floating in the air, soft blue lighting, detailed molecular structures, high tech background, clean modern architecture, professional photography style, 8k resolution."
Биотехнологии_49,images/Биотехнологии_49.png,"A futuristic laboratory interior filled with glowing bioreactors and advanced genetic engineering equipment, featuring scientists in white coats working with holographic DNA sequences on large screens, surrounded by plants growing in nutrient-rich hydroponic systems emitting green light, high-tech medical devices displaying healthy human cells, clean modern architecture with glass walls reflecting blue ambient lighting, abstract molecular structures floating in the air like a digital nebula, professional scientific atmosphere, hyper-realistic, 8k resolution."
Биотехнологии_50,images/Биотехнологии_50.png,"futuristic laboratory scene with biotechnology theme, glowing green DNA strands floating in a clean white room, robotic arms manipulating cells, holographic screens displaying molecular structures, soft blue and green lighting, high-tech atmosphere, intricate details of scientific equipment, depth of field, cinematic composition --ar 16:9 --v 6.0 --q 2 --style raw"
Биотехнологии_51,images/Биотехнологии_51.png,"A futuristic laboratory scene featuring a biotechnology researcher in a sleek white lab coat standing at a holographic workstation displaying DNA strands and molecular structures. The background shows vibrant green bioluminescent plants and advanced robotic arms processing samples with glowing blue lights. Warm golden lighting highlights the central figure against cool blue tones, creating a high-tech atmosphere of innovation and scientific discovery."
Биотехнологии_52,images/Биотехнологии_52.png,"a futuristic laboratory scene featuring advanced biotechnology research with glowing green DNA strands floating in a clean air environment, surrounded by holographic displays showing molecular structures and cellular processes, modern scientists working at high-tech stations, soft natural lighting mixing with blue digital glows, highly detailed realistic style, 8k resolution, medical science concept, intricate machinery, vibrant colors."
Биотехнологии_53,images/Биотехнологии_53.png,"A futuristic laboratory scene featuring advanced biotechnology research. In the center, a sleek robotic arm manipulates glowing green DNA strands inside a transparent glass vial. Surrounding it are holographic displays showing molecular structures and data charts in vibrant blue and purple hues. The background is filled with lush green plants growing on vertical walls, symbolizing sustainable agriculture. Soft natural light filters through large windows, illuminating the intricate details of the technology. The overall atmosphere is clean, innovative, and highly technological, blending nature with cutting-edge science."
Биотехнологии_54,images/Биотехнологии_54.png,"A futuristic laboratory featuring advanced biotechnology research in a clean, white environment with holographic data displays showing DNA helix structures and molecular interactions. The scene includes scientists working on microscopes, surrounded by glowing green plants growing from glass containers, symbolizing sustainable agriculture. Soft blue lighting illuminates the space, creating a high-tech atmosphere with floating particles representing genetic engineering processes. The composition highlights innovation, precision science, and life sciences merging into a harmonious digital landscape."
Биотехнологии_55,images/Биотехнологии_55.png,"A futuristic laboratory scene featuring a scientist working with genetically modified bacteria in a glass bioreactor, surrounded by holographic data displays showing molecular structures and genetic sequences. The lighting is soft and blue-toned, creating a high-tech atmosphere. In the background, robotic arms are gently harvesting plants from a lush green field, transitioning seamlessly into an urban skyline at dusk."
Биотехнологии_56,images/Биотехнологии_56.png,"A futuristic laboratory interior with biotechnology themes, featuring glowing green DNA strands floating in the air and intricate microchip circuits embedded in a glass wall. The scene is bathed in soft blue and amber lighting, highlighting advanced robotic arms manipulating cellular structures. In the background, large holographic displays show molecular models of human cells and plants growing rapidly. The atmosphere is clean, high-tech, and full of scientific wonder, with a sense of innovation and progress dominating every corner of the sterile white room."
Биотехнологии_57,images/Биотехнологии_57.png,"A futuristic laboratory interior with glowing blue bioreactors and holographic data displays on glass walls, surrounded by lush green plants and clean white lab coats of scientists working intently at advanced microscopes, soft natural lighting filtering through large windows, high-tech atmosphere, medical research theme, hyperrealistic, 8k resolution."
Биотехнологии_58,images/Биотехнологии_58.png,"A futuristic laboratory scene featuring a biotech scientist working with glowing genetic machinery in the background, surrounded by advanced medical equipment and green plants, soft blue lighting, high detail, cinematic composition."
Биотехнологии_59,images/Биотехнологии_59.png,"a futuristic laboratory interior with glowing green biotech equipment and holographic data displays on walls, a scientist in white lab coat holding a DNA double helix model, surrounded by floating 3D biological structures like cells and bacteria, soft blue ambient lighting, high detail, cinematic composition, depth of field."
Нейронные сети_0,images/Нейронные сети_0.png,"A futuristic neural network architecture rendered in glowing neon lines on a dark background, composed of interconnected geometric shapes and flowing data streams forming a brain-like structure, surrounded by floating digital particles and abstract circuitry patterns."
Нейронные сети_1,images/Нейронные сети_1.png,"A futuristic cybernetic neural network floating in a digital void, glowing with soft blue and purple light, intricate circuitry connecting layers of data nodes, abstract geometric shapes representing artificial intelligence, high-tech background with holographic displays, octane render style, cinematic lighting, highly detailed 8k resolution."
Нейронные сети_2,images/Нейронные сети_2.png,"A futuristic neural network architecture rendered in glowing neon lines against a dark digital background, featuring interconnected nodes and layers resembling biological neurons, with soft purple and blue light effects creating a cybernetic atmosphere."
Нейронные сети_3,images/Нейронные сети_3.png,"A futuristic neural network architecture visualization on a dark background with glowing blue and purple nodes connected by intricate lines, representing data flow and connections between layers of artificial intelligence, high-tech aesthetic, cyberpunk style, detailed close-up view of digital brain structure."
Нейронные сети_4,images/Нейронные сети_4.png,A futuristic digital neural network brain composed of glowing interconnected nodes and synapses in a dark cyberpunk laboratory setting. The structure resembles a complex circuit board with flowing blue data streams connecting every component. Surrounding the central brain are floating holographic screens displaying abstract mathematical graphs and colorful particle effects representing learning processes.
Нейронные сети_5,images/Нейронные сети_5.png,"A futuristic digital brain made of glowing interconnected neurons in a dark cyberpunk cityscape at night, neon lights reflecting off wet pavement, high-tech neural network architecture floating above the ground, abstract representation of artificial intelligence technology, intricate circuitry and data streams, cinematic lighting, 8k resolution, hyperrealistic, detailed textures."
Нейронные сети_6,images/Нейронные сети_6.png,"A futuristic digital neural network composed of glowing interconnected nodes and synapses floating in a dark void, surrounded by flowing data streams and circuitry patterns, rendered with high-tech cyberpunk aesthetics, vibrant neon colors against deep black background, intricate details, 8k resolution."
Нейронные сети_7,images/Нейронные сети_7.png,"A futuristic digital neural network visualization in a dark cyberpunk laboratory setting, glowing blue and purple nodes connecting across the screen with flowing data streams, abstract geometric shapes representing brain structures, high-tech holographic interface floating above, cinematic lighting, 8k resolution, hyper-realistic, intricate details, depth of field."
Нейронные сети_8,images/Нейронные сети_8.png,"A futuristic digital neural network visualization composed of glowing interconnected nodes and pathways floating in a dark, starry space. The nodes emit soft blue and purple light, forming a complex web structure that represents data processing and learning algorithms. Surrounding the central network are abstract geometric shapes like cubes and spheres representing input/output layers. Dynamic energy flows through the connections with subtle animations suggesting computation and intelligence. High-tech cyberpunk aesthetic with neon glows against deep space background, symbolizing artificial intelligence and machine learning innovation."
Нейронные сети_9,images/Нейронные сети_9.png,"A futuristic cybernetic brain composed of glowing neural networks and digital circuits, intricate connections forming a complex pattern in deep space, high-tech atmosphere, blue and gold colors, hyper-realistic, 8k resolution, cinematic lighting, abstract technology concept."
Нейронные сети_10,images/Нейронные сети_10.png,"A futuristic neural network brain composed of glowing interconnected nodes floating in a dark digital void, surrounded by flowing data streams and colorful geometric shapes representing information processing, high-tech cyberpunk aesthetic with neon lights and holographic elements."
Нейронные сети_11,images/Нейронные сети_11.png,"A futuristic digital landscape featuring a glowing neural network brain composed of interconnected light nodes floating in a void, surrounded by flowing data streams forming geometric shapes like DNA helices and circuit boards. The scene is rendered with soft ethereal lighting, deep purples and blues contrasting against bright cyan highlights, creating an abstract yet scientifically accurate representation of artificial intelligence and machine learning concepts."
Нейронные сети_12,images/Нейронные сети_12.png,"A futuristic neural network architecture rendered in glowing neon lines against a dark background, featuring interconnected nodes and layers that resemble biological neurons but with digital precision. The design is sleek and modern, composed of vibrant colors like cyan and magenta, symbolizing advanced technology. High-quality render, 8k resolution, cinematic lighting, hyper-realistic details, depth of field, sharp focus, professional studio photography style."
Нейронные сети_13,images/Нейронные сети_13.png,"A futuristic cyberpunk cityscape at night, neon lights reflecting on wet pavement, towering skyscrapers with glowing glass facades, flying autonomous drones navigating the streets, holographic advertisements floating in the air, a diverse crowd of people walking under artificial rain, digital rain effect mixing with traditional streetlights, cinematic lighting and dramatic shadows, highly detailed 8k resolution, hyper-realistic, octane render, intricate architectural details, vibrant colors, depth of field."
Нейронные сети_14,images/Нейронные сети_14.png,"a futuristic neural network brain composed of glowing interconnected nodes floating in a dark digital space, surrounded by flowing data streams and binary code particles, with soft blue and purple lighting effects creating an ethereal atmosphere, highly detailed, octane render, cinematic composition."
Нейронные сети_15,images/Нейронные сети_15.png,"A futuristic cybernetic brain composed of glowing neural networks and interconnected nodes floating in a dark digital void, with streams of data flowing like light through the synapses, rendered in high definition with neon blue and purple hues."
Нейронные сети_16,images/Нейронные сети_16.png,"A futuristic digital brain composed of glowing neural networks and binary code floating in a void, surrounded by abstract geometric shapes representing data streams and processing power, with vibrant colors like neon blue and purple lighting up the space to symbolize artificial intelligence and machine learning technology."
Нейронные сети_17,images/Нейронные сети_17.png,"A futuristic neural network architecture rendered in stunning digital art style, featuring glowing interconnected nodes and layered circuits floating in a dark void space, with vibrant neon blue and purple hues illuminating the structure against a deep black background."
Нейронные сети_18,images/Нейронные сети_18.png,"A futuristic digital brain composed of glowing neural networks and interconnected nodes floating in a dark cyber space, surrounded by flowing data streams and abstract geometric shapes representing artificial intelligence concepts."
Нейронные сети_19,images/Нейронные сети_19.png,"A futuristic neural network visualization showing interconnected glowing nodes and flowing data streams forming a complex brain-like structure in deep space, rendered with vibrant neon colors against a dark cosmic background, high detail, scientific illustration style."
Нейронные сети_20,images/Нейронные сети_20.png,"A futuristic neural network visualization in a clean white laboratory setting with glowing blue and purple nodes connecting through transparent lines, representing data streams flowing between layers of artificial intelligence, surrounded by floating geometric shapes and abstract digital particles, high-tech atmosphere, cinematic lighting, detailed composition, 8k resolution."
Нейронные сети_21,images/Нейронные сети_21.png,"A futuristic neural network visualization composed of interconnected glowing nodes and flowing data streams in a dark cyberpunk setting, featuring abstract geometric shapes representing layers of computation, with vibrant colors like neon blue and purple lighting up the digital space to symbolize artificial intelligence learning."
Нейронные сети_22,images/Нейронные сети_22.png,"futuristic neural network architecture with glowing nodes and flowing data streams, cyberpunk style, high-tech visualization, intricate circuit patterns, deep blue and purple lighting, octane render, hyper-realistic, 8k resolution --ar 16:9 --v 5.2 --q 2"
Нейронные сети_23,images/Нейронные сети_23.png,A futuristic neural network architecture visualization in a dark cyberpunk style with glowing blue and purple neurons connecting across multiple layers of complex digital planes. Abstract geometric shapes representing data flow moving through interconnected nodes. High-tech atmosphere with holographic displays showing mathematical equations and probability graphs floating around the central structure. Cinematic lighting effects highlighting the intricate details of the artificial intelligence system.
Нейронные сети_24,images/Нейронные сети_24.png,"A futuristic digital neural network visualization composed of glowing interconnected nodes floating in a dark cyberpunk space, with flowing data streams connecting them in vibrant neon colors like cyan and magenta, surrounded by abstract geometric shapes representing computational power, rendered in high resolution with a cinematic depth of field effect."
Нейронные сети_25,images/Нейронные сети_25.png,"A futuristic cybernetic brain floating in a dark digital void, glowing with soft blue and purple neural networks connecting intricate nodes of light, surrounded by swirling holographic data streams and abstract geometric shapes representing artificial intelligence concepts."
Нейронные сети_26,images/Нейронные сети_26.png,"A futuristic neural network architecture visualization in a clean digital space with glowing nodes and flowing data streams, abstract geometric shapes representing neurons connecting to form complex patterns, soft blue and purple lighting, high detail, 8k resolution, minimalist style."
Нейронные сети_27,images/Нейронные сети_27.png,"A futuristic neural network architecture composed of glowing interconnected nodes floating in a dark digital void, emitting soft blue and purple light pulses, with flowing data streams connecting the layers in an abstract geometric pattern, high-tech cyberpunk aesthetic, cinematic lighting, octane render, ultra-detailed, 8k resolution."
Нейронные сети_28,images/Нейронные сети_28.png,"A futuristic neural network visualization showing interconnected glowing nodes and synapses forming a complex brain-like structure in deep space, with flowing data streams connecting different layers of the network, rendered in vibrant neon colors against a dark cosmic background, high detail, cinematic lighting."
Нейронные сети_29,images/Нейронные сети_29.png,"A futuristic neural network visualization composed of glowing interconnected nodes and layered geometric shapes floating in a dark digital space. The structure resembles a complex brain with flowing data streams connecting every component. Vibrant colors like neon blue, purple, and green illuminate the architecture against a deep black background. High-tech style, cybernetic design, intricate details, 8k resolution, photorealistic render."
Нейронные сети_30,images/Нейронные сети_30.png,"A futuristic digital neural network architecture floating in a glowing virtual space, composed of interconnected glowing nodes and synapses forming intricate brain-like patterns, surrounded by streams of data flowing through holographic connections, rendered in vibrant neon colors against a dark background with subtle particle effects."
Нейронные сети_31,images/Нейронные сети_31.png,"A futuristic digital neural network visualization composed of glowing interconnected nodes floating in a deep cosmic void, with streams of data flowing between them like liquid light, rendered in stunning hyper-realistic style with intricate circuitry details and vibrant neon colors against a dark starfield background."
Нейронные сети_32,images/Нейронные сети_32.png,"A futuristic neural network visualization composed of glowing interconnected nodes and synapses floating in a dark digital space, with flowing data streams connecting the neurons to form a complex web pattern, rendered in vibrant neon colors against a deep black background."
Нейронные сети_33,images/Нейронные сети_33.png,"A futuristic cybernetic brain composed of glowing interconnected neural nodes floating in a dark void, surrounded by flowing data streams and digital circuits, with soft blue and purple neon lights illuminating the intricate connections between neurons."
Нейронные сети_34,images/Нейронные сети_34.png,"A futuristic neural network visualization in a clean white studio with soft blue and purple lighting, showing interconnected nodes forming a brain-like structure floating above a glowing digital circuit board background, abstract geometric shapes representing data streams, high detail, octane render style, 8k resolution, minimalist design."
Нейронные сети_35,images/Нейронные сети_35.png,"A futuristic neural network architecture composed of glowing interconnected nodes and layers, rendered in a cyberpunk style with neon blue and purple hues against a dark background. The structure resembles a complex biological brain connected by digital pathways, symbolizing intelligence and learning."
Нейронные сети_36,images/Нейронные сети_36.png,"A futuristic digital neural network visualization in a clean white laboratory setting with glowing blue and purple circuit lines connecting abstract geometric shapes representing data layers. The scene is illuminated by soft bioluminescent lights creating an ethereal atmosphere. High-tech aesthetic with smooth gradients, minimalist design elements, and a sense of advanced technology."
Нейронные сети_37,images/Нейронные сети_37.png,"A futuristic cybernetic brain composed of glowing interconnected neural pathways floating in a dark digital void, surrounded by floating data particles and circuitry, rendered in high resolution with neon blue and purple lighting effects."
Нейронные сети_38,images/Нейронные сети_38.png,"a futuristic neural network visualization showing interconnected glowing nodes and layers floating in a dark digital space, with flowing data streams connecting the structure, rendered in vibrant cyan and purple hues against a deep black background, highly detailed, cinematic lighting, octane render style."
Нейронные сети_39,images/Нейронные сети_39.png,"A futuristic neural network visualization composed of glowing interconnected nodes and synaptic pathways floating in a dark digital void, with vibrant colors like neon blue and purple pulsing rhythmically to symbolize data flow and learning, rendered in high-definition style with soft light effects."
Нейронные сети_40,images/Нейронные сети_40.png,"A futuristic neural network visualization composed of glowing interconnected nodes forming a complex brain-like structure against a deep space background with stars and nebulae. The lines between nodes emit vibrant colors representing data flow, creating an abstract digital landscape that symbolizes artificial intelligence innovation."
Нейронные сети_41,images/Нейронные сети_41.png,"A futuristic neural network brain composed of glowing interconnected nodes floating in a dark digital space, with flowing data streams connecting the neurons, rendered in vibrant neon colors against a deep black background, high detail, octane render style."
Нейронные сети_42,images/Нейронные сети_42.png,"A futuristic neural network architecture illustration in a sleek dark laboratory setting, featuring glowing interconnected nodes and pathways representing data streams flowing through multiple layers of neurons. The design is minimalist with soft blue and purple hues, surrounded by floating holographic data cubes and abstract geometric shapes that symbolize complexity and intelligence."
Нейронные сети_43,images/Нейронные сети_43.png,"A futuristic neural network architecture rendered in glowing neon lines against a deep cosmic void, with interconnected nodes pulsating like living brains, surrounded by floating data streams and abstract geometric shapes, high contrast, cinematic lighting, hyperrealistic style --ar 16:9 --v 6.0 --q 2"
Нейронные сети_44,images/Нейронные сети_44.png,"A futuristic neural network visualization composed of glowing interconnected nodes floating in a dark digital void. The nodes emit soft blue and purple light, forming complex, flowing patterns that resemble brain synapses. Surrounding the central structure are abstract geometric shapes like cubes and spheres dissolving into data streams. The background features a subtle starfield with deep space blues and blacks. High contrast, cinematic lighting, octane render, highly detailed, 8k resolution, cyberpunk aesthetic."
Нейронные сети_45,images/Нейронные сети_45.png,"A futuristic cyberpunk cityscape at night with glowing neural network nodes floating in the sky above skyscrapers, digital data streams flowing through connecting lines between buildings, holographic brain patterns illuminating the atmosphere, neon blue and purple lights reflecting on wet streets, cinematic lighting, octane render, highly detailed, 8k resolution, hyperrealistic, depth of field, mysterious and advanced technology vibe."
Нейронные сети_46,images/Нейронные сети_46.png,"a futuristic digital neural network composed of glowing interconnected nodes floating in a dark cyber space, with flowing data streams connecting the neurons, rendered in high definition with neon blue and purple colors, intricate circuit patterns, abstract technology concept."
Нейронные сети_47,images/Нейронные сети_47.png,"A futuristic neural network brain composed of glowing interconnected nodes and synaptic pathways floating in a dark digital space, rendered with high detail, cyberpunk style, neon colors, intricate circuitry patterns, abstract technology concept."
Нейронные сети_48,images/Нейронные сети_48.png,"A futuristic digital brain composed of glowing interconnected neural nodes floating in a dark cyberpunk space, surrounded by flowing data streams and abstract geometric shapes representing artificial intelligence concepts."
Нейронные сети_49,images/Нейронные сети_49.png,"A futuristic cybernetic brain floating in a glowing digital void, composed of interconnected neural networks and circuitry, rendered with high-end 8k resolution, octane render, realistic lighting, hyper-detailed textures, cinematic composition."
Нейронные сети_50,images/Нейронные сети_50.png,"A futuristic neural network architecture visualization in a clean white studio with soft blue and purple lighting, featuring interconnected nodes forming complex layers that glow with vibrant colors, abstract digital brain structures floating in the air, high-tech background with subtle circuit patterns, hyper-realistic style, octane render, 8k resolution, cinematic composition."
Нейронные сети_51,images/Нейронные сети_51.png,"A futuristic neural network visualization with glowing interconnected nodes floating in a dark digital space, rendered in high-resolution 8k style, cyberpunk aesthetic, neon blue and purple light effects, intricate circuitry patterns, abstract geometric shapes representing data flow, macro photography of microscopic neurons connected by synapses, volumetric lighting, octane render, highly detailed, cinematic composition."
Нейронные сети_52,images/Нейронные сети_52.png,"A futuristic neural network architecture visualization in a clean white laboratory setting, featuring glowing interconnected nodes and layers of data flowing through blue and purple energy streams, with abstract digital brain patterns visible in the background, high-tech cyberpunk aesthetic, detailed rendering, 8k resolution."
Нейронные сети_53,images/Нейронные сети_53.png,"A futuristic digital brain composed of glowing interconnected neurons in a cyberpunk cityscape at night, neon lights reflecting on wet pavement, holographic data streams flowing through the network, abstract geometric patterns floating in space, high contrast, cinematic lighting, 8k resolution, hyperrealistic style --ar 16:9 --v 6.0"
Нейронные сети_54,images/Нейронные сети_54.png,"A futuristic digital brain composed of glowing interconnected neural nodes and circuitry floating in a dark void, surrounded by swirling data streams and abstract geometric shapes, high detail, cyberpunk aesthetic, blue and purple color scheme, intricate lines and connections, cinematic lighting, 8k resolution --ar 16:9 --v 6.0"
Нейронные сети_55,images/Нейронные сети_55.png,"A futuristic neural network visualization in a cyberpunk style, glowing blue and purple neurons connecting across dark digital space, intricate circuitry patterns floating in void, abstract geometric shapes representing data streams, high contrast, cinematic lighting, octane render, 8k resolution."
Нейронные сети_56,images/Нейронные сети_56.png,"A futuristic neural network brain composed of glowing interconnected nodes and synapses floating in a dark digital space, rendered in high detail with vibrant colors, cyberpunk style."
Нейронные сети_57,images/Нейронные сети_57.png,"A futuristic cybernetic brain composed of glowing interconnected neural nodes floating in a dark digital void, surrounded by cascading streams of data flowing through translucent fiber optic cables, rendered in high definition with vibrant neon colors and intricate circuitry details."
Нейронные сети_58,images/Нейронные сети_58.png,"A futuristic neural network visualization showing interconnected glowing neurons forming a complex brain-like structure in deep space, with data streams flowing through synapses, rendered in vibrant blues and purples against a starry background."
Нейронные сети_59,images/Нейронные сети_59.png,"A futuristic digital neural network architecture in a sleek glass laboratory setting, glowing blue and purple circuits connecting nodes of light, abstract geometric shapes floating above servers, high-tech cyberpunk aesthetic, clean minimalist design, cinematic lighting, octane render, ultra-detailed, 8k resolution."
