topic_id,description,image_prompt,tokens,words
Робототехника_0,"Робототехника представляет собой передовую отрасль инженерии, объединяющую механику, электронику и искусственный интеллект. Современные роботы способны выполнять сложные задачи, от автоматизации производства до спасательных операций в экстремальных условиях. Этот дискурс подчеркивает эволюцию технологий, где алгоритмы управления переплетаются с физическими конструкциями, создавая автономных помощников нового поколения. Индустрия активно развивает концепции гибких роботов, способных адаптироваться к изменяющимся условиям среды, что открывает новые горизонты для медицины, сельского хозяйства и обороны.","a futuristic humanoid robot with sleek metallic skin and glowing blue eyes standing in a high-tech laboratory filled with holographic data streams, surrounded by advanced robotic arms assembling complex machinery, cinematic lighting, hyper-realistic texture, 8k resolution, depth of field.",130,66
Робототехника_1,"Робототехника представляет собой передовую область инженерии, объединяющую механику, электронику и искусственный интеллект. Современные роботы способны выполнять сложные задачи в промышленных условиях, медицине и повседневной жизни. Они оснащены сенсорами, позволяющими воспринимать окружающий мир, и мощными движками, обеспечивающими высокую скорость и точность движений. Эти системы разработаны для автоматизации рутинных операций и повышения эффективности труда. Интеграция роботов в городскую инфраструктуру меняет подход к управлению транспортом и логистикой. Облачные платформы позволяют удаленно контролировать работу множества устройств в реальном времени. Безопасность является приоритетом при проектировании новых моделей, что требует использования сложных алгоритмов распознавания угроз. Робототехника способствует устойчивому развитию, сокращая экологический след за счет оптимизации ресурсов и минимизации отходов. Она открывает новые возможности для людей, способствуя созданию более комфортного и безопасного окружения. Технологии будущего будут зависеть от непрерывного совершенствования существующих систем.","A futuristic robot engineer working in a high-tech laboratory filled with holographic displays and robotic arms. The scene is illuminated by soft blue lighting, emphasizing advanced technology and innovation. High-quality render, photorealistic style, 8k resolution, detailed textures.",234,125
Робототехника_2,"Робототехника представляет собой передовое направление в инженерии, объединяющее искусственный интеллект, робототехнику и автоматизацию. Этот комплексный подход позволяет создавать автономных систем, способных выполнять сложные задачи в различных средах. Современные разработки включают мобильные манипуляторы, дроны и подводные аппараты, которые работают в синергии с человеческими специалистами. Технологии машинного обучения значительно улучшили точность операций и адаптивность к изменяющимся условиям. Интеграция датчиков обеспечивает мгновенную реакцию на внешние факторы, что критически важно для безопасности и эффективности. Облачные платформы позволяют собирать большие данные и оптимизировать алгоритмы управления в реальном времени. Экономические выгоды от внедрения роботов в производство достигли значительных показателей, сократив затраты на трудозатраты и повысив качество продукции. Безопасность становится ключевым фактором при проектировании новых систем взаимодействия с людьми. Регуляторные нормы постоянно ужесточаются, требуя высочайших стандартов надежности и этического поведения технологий. Будущее отрасли лежит в области устойчивого развития и экологичных решений, минимизирующих негативное воздействие на окружающую среду.","A futuristic robotics lab with a sleek humanoid robot standing on a metallic platform, surrounded by holographic data streams and advanced machinery in the background.",256,140
Робототехника_3,"Робототехника представляет собой передовой технологический сектор, объединяющий инженерные изобретения, программирование и искусственный интеллект для создания автономных систем. Эти машины обладают способностью к сложным движениям, манипуляции предметами и взаимодействию с окружающей средой. Современные робототехнические комплексы включают механические корпуса, сенсорные системы и алгоритмы машинного обучения, которые позволяют им выполнять задачи без участия человека. Разработка новых платформ требует глубокого понимания физики, электроники и программного обеспечения. Индустрия постоянно развивается благодаря внедрению роботов в медицину, производство и исследования космоса. Каждый новый прорыв открывает новые горизонты для человечества, обеспечивая безопасность и эффективность при выполнении тяжелых или опасных работ.","A futuristic robotics lab featuring a sleek humanoid robot with transparent exoskeletons, surrounded by holographic data streams and advanced machinery.",161,92
Робототехника_4,"Робототехника представляет собой передовую отрасль инженерии, объединяющую искусственный интеллект, механику и электронику для создания автономных систем. Современные роботы способны выполнять сложные задачи в различных средах, от промышленных линий до экстремальных условий. Их проектирование требует точного расчета нагрузок, обеспечения энергоэффективности и разработки надежных алгоритмов управления. Интеграция сенсоров позволяет машинам воспринимать окружающий мир в реальном времени, обеспечивая высокую точность движений и адаптивность к изменяющимся условиям. Разработка программного обеспечения играет ключевую роль, позволяя роботам обучаться и совершенствовать свои действия через машинное обучение. Важным аспектом является безопасность, так как все системы должны быть защищены от ошибок и внешних угроз. В будущем робототехника будет играть решающую роль в решении глобальных проблем, таких как климатические изменения, медицинская помощь и логистика. Это динамично развивающаяся область, требующая постоянного обновления знаний и технологий.","A futuristic robot engineer in a sleek white suit standing in a high-tech laboratory filled with holographic data streams and glowing blue circuits, surrounded by advanced robotics components like robotic arms and drones, the scene is bathed in cool cyan and neon purple lighting creating a sense of innovation and technological mastery.",218,124
Робототехника_5,"Робототехника представляет собой передовую отрасль инженерии, объединяющую механику, электронику и искусственный интеллект для создания автономных систем. Современные роботы обладают высокой степенью автоматизации, позволяя выполнять сложные задачи в опасных или труднодоступных средах. Этот сектор играет ключевую роль в развитии промышленности, медицины, сельского хозяйства и обороны, обеспечивая высокую эффективность и точность операций. Инновационные технологии позволяют роботам взаимодействовать с людьми, адаптироваться к изменяющимся условиям и работать в режиме реального времени. Развитие искусственного интеллекта трансформирует подход к управлению движением, делая системы более гибкими и умными. Безопасность и надежность остаются приоритетом при проектировании новых моделей, учитывая ужесточающиеся стандарты во всех сферах деятельности.","A futuristic humanoid robot in sleek silver armor standing on a modern smart city rooftop at sunset, surrounded by holographic data streams and flying drones, with a background of glass skyscrapers reflecting the golden sky.",173,97
Робототехника_6,"Робототехника представляет собой передовую область инженерии, объединяющую механику, электронику и искусственный интеллект для создания автономных систем. Эти машины способны выполнять сложные задачи, от инспекции промышленных объектов до помощи людям в экстремальных условиях. Современный прогресс позволил развить роботов, которые могут манипулировать предметами, взаимодействовать с окружающей средой и даже обучаться новому через опыт. В отличие от простых механизмов прошлого, современные роботы обладают высокой гибкостью, способностью к обучению и адаптивностью к изменяющимся условиям. Они играют ключевую роль в развитии технологий будущего, обеспечивая безопасность и эффективность в различных отраслях промышленности и сельского хозяйства. Интеграция сенсоров, нейросетей и мощного вычислительного оборудования позволяет создавать беспрецедентные решения, расширяющие возможности человеческого интеллекта.","futuristic robotic arm in a high-tech laboratory, sleek metallic design with glowing blue LED lights, intricate mechanical joints, holographic interface floating nearby, clean modern background with soft lighting, hyperrealistic style, 8k resolution, cinematic composition.",183,104
Робототехника_7,"Робототехника представляет собой передовое направление в автоматизированном производстве и повседневной жизни современного общества. Это сложная система, объединяющая искусственный интеллект, электронику и программирование для создания автономных машин и роботов. Современные устройства способны выполнять сложные задачи, такие как сборка деталей, доставка грузов или даже уход за людьми. Технология развивалась стремительно, превращаясь из простых экспериментов в ключевой элемент экономики будущего. Интеграция роботов позволяет повысить эффективность процессов, сократить время производства и минимизировать человеческий фактор. Каждый новый прорыв в этой области открывает новые горизонты для инноваций и социальных изменений.","A futuristic robotics lab featuring a sleek humanoid robot with glowing blue circuits and metallic joints, standing in a dimly lit laboratory filled with holographic data displays and advanced machinery. The scene is illuminated by neon lights casting dramatic shadows on the floor, creating an atmosphere of high-tech innovation and scientific discovery.",146,84
Робототехника_8,"Робототехника представляет собой динамичное междисциплинарное направление, объединяющее инженерию, программирование и искусственный интеллект для создания автономных систем. Эти машины способны выполнять сложные задачи, от логистики и доставки до медицины и обороны. Современные роботы оснащены передовыми сенсорами, манипуляторами и нейросетевыми алгоритмами, позволяя им взаимодействовать с физическим миром без постоянного участия человека. История развития отрасли прошла путь от простых механизмов к сложным системам, способным адаптироваться к изменяющимся условиям среды. Интеграция роботов в повседневную жизнь уже стала реальностью, трансформируя промышленность, транспорт и сервисные услуги. Будущее этого сектора лежит в области автономности, экологической устойчивости и интеграции с другими технологиями. Ученые и разработчики непрерывно совершенствуют методы проектирования, стремясь к созданию более безопасных и эффективных решений для человечества.","futuristic robot engineer working on advanced robotics project in a high-tech laboratory with holographic displays and robotic arms, cyberpunk style lighting, blue and orange neon accents, detailed mechanical textures, intricate circuitry patterns, depth of field, cinematic composition, 8k resolution --ar 16:9 --v 6.0 --q 2",204,111
Робототехника_9,"Робототехника представляет собой передовую область инженерии, объединяющую программирование, электронику и механику для создания автономных систем. Современные роботы способны выполнять сложные задачи в промышленных условиях, медицине и исследовательских лабораториях. Их конструкция включает манипуляторы, сенсорные платформы и мощные процессоры, обеспечивающие высокую точность движений. Интеграция искусственного интеллекта позволяет машинам обучаться распознавать объекты и адаптироваться к изменяющимся условиям среды. Это направление стимулирует развитие новых материалов и алгоритмов управления, делая технологии более гибкими и надежными. Робототехника играет ключевую роль в автоматизации производственных линий и создании беспилотных транспортных средств будущего.","futuristic robotic arm in a clean white laboratory setting with soft studio lighting, high detail, 8k resolution, hyperrealistic texture, mechanical precision, blue and silver color scheme, depth of field, cinematic composition, professional photography style.",151,84
Робототехника_10,"Робототехника представляет собой передовую отрасль инженерии, объединяющую искусственный интеллект, робототехнику и автоматизацию. Она направлена на создание автономных систем, способных выполнять сложные задачи в различных средах. Этот сектор играет ключевую роль в развитии промышленности, медицины и повседневной жизни человечества. Современные роботы обладают высокой точностью движений, способностями к обучению и адаптивностью к изменяющимся условиям. Инновационные разработки позволяют им работать в опасных условиях, где присутствие людей было бы невозможно или небезопасно. От мобильных манипуляторов до крупных промышленных установок, робототехника меняет подход к производству и обслуживанию. Она способствует повышению эффективности процессов, снижению затрат и минимизации ошибок. Важнейшим аспектом является интеграция данных и обратной связи для непрерывного улучшения производительности. В будущем эта область будет расширяться, создавая новые возможности для решения глобальных вызовов.","a futuristic robot engineer in a sleek white suit standing next to an advanced robotic arm workshop, high-tech holographic displays floating above, clean modern office with blue lighting, 8k resolution, cinematic composition, detailed textures.",202,117
Робототехника_11,"Робототехника представляет собой передовой инновационный сектор, объединяющий искусственный интеллект, электронику и механику для создания автономных систем. Эти машины способны выполнять сложные задачи в различных условиях, от опасных промышленных зон до экстремальных природных сред. История развития этой области началась с первых экспериментов середины XX века, когда ученые начали проектировать механизмы, способные перемещаться по поверхности без участия человека. Сегодня робототехника включает в себя множество подгрупп, таких как мобильная, стационарная, аэрокосмическая и подводная. Каждый из этих направлений требует уникальных технологий и инженерных решений для достижения максимальной эффективности. Современные роботы оснащены датчиками, позволяющими собирать детальную информацию о своей окружающей среде во реальном времени. Это критически важно для обеспечения безопасности персонала и минимизации рисков при выполнении трудоемких операций. В сфере сельского хозяйства применяются дроны и автопилотированные тракторы, которые значительно повышают урожайность и сокращают время обработки больших площадей. Медицина также активно использует роботов для хирургических вмешательств, обеспечивая высокую точность и скорость выполнения сложных процедур. Промышленность зависит от автоматизированных линий, которые работают непрерывно без простоев, что позволяет оптимизировать производственные процессы и снизить затраты. Устойчивость к климату становится все более важной характеристикой современных моделей благодаря использованию терморегулирующих систем и энергоэффективных материалов. Исследования в этой области ведутся постоянно, чтобы расширить возможности существующих устройств и создать новые решения для будущих вызовов. Интеграция биологических принципов с механикой открывает горизонты для создания живых роботов, способных адаптироваться к изменяющимся условиям. Технологии машинного обучения позволяют алгоритмам обучаться на данных, улучшая свои навыки со временем. Таким образом, робототехника продолжает развиваться, предлагая беспрецедентные возможности для человечества в самых разных сферах деятельности.","futuristic robotic arm in a sleek industrial setting, detailed mechanical joints, metallic textures, soft studio lighting, 8k resolution, hyperrealistic, cinematic composition.",425,245
Робототехника_12,"Робототехника представляет собой передовой междисциплинарный сектор, объединяющий инженерию, программирование и робототехнику для создания автономных систем. Современные роботы оснащены сложными сенсорами, искусственным интеллектом и прочным корпусом, позволяя выполнять задачи в самых различных условиях. От промышленных манипуляторов до медицинских роботов, эта область продолжает расширяться, предлагая решения для логистики, медицины и сельского хозяйства. Инновационные материалы и алгоритмы машинного обучения позволяют роботам адаптироваться к изменяющимся условиям среды, обеспечивая высокую точность и надежность. В будущем робототехника станет ключевым драйвером цифрового перехода, способствуя автоматизации процессов и повышению качества жизни человечества через интеграцию технологий будущего.","futuristic robot engineer working on robotic arm in a high-tech laboratory with holographic displays and mechanical parts floating around him, cyberpunk aesthetic, neon lights, intricate details, 8k resolution, cinematic lighting, depth of field, hyperrealistic --ar 16:9 --v 6.0",168,88
Робототехника_13,"Робототехника представляет собой передовую отрасль инженерии, объединяющую механику, электронику и искусственный интеллект для создания автономных систем. Эти устройства способны выполнять сложные задачи в различных средах, от промышленных заводов до опасных зон. Современные роботы оснащены высокоточными манипуляторами, сенсорнымarrays и нейросетями, позволяющими им адаптироваться к изменяющимся условиям. Их развитие стимулирует экономический рост, создавая новые рабочие места и повышая эффективность процессов. Интеграция роботов с беспилотными системами открывает безграничные возможности для логистики и доставки грузов. Безопасность становится критически важным аспектом при проектировании таких машин, учитывая их способность взаимодействовать со сложной инфраструктурой.","a futuristic robotic arm made of sleek black metal and glowing blue circuits hovering over a modern industrial factory floor with holographic data streams floating in the air, surrounded by advanced machinery and green energy plants, cinematic lighting, hyperrealistic, 8k resolution, highly detailed textures.",160,87
Робототехника_14,"Робототехника представляет собой передовую область инженерного искусства, объединяющую механику, электронику и искусственный интеллект. Это динамично развивающаяся отрасль, которая трансформирует мир через автоматизацию и точность. Современные роботы обладают сложной структурой, включающей прочные корпуса, гибкие манипуляторы и сенсорные системы, позволяющие им взаимодействовать с окружающей средой. В отличие от простых механизмов, современные модели способны выполнять задачи в опасных условиях, работать в невесомости или даже помогать людям в реабилитации. Технология продолжает эволюционировать, становясь все более автономной и умной. Интеграция роботов в повседневную жизнь уже стала реальностью, меняя способы производства, медицины и быта. Ученые и инженеры постоянно создают новые решения, чтобы расширить возможности этих устройств. Будущее робототехники связано с развитием бионических систем и экологически чистых технологий. Этот сектор играет ключевую роль в решении глобальных проблем, таких как дефицит ресурсов и урбанизация. Каждый новый прорыв открывает двери для еще большего прогресса в человеческом развитии.","futuristic robotic arm in a high-tech laboratory, intricate mechanical joints glowing with soft blue light, metallic textures, cyberpunk aesthetic, detailed close-up, sharp focus, cinematic lighting, 8k resolution --ar 16:9 --v 6.0",252,138
Робототехника_15,"Робототехника представляет собой передовой инновационный сектор, объединяющий искусственный интеллект, робототехнику и электронику. Современные автономные системы способны выполнять сложные задачи в промышленных условиях, обеспечивая высокую точность и эффективность. Этот развивающийся отрасль играет ключевую роль в автоматизации производства, спасении жизней во время катастроф и исследовании космоса. Интеграция сенсоров позволяет машинам воспринимать окружающую среду, что делает их более адаптивными и безопасными. Платформы нового поколения оснащаются мощными двигателями и интеллектуальным управлением, позволяя им перемещаться без участия человека. Важной особенностью является способность роботов работать в экстремальных условиях, где человеческие возможности ограничены. Развитие технологий в этой сфере открывает беспрецедентные перспективы для человечества, трансформируя подход к производству и обслуживанию инфраструктуры.","a futuristic robotic arm made of sleek metallic materials hovering in a high-tech laboratory, surrounded by glowing holographic data streams and floating mechanical components, soft cinematic lighting, hyper-realistic texture, 8k resolution, intricate details, depth of field, cyberpunk aesthetic.",199,103
Робототехника_16,"Робототехника представляет собой передовой технологический сектор, объединяющий инженеров, программистов и дизайнеров в стремительном процессе создания интеллектуальных машин нового поколения. Эти системы способны выполнять сложные задачи, от автономного логистики до хирургических операций, демонстрируя беспрецедентную точность и скорость. Современные робототехнические платформы оснащены высокими сенсорными системами, позволяя им воспринимать окружающую среду в реальном времени и адаптироваться к изменяющимся условиям. Интеграция искусственного интеллекта превращает статические механизмы в живые агенты, способные обучаться и совершенствовать свои действия без прямого участия человека. Влияние робототехники на общество является значительным, создавая новые рабочие места и решая глобальные проблемы через автоматизацию рутинных процессов. Этические вопросы безопасности данных и конфиденциальности становятся ключевыми аспектами при проектировании новых систем. Развитие этой отрасли требует постоянного обновления знаний о материалах, алгоритмах управления и методах взаимодействия с человеком. Будущее лежит здесь в создании полностью автономных сетей, способных работать синхронно над масштабными инфраструктурными проектами. Инновационные разработки позволяют преодолевать физические ограничения человеческого тела, открывая возможности для лечения тяжелых заболеваний и расширения горизонтов исследовательской деятельности.","futuristic robotics lab with advanced humanoid robots assembling complex machinery in a high-tech environment, cinematic lighting, detailed textures of metal and glass, depth of field, professional photography style, 8k resolution.",283,156
Робототехника_17,"Робототехника представляет собой передовую область инженерии, объединяющую механику, электронику и искусственный интеллект для создания автономных систем. Современные роботы способны выполнять сложные задачи в самых различных условиях - от опасных промышленных зон до экстремальных природных сред. Их развитие стимулирует экономический рост, создавая новые рабочие места и повышая эффективность производственных процессов. Интеграция технологий позволяет автоматизировать рутинные операции, минимизируя человеческие ошибки и увеличивая скорость производства. В то же время эти системы требуют постоянного обучения и адаптации к изменяющимся условиям окружающей среды. Облака данных и алгоритмы машинного обучения играют ключевую роль в развитии интеллектуального управления роботами. Это направление исследований направлено на создание роботов нового поколения, способных работать в сотрудничестве с людьми (кооперативная робототехника). Будущее лежит здесь в создании универсальных решений, которые могут решать широкий спектр задач, будь то сборка сложных конструкций или доставка грузов. Важным аспектом является безопасность и этические нормы при проектировании таких систем. Прогресс в этой области открывает двери для космических миссий, медицинских операций и исследования глубины океана. Каждый новый прорыв требует глубокого понимания физических принципов и точной математической моделирования.","A futuristic robotics laboratory featuring a sleek humanoid robot with glowing blue circuitry standing on a polished metallic floor, surrounded by holographic displays showing data streams and schematics, soft ambient lighting with neon accents, high-tech clean background with glass walls reflecting the machinery.",279,167
Робототехника_18,"Робототехника представляет собой передовую область инженерного искусства, объединяющую механику, электронику и программирование для создания автономных систем. Этот сектор играет ключевую роль в современном мире, обеспечивая безопасность, эффективность и точность в различных отраслях промышленности, медицине и повседневной жизни. Современные роботы способны выполнять сложные задачи, от сборки сложных механизмов до выполнения хирургических операций, демонстрируя невероятную гибкость и адаптивность к изменяющимся условиям окружающей среды. Интеграция искусственного интеллекта позволяет машинам обучаться, принимать решения и работать в реальном времени, что открывает бесконечные возможности для инноваций. Технологии автоматизации трансформируют производственные процессы, сокращая время и затраты, одновременно повышая качество продукции. Важным аспектом является эволюция роботов от простых манипуляторов к сложным системам, способным взаимодействовать с людьми и другими устройствами. Будущее робототехники лежит в области человеко-роботического взаимодействия, где технологии будут неотделимы от человеческого опыта и творчества.","futuristic robot engineer in sleek white suit standing beside advanced robotic arm workshop, blue holographic data screens glowing softly, clean modern industrial setting with steel beams and glass windows, cinematic lighting, hyperrealistic, detailed textures, depth of field, 8k resolution, professional photography style.",225,128
Робототехника_19,"Робототехника представляет собой передовой инновационный сектор, объединяющий искусственный интеллект, робототехнику и автоматизацию. Этот динамично развивающийся отрасль играет ключевую роль в современном мире, обеспечивая беспрецедентную эффективность производства и безопасность рабочих мест. Современные системы способны выполнять сложные задачи с высокой точностью и скоростью, что позволяет сократить время на выполнение задач до минимума. В отличие от традиционных методов, робототехнический подход предлагает гибкость и масштабируемость, позволяя адаптироваться к изменяющимся условиям среды. Интеграция различных технологий создает мощные платформы, способные решать проблемы глобального характера, такие как климатические изменения или добыча ресурсов. Развитие этой области стимулирует создание новых профессий и открывает безграничные возможности для технологического прогресса человечества.","futuristic robotics workshop, a sleek humanoid robot with glowing blue circuits and metallic joints stands beside an advanced automated assembly line, surrounded by holographic data displays showing real-time production metrics, bright industrial lighting illuminates the high-tech environment, cyberpunk aesthetic with neon accents, photorealistic render, 8k resolution, cinematic composition.",183,100
Робототехника_20,"Робототехника представляет собой передовое направление в инженерии, объединяющее искусственный интеллект, программирование и робототехнику для создания автономных систем. Эти устройства способны выполнять сложные задачи в различных условиях, от промышленных заводов до опасных зон. Современные робототехнические системы демонстрируют высокую точность, гибкость и способность к самонастройке. Они играют ключевую роль в развитии умного города и автоматизации производства, обеспечивая безопасность и эффективность. Исследования в этой области постоянно расширяют горизонты возможностей, создавая более интеллектуальных и адаптивных механизмы. Технологии машинного обучения позволяют роботам обучаться новым навыкам без прямого вмешательства человека.","futuristic robot engineer working in a high-tech laboratory, surrounded by holographic data screens and advanced robotics components, wearing sleek cybernetic suit, blue lighting, intricate mechanical details, 8k resolution, cinematic composition.",144,84
Робототехника_21,"Робототехника представляет собой передовой отрасль индустрии, объединяющую инженерию, программирование и робототехнические системы. Это динамичное направление, которое продолжает развиваться с каждым годом, предлагая решения для автоматизации сложных задач. Современные робототехнические устройства обладают невероятной гибкостью, способностью к обучению и интеграцией с различными технологическими платформами. Они используются во многих сферах, от промышленного производства до медицины и обороны. Дизайн этих роботов становится всё более эстетичным и функциональным, сочетая в себе мощь технологий и элегантную форму. Инновационные материалы позволяют создавать лёгкие и прочные конструкции, которые могут работать в экстремальных условиях. Исследования в этой области направлены на развитие автономности и интеллекта искусственных систем. Будущее робототехники лежит в сфере создания умных устройств, способных адаптироваться к изменяющимся условиям среды.","futuristic robotics workshop, a team of engineers designing advanced humanoid robots with sleek metallic bodies and glowing blue circuits, surrounded by holographic data displays and robotic arms in motion, high-tech laboratory background, soft cinematic lighting, depth of field, hyper-realistic, 8k resolution --ar 16:9 --v 6.0 --style raw",196,111
Робототехника_22,"Робототехника представляет собой передовую область инженерии, объединяющую механику, электронику и искусственный интеллект. Это динамично развивающаяся дисциплина, где роботизированные системы автоматизируют сложные задачи в промышленности, медицине и науке. Современные роботы обладают высокой степенью автономности, способностью к обучению и адаптации к изменяющимся условиям среды. Они используются для выполнения тонких операций, таких как хирургические вмешательства или сборка микроэлектронных компонентов. Интеграция сенсоров позволяет системам воспринимать данные в реальном времени, обеспечивая точность движений и безопасность персонала. Разработка новых алгоритмов управления является ключевым направлением, направленным на повышение эффективности и надежности механизмов. В будущем робототехника будет играть решающую роль в решении глобальных вызовов, включая климатические изменения и доступное здравоохранение.","futuristic robotics workshop scene with advanced humanoid robots assembling microchips in a high-tech lab, soft lighting, cyberpunk aesthetic, detailed mechanical joints and wires, blue and orange color scheme, photorealistic, 8k resolution.",195,102
Робототехника_23,"Робототехника представляет собой передовой междисциплинарный сектор, объединяющий инженерию, программирование и робототехнику для создания автономных систем. Эти устройства способны выполнять сложные задачи, от медицинской диагностики до логистики и сельского хозяйства. Современные робототехнические комплексы оснащены высокоточными сенсорами, искусственным интеллектом и мощным электромоторами, что позволяет им работать в любых условиях. Интеграция биологических и небиологических компонентов открывает новые горизонты для создания гуманоидов и экзоскелетов, способствующих развитию медицины и спорта. Важнейшим аспектом является этический дизайн и безопасность, которые должны быть заложены во все проекты на этапе разработки. Устойчивое развитие также становится ключевым фактором, так как робототехника помогает решать глобальные проблемы, такие как изменение климата и дефицит ресурсов.","futuristic humanoid robot in a sleek white lab coat standing on a glass floor amidst floating holographic data streams and neon circuitry, surrounded by glowing blue energy particles, high-tech office environment with transparent walls, cinematic lighting, hyper-realistic, 8k resolution, detailed mechanical joints, soft focus background, depth of field --ar 16:9 --v 6.0 --q 2",200,102
Робототехника_24,"Робототехника представляет собой передовую область инженерии, объединяющую механику, электронику и программирование для создания автономных систем. Эти устройства способны выполнять сложные задачи в промышленных, медицинских и военных средах, демонстрируя невероятную точность и гибкость. Современные роботы оснащены сенсорами, позволяющими собирать детальную информацию о своем окружении, что позволяет им адаптироваться к изменяющимся условиям. В отличие от простых механизмов, современные робототехнические системы обладают интеллектом, способным планировать пути, избегать препятствий и взаимодействовать с людьми безопасно. Они играют ключевую роль в развитии индустрии 4.0, обеспечивая автоматизацию процессов и повышая эффективность производства. Область продолжает развиваться благодаря достижениям в области искусственного интеллекта и машинного обучения, которые позволяют роботам учиться и улучшать свои навыки без прямого вмешательства человека.","futuristic robotics laboratory scene with a humanoid robot and an industrial arm working together in a high-tech environment, digital holographic displays showing data streams, sleek metallic surfaces, soft natural lighting, cinematic composition, hyper-realistic, 8k resolution, depth of field.",184,110
Робототехника_25,"Робототехника представляет собой динамичную отрасль, объединяющую инженерные знания, искусственный интеллект и передовые технологии. В современном мире роботизированные системы играют ключевую роль в автоматизации промышленных процессов, обеспечивая высокую точность и эффективность. От мобильных манипуляторов до сложных дронов, эти устройства способны выполнять задачи, ранее считавшиеся невозможными для человека. Развитие сенсоров и алгоритмов управления позволяет роботам адаптироваться к изменяющимся условиям среды, что открывает новые горизонты для индустрии. Интеграция роботов в повседневную жизнь меняет парадигму взаимодействия между людьми и машинами, создавая основу для умных городов и автономного транспорта.","futuristic robotics workshop scene with humanoid robots assembling complex machinery in a modern clean factory hall, soft diffused lighting, metallic textures, holographic blue data streams floating around machines, high detail, cinematic composition, 8k resolution, depth of field --ar 16:9 --v 5.2 --q 2 --style raw",155,84
Робототехника_26,"Робототехника представляет собой передовую отрасль инженерии, объединяющую искусственный интеллект, робототехнику и автоматизацию для создания автономных систем. Современные разработки включают мобильные манипуляторы, дроны и подводные аппараты, способные выполнять сложные задачи в опасных или труднодоступных средах. Этот сектор критически важен для промышленного производства, сельского хозяйства, медицины и обороны, обеспечивая высокую точность и эффективность операций. Инновационные алгоритмы машинного обучения позволяют роботам адаптироваться к изменяющимся условиям, что открывает безграничные возможности для решения глобальных проблем. В то же время развитие этой области требует тщательного баланса между технологическим прогрессом и этическими нормами безопасности. Устойчивое развитие играет ключевую роль в проектировании экологичных роботов, минимизируя их воздействие на окружающую среду. Будущее робототехники лежит в области интеграции биологических принципов с механическими системами, создавая гибкие и умные агенты нового поколения.","futuristic humanoid robot in a sleek industrial workshop, detailed mechanical joints, advanced sensors, soft lighting, cinematic composition, hyper-realistic, 8k resolution.",225,120
Робототехника_27,"Робототехника представляет собой динамичную область, объединяющую инженеров, программистов и дизайнеров. Это высокоточная дисциплина, где искусственный интеллект встречается с физикой, создавая автономных помощников нового поколения. Современные роботы способны выполнять сложные задачи в опасных условиях или в самых экстремальных средах. Они оснащены сенсорными системами, позволяющими точно определять свои окружение и адаптироваться к изменяющимся условиям. Технология меняет мир производства, медицины и сельского хозяйства, обеспечивая высокую эффективность и безопасность. Люди часто видят роботов как инструменты, но их реальность глубже — это живые системы, способные учиться, ошибаться и исправляться. Будущее человечества зависит от того, насколько успешно мы сможем интегрировать эти умные машины в повседневную жизнь.","A futuristic robotics lab featuring a sleek humanoid robot with glowing blue circuitry and transparent exoskeletons working on intricate mechanical components under bright LED lights. The background shows a high-tech mechatronics workshop filled with holographic schematics floating in the air and advanced 3D printing machines emitting colorful dust particles. The scene is bathed in cool cyan and warm amber lighting, emphasizing precision engineering and innovation.",175,99
Робототехника_28,"Робототехника представляет собой динамичный и инновационный сектор, объединяющий передовые технологии искусственного интеллекта, робототехнические системы и автоматизацию. Этот междисциплинарный подход позволяет создавать машины, способные выполнять сложные задачи, от управления транспортом до проведения хирургических операций. Современные разработки стирают грань между человеком и машиной, предлагая новые возможности для производства, логистики и повседневной жизни. В этой области ключевыми элементами являются автономность, скорость обработки данных и высокая точность выполнения задач. Интеграция сенсоров, нейросетей и механических компонентов формирует основу нового поколения роботов, которые становятся все более умными и адаптивными к изменяющимся условиям среды. Развитие этого направления стимулирует создание новых рабочих мест и требует постоянного обновления профессиональных навыков у специалистов. Робототехника открывает двери для беспрецедентных масштабов эффективности и безопасности в различных отраслях промышленности и сервиса.","futuristic robot engineer in cyberpunk suit standing on a high-tech platform with holographic data streams floating around him, intricate mechanical details, neon blue and purple lighting, dramatic shadows, cinematic composition, 8k resolution, highly detailed texture.",206,118
Робототехника_29,"Робототехника представляет собой передовую область инженерии и технологий, объединяющую механику, электронику и искусственный интеллект для создания автономных систем. Этот сектор претерпел революционные изменения за последние десятилетия, когда роботизированные устройства стали способны выполнять сложные задачи в самых разных условиях. Современные инженеры разрабатывают механизмы, способные к адаптации к изменяющимся средам, что позволяет им работать как в промышленности, так и в повседневной жизни человека. Важным аспектом является интеграция сенсоров, обеспечивающих полную визуализацию и контроль состояния объекта, а также способность к обучению через данные. Робототехника играет ключевую роль в развитии беспилотного транспорта, медицинских операций и сельскохозяйственных автоматизированных систем. Она способствует повышению эффективности производства, снижению затрат ресурсов и минимизации человеческой ошибки при выполнении повторяющихся задач. Инновационные разработки направлены на создание роботов нового поколения, которые обладают высокой гибкостью и интеллектуальными возможностями. Этот прогресс открывает новые горизонты для устойчивого развития человечества, предлагая решения для сложных социальных и экономических вызовов.","futuristic robotics workshop with a large humanoid robot assembling complex machinery in a dimly lit lab filled with holographic displays and glowing blue circuits, surrounded by engineers wearing smart glasses examining advanced sensors, high-tech precision tools floating in the air, cinematic lighting, hyper-realistic, 8k resolution, depth of field, detailed mechanical joints and metallic textures.",246,142
Робототехника_30,"Робототехника представляет собой передовую область инженерии, объединяющую искусственный интеллект, механику и электронику для создания автономных систем. Эти машины способны выполнять сложные задачи в промышленных, военных и гражданских условиях, демонстрируя высокую точность и скорость. Современные роботы оснащены сенсорами, позволяющими их воспринимать окружающий мир, а также манипуляторами для выполнения ручных или автоматических операций. Область развития включает отельный сервис, медицинскую помощь, доставку грузов и исследования космоса. Инновационные технологии позволяют создавать роботов, способных адаптироваться к изменяющимся условиям среды и работать в экстремальных температурах или под водой. Важным аспектом является интеграция программного обеспечения, обеспечивающего интеллектуальное принятие решений и управление движением. Будущее робототехники лежит в области человеко-машинного взаимодействия, где технологии помогают преодолеть физические ограничения и повысить эффективность труда.","A futuristic robotic arm made of sleek black metal and transparent glass in a high-tech laboratory setting, glowing with soft blue lights, standing on a polished metallic floor amidst floating holographic data streams, cinematic lighting, 8k resolution, hyperrealistic, detailed mechanical joints, advanced technology, sci-fi atmosphere.",205,113
Робототехника_31,"Робототехника представляет собой передовой технологический сектор, объединяющий инженерию, программирование и робототехнику. Этот комплексный подход позволяет создавать автономных систем, способных выполнять сложные задачи в реальном времени. Современные разработки включают манипуляторы, дроны и умные платформы, которые интегрируются с IoT-устройствами для сбора данных и анализа. Цифровые двойники становятся ключевым инструментом моделирования процессов до их внедрения в реальные условия эксплуатации. Безопасность и надежность являются приоритетными факторами при проектировании новых решений. Облачные технологии обеспечивают удаленное управление и мониторинг сложных производственных линий. Инновационные материалы позволяют увеличить грузоподъемность и снизить энергопотребление. Интерфейсы человека и машины (HMI) делают работу специалистов более интуитивной и эффективной. Экологичность становится важным аспектом устойчивого развития промышленности. Регулярная модернизация оборудования гарантирует его долгосрочную эффективность и соответствие новым стандартам.","futuristic robotic arm in a clean modern laboratory, soft lighting, blue and orange color scheme, high tech background with holographic data streams, cinematic composition, 8k resolution, hyperrealistic, detailed mechanical parts, professional photography, depth of field.",216,115
Робототехника_32,"Робототехника представляет собой передовой сегмент индустрии, объединяющий инженерию, программирование и искусственный интеллект для создания автономных систем. Эти машины способны выполнять сложные задачи в промышленных условиях, медицине и повседневной жизни. Современные роботы оснащены сенсорами, позволяющими воспринимать окружающую среду, а также алгоритмами машинного обучения, обеспечивающими высокую точность движений. В отличие от традиционных механизмов, современные робототехнические решения обладают гибкостью и адаптивностью, способствуя развитию умных городов и автоматизированных производств. Интеграция различных технологий позволяет создавать комплексные системы, которые работают синхронно, повышая эффективность и безопасность процессов. Будущее развития отрасли лежит в области миниатюризации, интеграции биомиметических структур и внедрения нейросетей для принятия решений в реальном времени.","futuristic robotics workshop with advanced autonomous machines working on precision assembly lines, sleek metallic robots collaborating in a high-tech laboratory setting, soft cinematic lighting, detailed textures of circuitry and mechanical parts, depth of field, hyper-realistic style, 8k resolution.",190,99
Робототехника_33,"Робототехника представляет собой динамичный и технологичный сектор, объединяющий инженерные знания, программирование и искусственный интеллект. Современные роботы способны выполнять сложные задачи в самых разнообразных условиях — от опасных промышленных зон до экстремальной природы или даже в космосе. Их развитие направлено на автоматизацию рутинных процессов, повышение безопасности рабочих мест и создание новых возможностей для человечества. От простых манипуляторов до автономных дронов, эти машины эволюционируют, становясь все более умными и гибкими. В центре внимания стоит не только механика, но и алгоритмы управления, позволяющие системам действовать без постоянного вмешательства оператора. Это междисциплинарное поле требует глубокого понимания физики, математики и логики, что делает его перспективным направлением для будущих поколений инженеров и исследователей.","futuristic robotic arm in a dimly lit industrial workshop, intricate mechanical details, glowing blue circuitry lines, high-tech atmosphere, cinematic lighting, sharp focus, 8k resolution --ar 16:9 --v 6.0 --q 2",183,106
Робототехника_34,"Робототехника представляет собой передовую отрасль инженерии, объединяющую механику, электронику и искусственный интеллект. Это динамичное поле, где создатели проектируют автономные устройства, способные выполнять сложные задачи в опасных или труднодоступных средах. Современные роботы оснащены сенсорными системами, позволяющими им воспринимать окружающий мир, и алгоритмами машинного обучения, обеспечивающими адаптивность к изменяющимся условиям. В отличие от традиционных механизмов, робототехнические системы функционируют как единый организм, способный к быстрому обучению и саморевизию. Они применяются в медицине для хирургических операций, в промышленности для автоматизированной сборки, а также в сфере доставки грузов и спасательных работ. Интеграция различных технологий позволяет создавать гибкие решения, которые могут масштабироваться под конкретные потребности общества. Развитие этой области требует постоянного совершенствования программного обеспечения и физических компонентов, что открывает новые горизонты для человеческого прогресса.",A futuristic robot engineer designing a robotic arm in a high-tech lab with holographic displays and blue lighting.,217,118
Робототехника_35,"Робототехника представляет собой передовое направление в инженерии, объединяющее механику, электронику и искусственный интеллект. Современные роботы обладают высокой степенью автономности, способностью к навигации и выполнению сложных задач в различных средах. Эта дисциплина стимулирует развитие новых материалов, сенсоров и алгоритмов управления, что позволяет создавать системы, способные работать в опасных или недоступных для человека условиях. Интеграция роботов в промышленность, медицину и повседневную жизнь демонстрирует огромный потенциал для повышения эффективности и безопасности общества. В будущем ожидается дальнейшее совершенствование технологий, направленных на создание полностью автономных систем, способных к самовосстановлению и обучению.","futuristic robotic arm in a sleek laboratory setting with holographic displays and advanced machinery, cyberpunk aesthetic, high-tech lighting, intricate mechanical details, metallic textures, cinematic composition, 8k resolution, unreal engine 5 render.",150,86
Робототехника_36,"Робототехника представляет собой передовую отрасль инженерии, объединяющую механику, электронику и программирование для создания автономных систем. Современные роботы способны выполнять сложные задачи в промышленных условиях, медицине и науке, демонстрируя высокую точность и гибкость. История развития этой сферы началась с простых манипуляторов, эволюционировав до сложных коллаборативных роботов (коботов), способных работать рядом с людьми без риска травм. Ключевые компоненты включают сенсорные системы, нейросетевое управление и энергоэффективные двигатели, позволяющие роботам адаптироваться к изменяющимся условиям среды. Интеграция искусственного интеллекта трансформирует производство, автоматизируя рутинные процессы и повышая качество продукции. В будущем ожидается появление мобильных роботов-слуг, способных обслуживать дома или транспортные узлы, а также гуманоидов, приближающихся к человеческим возможностям. Это направление требует постоянного обновления технологий, чтобы оставаться конкурентоспособным в глобальной экономике.","futuristic autonomous robot in sleek metallic armor standing on a modern industrial platform with holographic data displays, surrounded by advanced robotic arms and drones, cyberpunk lighting effects, high-tech laboratory background, 8k resolution, cinematic composition, intricate mechanical details, depth of field --ar 16:9 --v 6.0 --q 2 --style raw",219,115
Робототехника_37,"Робототехника представляет собой передовую область инженерии, объединяющую искусственный интеллект, механику и электронику для создания автономных систем. Современные роботы способны выполнять сложные задачи в промышленных условиях, медицине и исследовании космоса. Их программирование требует точного планирования движений и анализа данных в реальном времени. Интеграция сенсоров позволяет машинам воспринимать окружение так же эффективно, как и люди. Это направление стимулирует развитие новых материалов и алгоритмов машинного обучения. Робототехника открывает возможности для решения глобальных проблем через автоматизацию и точность. Она трансформирует повседневную жизнь, обеспечивая безопасность и эффективность. Будущее лежит здесь в создании гибких роботов, способных адаптироваться к непредвиденным ситуациям.",a futuristic robotics laboratory with holographic displays showing complex data streams and a sleek humanoid robot arm assembling intricate mechanical components under bright blue LED lighting.,172,94
Робототехника_38,"Робототехника представляет собой передовую отрасль инженерии, объединяющую механику, электронику и программирование для создания автономных систем. Эти устройства способны выполнять сложные задачи в различных средах, от промышленных линий до исследовательских лабораторий. Современные роботы обладают высокой точностью движений, способностью к манипуляции тяжелыми грузами и адаптивностью к изменяющимся условиям. Они играют ключевую роль в автоматизации производства, обеспечивая высокую скорость и минимизирующее количество человеческих ошибок. В сфере медицины робототехника позволяет проводить операции без риска для здоровья человека, а в сельском хозяйстве помогает оптимизировать сбор урожая. Исследования в области искусственного интеллекта значительно расширили возможности этих машин, позволяя им обучаться и работать в сложных неструктурированных пространствах. Разработка новых материалов и сенсоров продолжает повышать их функциональность и долговечность. Интеграция роботов в умные города открывает новые горизонты для логистики и управления транспортом. Будущее робототехники связано с развитием гуманоидных моделей и интеграцией биологических процессов с электроникой.","futuristic humanoid robot in a sleek white lab environment, intricate mechanical joints glowing with soft blue light, advanced sensors on its head, clean minimalist background with floating geometric shapes, cinematic lighting, hyperrealistic, 8k resolution, detailed textures.",242,137
Робототехника_39,"Робототехника представляет собой передовое направление в инженерии и искусственном интеллекте, объединяющее механику, электронику и программирование. Современные роботы обладают высокой степенью автономности, способностью к обучению и адаптации к сложным условиям среды. Они применяются в медицине, логистике, производстве и исследовании космоса. Эти устройства способны выполнять задачи, которые ранее требовали участия человека, обеспечивая безопасность и эффективность операций. Развитие технологий роботов стимулирует инновации во всех смежных отраслях экономики и науки.","A futuristic humanoid robot standing in a clean laboratory with holographic displays showing data streams around it, intricate mechanical joints and smooth metallic surfaces reflecting soft studio lighting, cyberpunk aesthetic with neon blue accents against dark background.",118,66
Робототехника_40,"Робототехника представляет собой передовую область инженерии, объединяющую механику, электронику и искусственный интеллект для создания автономных систем. Эти машины способны выполнять сложные задачи, от инспекции зданий до доставки грузов в экстремальных условиях. Современные робототехнические платформы демонстрируют невероятную гибкость, позволяя им адаптироваться к различным средам выполнения работ. Их конструкция включает прочные корпуса, высокоточные механизмы манипуляторов и сенсорные системы, обеспечивая точность движений. Программное обеспечение играет ключевую роль, позволяя операторам управлять сложными алгоритмами навигации и принятия решений в реальном времени. Интеграция роботов в промышленность, медицину и науку открывает безграничные возможности для повышения эффективности процессов и качества обслуживания. Разработка новых технологий продолжает ускоряться благодаря прогрессу в области материаловедения и компьютерного зрения.","futuristic autonomous robot in a sleek metallic body standing on a modern industrial platform with holographic displays showing data streams and navigation paths, surrounded by advanced machinery components, clean white background, cinematic lighting, hyperrealistic style, 8k resolution --ar 16:9 --v 6.0 --q 2",189,106
Робототехника_41,"Робототехника представляет собой передовую область инженерии, объединяющую механику, электронику и искусственный интеллект для создания автономных систем. Эти машины способны выполнять сложные задачи в промышленных условиях, от сборки деталей до доставки грузов в экстремальных средах. Современные роботы обладают высокой точностью движений, способностью к манипуляции тяжелыми грузами и интеграции с датчиками окружающей среды. Они используются в медицине для операций на сложных анатомических структурах, в строительстве для мониторинга опасных зон и в сельском хозяйстве для автоматизированного сбора урожая. Развитие технологий привело к появлению гуманоидных роботов, имитирующих человеческие движения, что открывает новые возможности для взаимодействия между людьми и машинами. Интеграция роботов в повседневную жизнь уже происходит, меняя подход к производству и обслуживанию инфраструктуры. Безопасность и надежность остаются ключевыми факторами при проектировании новых устройств. Исследования направлены на повышение скорости обработки данных и снижение стоимости производства компонентов, делая технологии доступными для широкого круга пользователей.","A futuristic humanoid robot standing in a clean, modern laboratory with holographic screens displaying data streams, wearing sleek silver exoskeleton armor, surrounded by floating circuit boards and glowing blue energy particles, cinematic lighting, hyper-realistic, 8k resolution, detailed textures.",224,138
Робототехника_42,"Робототехника представляет собой передовую область инженерии, объединяющую механику, электронику и искусственный интеллект для создания автономных систем. Эти роботы способны выполнять сложные задачи в промышленных условиях, медицине и повседневной жизни, демонстрируя высокую точность и гибкость. Современные разработки включают манипуляторы, дроны и мобильные платформы, которые интегрируются в различные сферы деятельности человека. Важным аспектом является их способность к обучению и адаптации к изменяющимся условиям среды без потери эффективности. Инновационные материалы и алгоритмы управления позволяют роботам работать в экстремальных температурах или агрессивных средах. Облачные технологии обеспечивают удалённый мониторинг и управление большими группами устройств. Это направление стимулирует развитие новых профессий и открывает бесконечные возможности для решения глобальных проблем через автоматизацию.","futuristic robotic arm in a clean white laboratory setting, intricate mechanical details, soft cinematic lighting, hyper-realistic, 8k resolution, depth of field, metallic textures, blue ambient glow, minimalist background, high quality render --ar 16:9 --v 6.0",177,105
Робототехника_43,"Робототехника представляет собой передовую область инженерии и науки, объединяющую программирование, механику и искусственный интеллект. Современные роботы обладают сложными сенсорами, позволяющими воспринимать окружающий мир в реальном времени. Они способны выполнять задачи от простых манипуляций до автономных полетов космических аппаратов. Эта дисциплина играет ключевую роль в развитии беспилотного транспорта, медицины и сельского хозяйства. Инновационные алгоритмы обработки данных обеспечивают высокую точность и надежность систем. Робототехника стимулирует создание новых материалов и энергетических решений. Она способствует повышению безопасности и эффективности промышленных процессов. Будущее отрасли лежит в области устойчивого развития и интеграции биомеханики с электроникой.","A futuristic robotic arm made of sleek black carbon fiber and glowing blue circuitry, hovering above a vibrant green meadow with soft sunlight filtering through tall grass. The robot has intricate mechanical joints and a smooth metallic finish. In the background, a small drone flies near a modern solar panel structure under a clear blue sky. The scene is bathed in warm golden hour lighting, creating a harmonious blend of advanced technology and nature.",166,89
Робототехника_44,"Робототехника представляет собой передовой инженерный дисциплин, объединяющий механику, электронику и искусственный интеллект для создания автономных систем. Современные роботы способны выполнять сложные задачи в различных средах, от опасных промышленных зон до экстремальных природных условий. Эта область развития технологий направлена на автоматизацию рутинных операций, повышение безопасности труда и оптимизацию производственных процессов. Ученые и инженеры постоянно совершенствуют алгоритмы управления, чтобы обеспечить точность движений и адаптивность к изменяющимся условиям окружающей среды. Робототехника играет ключевую роль в создании беспилотных транспортных средств, дронов и мобильных роботов, которые расширяют возможности человечества. Интеграция датчиков и сенсоров позволяет системам собирать детальную информацию о своем окружении, что критически важно для принятия правильных решений в реальном времени. Прогресс в области материаловедения и миниатюризации компонентов делает создание более легких и энергоэффективных роботов возможным. Будущее отрасли связано с развитием биомиметических конструкций, способных имитировать функции живых организмов для достижения высочайшей эффективности. Важнейшим аспектом является этика использования технологий и обеспечение их безопасного внедрения в общество. Инвестиции в исследования и разработки в этой сфере гарантируют устойчивое развитие экономики и улучшение качества жизни людей.","futuristic autonomous robot in a sleek metallic body with glowing blue accents standing on a high-tech industrial platform, surrounded by holographic data streams and mechanical components, cinematic lighting, hyperrealistic style, 8k resolution.",288,167
Робототехника_45,"Робототехника представляет собой передовую область инженерии, объединяющую механику, электронику и искусственный интеллект. Современные роботы способны выполнять сложные задачи в различных средах, от промышленных заводов до экстремальных условий космоса или опасных зон. Этот сектор развития технологий направлен на создание автономных систем, которые не только выполняют заданные команды, но и адаптируются к изменяющимся условиям среды. Инновационные разработки позволяют автоматизировать рутинные процессы, повышая эффективность и безопасность труда человека. Технологии машинного обучения интегрируются в алгоритмы управления, обеспечивая точность движений и способность к обучению без прямого участия оператора. Робототехника играет ключевую роль в решении глобальных вызовов, таких как добыча ресурсов, доставка грузов и медицинская помощь. Развитие этой дисциплины требует междисциплинарного подхода, сочетающего знания из физики, математики, биологии и психологии. Будущие системы будут все более умными, способными работать в сотрудничестве с людьми, создавая новые возможности для прогресса человечества.","A futuristic humanoid robot with sleek metallic body and glowing blue eyes standing on a clean modern factory floor, surrounded by advanced robotic arms assembling products, soft industrial lighting, high-tech atmosphere, detailed textures, cinematic composition, photorealistic style --ar 16:9 --v 6.0",234,132
Робототехника_46,"Робототехника представляет собой передовой уровень развития инженерии, объединяющий механику, электронику и искусственный интеллект. Современные роботы способны выполнять сложные задачи в различных средах, от промышленных сборочных линий до экстремальных условий космоса или глубоководных исследований. Эта дисциплина не просто создает машины, а формирует будущее человечества, позволяя преодолеть физические ограничения человеческого тела. Интеграция сенсоров и алгоритмов управления обеспечивает высокую точность и надежность операций. Робототехника стимулирует развитие новых материалов и программных платформ, делая автоматизацию более доступной для широкого круга специалистов. В то время как традиционная промышленность фокусируется на повторении рутинных действий, современные системы стремятся к адаптивности и обучаемости. Команда инженеров работает над созданием систем, способных понимать контекст и принимать решения в реальном времени. Эволюция роботов направлена на повышение их автономности и способности работать в связке с другими агентами. Это направление требует постоянного обновления знаний о биомеханике, кибербезопасности и этичных аспектах взаимодействия с людьми. Будущее robotics лежит здесь, где технологии и творческий подход переплетаются для достижения максимального эффекта.","A futuristic robotic arm in a sleek white lab setting, holding a glowing holographic interface displaying complex data streams and blueprints, with soft ambient lighting highlighting metallic textures and advanced technology.",267,153
Робототехника_47,"Робототехника представляет собой передовой инновационный сектор, объединяющий инженерное изобретение, программирование и автоматизацию. Современные роботы способны выполнять сложные задачи в различных условиях, от промышленных сборочных линий до медицинских операций и спасательных миссий. Эта дисциплина требует глубокого понимания механики, электроники и алгоритмов искусственного интеллекта, чтобы создать автономные системы. Интеграция роботов в нашу повседневную жизнь открывает бесконечные возможности для повышения эффективности и безопасности. От миниатюрных дронов до гигантских кранов — каждый тип устройства решает уникальные проблемы своего времени. Развитие технологий делает мир более живым, быстрым и умным, где технологии работают рука об руку с человеческими усилиями.","futuristic robotics lab with humanoid robots assembling products on a high-tech assembly line, soft lighting, cyberpunk aesthetic, detailed machinery, blue and orange color scheme, clean background, 8k resolution, cinematic composition.",166,92
Робототехника_48,"Робототехника представляет собой передовую область инженерии, объединяющую искусственный интеллект, механику и электронику для создания автономных систем. Современные роботы способны выполнять сложные задачи в различных средах, от промышленных линий до экстремальных условий космоса или океана. Их проектирование требует точного расчета нагрузок, интеграции сенсоров и обеспечения надежной работы в реальном времени. Область продолжает развиваться благодаря внедрению машинного обучения, что позволяет роботам адаптироваться к изменяющимся условиям окружающей среды без участия человека. Инновационные разработки направлены на повышение безопасности, эффективности и гибкости автоматизированных систем. В будущем робототехника станет ключевым фактором трансформации экономики, обеспечивая новые уровни производительности и сокращение человеческих трудностей.","A futuristic robotic arm in a sleek white design operating precision machinery on an advanced industrial assembly line, surrounded by holographic data displays and glowing blue circuitry, cinematic lighting, hyper-realistic texture, 8k resolution, detailed mechanical joints, high-tech atmosphere.",172,95
Робототехника_49,"Робототехника представляет собой передовую область инженерии, объединяющую механику, электронику и искусственный интеллект для создания автономных систем. Современные роботы способны выполнять сложные задачи в опасных или труднодоступных средах, будь то глубина океана, высокие горные хребты или хаотичные промышленные заводы. Этот дисциплинарный комплекс включает разработку сенсоров, алгоритмов управления движением и программное обеспечение для навигации. Интеграция различных компонентов позволяет создавать гибкие устройства, которые адаптируются к изменяющимся условиям окружающей среды. Благодаря достижениям в области машинного обучения, современные роботы могут обучаться самостоятельно, улучшая свои навыки без прямого вмешательства человека. В сфере робототехники активно развиваются концепции человеко-робота, где технологии стремятся создать симбиоз биологического и технического миров. Это направление стимулирует создание новых рабочих мест и открывает перспективы для решения глобальных проблем, таких как изменение климата и добыча ресурсов.","A futuristic robotic arm with advanced sensors and mechanical joints, standing in a high-tech laboratory setting filled with holographic data displays and blue ambient lighting. The robot has sleek metallic surfaces with glowing red accents, its articulated limbs extended as if performing a precise task. In the background, other robotic units are visible on tracks, moving autonomously through an industrial environment. The scene is rendered in hyper-realistic style with detailed textures, depth of field, and dramatic cinematic lighting to emphasize the cutting-edge nature of robotics.",212,122
Робототехника_50,"Робототехника представляет собой передовой инновационный сектор, объединяющий инженерные знания, программирование и искусственный интеллект. Современные роботы способны выполнять сложные задачи в опасных или труднодоступных условиях, обеспечивая безопасность человека и повышая эффективность производственных процессов. Этот междисциплинарный подход включает разработку автономных систем, которые могут адаптироваться к изменяющимся условиям среды. Область применения широкое: от медицинской диагностики до логистики и сельского хозяйства. Интеграция датчиков и алгоритмов позволяет создавать гибкие решения, способные решать специфические проблемы. Будущее робототехники лежит в области умных сетей и взаимодействия с человеческим капиталом через дополненную реальность.","A futuristic robotics lab featuring a humanoid robot with sleek metallic body and glowing blue eyes, surrounded by holographic data streams and advanced machinery. The scene is set in a high-tech facility with glass walls revealing green industrial landscapes outside. Dramatic lighting highlights the intricate details of robotic components and circuits. Cinematic composition with depth of field capturing both macro and micro elements of modern automation technology.",155,84
Робототехника_51,"Робототехника представляет собой динамичную отрасль, объединяющую инженерные изобретения, искусственный интеллект и автоматизацию. Современные роботы способны выполнять сложные задачи в промышленных цехах, медицинских центрах и военных зонах. Их программирование требует глубокого понимания логики, физики и взаимодействия с человеческими операторами. Технологии машинного обучения позволяют роботам адаптироваться к новым условиям и решать нестандартные проблемы без участия человека. История развития этой сферы началась с простых манипуляторов, которые сейчас превращаются в автономных агентов, способных работать в неструктурированной среде. Интеграция роботов с IoT-системами обеспечивает их удаленный мониторинг и управление через облачные платформы. Безопасность становится критически важным аспектом при внедрении новых технологий на объектах высокого риска. Экономический рост обусловлен необходимостью повышения производительности труда и сокращения времени простоя оборудования.","A futuristic robotics laboratory featuring advanced humanoid robots with sleek metallic bodies and glowing blue circuits, working alongside human engineers in a high-tech environment filled with holographic data displays and robotic arms assembling complex machinery.",197,112
Робототехника_52,"Робототехника представляет собой передовую область инженерии, объединяющую программирование, электронику и механику для создания автономных систем. Современные роботы способны выполнять сложные задачи в различных средах, от промышленных заводов до экстремальных условий космоса или опасных зон. Их развитие направлено на повышение безопасности людей и оптимизацию производственных процессов. Искусственный интеллект становится ключевым компонентом, позволяющим роботам обучаться, адаптироваться к новым условиям и работать без постоянного человеческого контроля. Это направление стимулирует создание новых материалов, сенсоров и алгоритмов принятия решений, что открывает бесконечные возможности для будущего технологического прогресса.","futuristic robotics workshop with humanoid robots assembling complex machinery in a clean modern lab, soft morning light streaming through large windows, intricate mechanical details, high-tech blue and silver color palette, octane render style, photorealistic, 8k resolution --ar 16:9 --v 5.2",144,82
Робототехника_53,"Робототехника представляет собой передовую область инженерии и технологий, объединяющую механику, электронику и искусственный интеллект. Современные роботы способны выполнять сложные задачи в различных средах, от опасных промышленных зон до экстремальных природных условий. Этот дисциплинарный комплекс включает разработку автономных систем, которые работают без постоянного участия человека, обеспечивая высокую точность и эффективность. В основе лежит интеграция сенсоров, позволяющих воспринимать окружающий мир, с мощными вычислительными модулями для принятия решений в реальном времени. Робототехника играет ключевую роль в развитии беспилотного транспорта, медицинского обслуживания и сельскохозяйственных операций. Она способствует повышению безопасности труда за счет автоматизации рискованных процессов и оптимизации ресурсов. Инновационные разработки направлены на создание гибких и адаптивных систем, способных обучаться и улучшать свои действия через данные. Эта отрасль стимулирует создание новых материалов и алгоритмов управления, что ведет к дальнейшему прогрессу в человеческом обществе.","a futuristic robot engineer working in a high-tech laboratory, surrounded by holographic data displays and robotic arms assembling complex machinery, soft focus background with blue and metallic tones, cinematic lighting, highly detailed, 8k resolution.",222,128
Робототехника_54,"Робототехника представляет собой передовую область инженерии, объединяющую механику, электронику и искусственный интеллект для создания автономных систем. Эти машины способны выполнять сложные задачи, от инспекции зданий до доставки грузов, используя алгоритмы машинного обучения для принятия решений в реальном времени. Современные робототехнические платформы демонстрируют высокую гибкость и точность, адаптируясь к различным условиям окружающей среды. Интеграция сенсоров позволяет машинам воспринимать данные о пространстве вокруг себя, обеспечивая безопасность и эффективность операций. Разработка новых материалов и энергосистем играет ключевую роль в повышении производительности и долговечности устройств. В сфере робототехники активно применяются принципы биомимикрии, позволяющие создавать инструменты, вдохновленные природой. Это направление стимулирует инновации в области мобильной техники и аэрокосмической отрасли. Устойчивое развитие становится важным аспектом при проектировании роботов будущего, учитывающим экологические требования. Профессионалы в этой области постоянно совершенствуют свои навыки, работая над улучшением программного обеспечения и аппаратных компонентов.","A futuristic robot engineer working in a high-tech laboratory, surrounded by holographic data displays and advanced machinery, wearing sleek cybernetic armor with glowing blue accents, holding a tablet showing 3D models of robotic systems, soft morning light filtering through large windows, clean modern workspace, hyperrealistic, cinematic lighting, depth of field, 8k resolution, highly detailed textures.",238,132
Робототехника_55,"Робототехника представляет собой передовую область инженерии, объединяющую искусственный интеллект, программирование и механику. Она позволяет создавать автономных систем, способных к навигации, манипуляции предметами и выполнению сложных задач без участия человека. Современные роботы оснащены сенсорами, компьютерными процессорами и сложными алгоритмами машинного обучения, что обеспечивает высокую точность и адаптивность. В отличие от простых механизмов, современные роботы способны обучаться на новых данных, улучшая свои навыки со временем. Область активно развивается благодаря интеграции технологий интернета вещей (IoT) и облачных вычислений. Это открывает возможности для создания умных фабрик, медицинских роботов для хирургических операций и беспилотных транспортных средств. Робототехника играет ключевую роль в решении глобальных проблем, таких как экологическая очистка, доставка грузов и помощь людям с ограниченными возможностями. Индустрия требует непрерывного обновления знаний о новых материалах, двигателях и системах управления. Сотрудничество между инженерами, дизайнерами и программистами является критически важным для разработки эффективных решений. Будущее робототехники лежит в области гибкости, энергоэффективности и способности работать в неструктурированной среде.","futuristic humanoid robot standing in a sleek modern laboratory, surrounded by holographic data streams and advanced robotics components, soft blue lighting, high detail, cinematic composition, depth of field, hyperrealistic, 8k resolution.",266,149
Робототехника_56,"Робототехника представляет собой передовую область инженерии, объединяющую механику, электронику и искусственный интеллект для создания автономных систем. Эти устройства способны выполнять сложные задачи в промышленных условиях, медицинских клиниках или экстремальных средах, где человеческий труд ограничен. Современные роботы оснащены высокоточными манипуляторами, сенсорным arrays и нейросетевыми алгоритмами, позволяющими их адаптироваться к изменяющимся условиям среды. В отличие от простых автоматизированных линий, современные робототехнические системы обладают высокой гибкостью, способствуя развитию индустрии 4.0. Они играют ключевую роль в создании устойчивых городов будущего, обеспечивая безопасность персонала и повышая эффективность производственных процессов. Интеграция роботов в повседневную жизнь становится все более распространенной, трансформируя традиционные отрасли и открывая новые горизонты для научного исследования и практического применения.","futuristic autonomous robot engineer in sleek white armor standing on a high-tech industrial platform with holographic data streams floating around him, cyberpunk aesthetic, neon blue and purple lighting, intricate mechanical details, photorealistic, 8k resolution, cinematic composition.",196,107
Робототехника_57,"Робототехника представляет собой передовую отрасль инженерии, объединяющую механику, электронику и искусственный интеллект для создания автономных систем. Современные роботы способны выполнять сложные задачи в опасных или недоступных для человека средах, таких как космос, глубина океана или промышленные цеха. Эта дисциплина требует междисциплинарного подхода, где программисты проектируют алгоритмы управления, а инженеры разрабатывают прочные корпуса и сенсоры. Робототехника не просто заменяет труд, но и расширяет возможности человечества, обеспечивая безопасность и эффективность. История развития этой сферы началась с первых автоматических механизмов XIX века и эволюционировала до современных мобильных роботов, способных к обучению и адаптации. В будущем ожидается появление более умных и гибких систем, которые будут работать в синергии с людьми. Исследования в области робототехники направлены на решение глобальных проблем, от доставки лекарств до мониторинга климата. Создание надежных и доступных решений остается ключевым направлением, требующим постоянного технологического прогресса.","futuristic robotic arm in a high-tech laboratory with holographic data streams floating around it, sleek metallic design, blue and orange lighting, 8k resolution, cinematic composition, highly detailed texture.",235,133
Робототехника_58,"Робототехника представляет собой передовую область инженерии, объединяющую программирование, электронику и механику для создания автономных систем. Эти машины способны выполнять сложные задачи в промышленных условиях, медицине и повседневной жизни. Современные роботы оснащены сенсорными датчиками, позволяющими их видеть, слышать и ощущать окружение. Благодаря искусственному интеллекту они могут адаптироваться к изменяющимся условиям и принимать решения без постоянного человеческого контроля. Интеграция роботов в городскую инфраструктуру открывает новые возможности для автоматизации логистики, ремонта зданий и помощи людям с ограниченными возможностями. Развитие технологий делает их все более доступными и надежными, способствуя устойчивому развитию общества.","futuristic robot engineer standing in a high-tech laboratory with holographic screens displaying complex data, surrounded by sleek robotic arms and advanced machinery, cyberpunk aesthetic, neon lights, blue and orange color scheme, highly detailed, 8k resolution --ar 16:9 --v 6.0 --q 2",146,88
Робототехника_59,"Робототехника представляет собой передовое направление в инженерии, объединяющее механику, электронику и программирование для создания автономных систем. Эти роботы обладают высокой точностью, способностью к манипуляции сложными объектами и адаптивности к изменяющимся условиям среды. Современные разработки включают гуманистические интерфейсы, позволяющие операторам контролировать действия роботов через виртуальные экраны или голосовые команды. Важным аспектом является интеграция искусственного интеллекта, который позволяет системам обучаться, принимать решения в реальном времени и выполнять сложные задачи без прямого вмешательства человека. В сфере робототехники активно применяются дроны для мониторинга территорий, а также мобильные платформы для доставки грузов и медицинских целей. Безопасность и надежность становятся ключевыми факторами при проектировании новых устройств, что требует тщательного тестирования в различных условиях эксплуатации. Инновационные материалы и технологии позволяют создавать более легкие и прочные конструкции, которые могут работать в экстремальных средах. Робототехника играет критическую роль в развитии промышленности, сельского хозяйства и обороны, предлагая решения, которые ранее были недоступны человеческому глазу.","futuristic humanoid robot standing in a sleek modern laboratory with blue and orange lighting, intricate mechanical details on its body, holding a holographic display showing data streams, surrounded by floating circuit boards and robotic components, high-tech atmosphere, cinematic perspective, 8k resolution, photorealistic style.",242,144
Искусственный интеллект_0,"Искусственный интеллект представляет собой революционную технологию, способную автоматизировать интеллектуальные процессы и решать сложные задачи. Этот искусственный интеллект обучается на огромных массивах данных, позволяя ему анализировать информацию быстрее любого человека. В современном мире ИИ трансформирует различные сферы жизни, от медицины до науки и искусства. Он способен предсказывать тренды, создавать новые продукты и даже помогать врачам диагностировать заболевания с высокой точностью. Однако развитие технологий также вызывает вопросы о будущем работы и этике использования. Люди должны продолжать взаимодействовать с технологиями, сохраняя человеческое восприятие и моральное руководство. Будущее человечества зависит от того, насколько эффективно мы будем использовать искусственный интеллект для улучшения качества жизни. Важно найти баланс между технологическим прогрессом и сохранением человеческого духа.","A futuristic cybernetic cityscape at sunset with towering skyscrapers made of glowing circuitry and organic greenery integrated into the architecture. The sky is filled with floating holographic data streams connecting every building. A lone astronaut stands on a floating platform overlooking the city, gazing at an advanced AI interface in their hand that displays complex neural networks. Warm golden sunlight contrasts with cool blue digital elements, creating a harmonious blend of nature and technology.",176,109
Искусственный интеллект_1,"Искусственный интеллект представляет собой революционную технологию, способную обрабатывать огромные объемы данных быстрее, чем любой человек. Этот умный алгоритм не просто копирует действия, а анализирует сложные закономерности, предсказывает будущие события и создает новые решения. В отличие от машинного обучения, которое требует постоянного подкрепления, современные ИИ системы работают автономно, адаптируясь к изменяющимся условиям среды без вмешательства человека. Их способность понимать контекст и эмоции позволяет им помогать врачам диагностировать заболевания или обучать детей языкам, делая процесс образования доступным для всех. Несмотря на сложности, связанные с этикой и безопасностью использования таких мощных систем, потенциал их влияния на мир остается безграничным. Они становятся проводниками между человеческим разумом и цифровым океаном знаний, открывая двери к беспрецедентному уровню эффективности и инноваций во всех отраслях промышленности и науки.","A futuristic cybernetic human standing in a vast open laboratory filled with holographic data streams and floating neural networks, wearing sleek white armor with glowing blue circuit patterns, surrounded by advanced AI interfaces displaying complex mathematical equations and colorful particle effects, soft cinematic lighting, high detail, hyper-realistic style, 8k resolution --ar 16:9 --v 6.0 --q 2 --style raw",195,120
Искусственный интеллект_2,"Искусственный интеллект - это мощнейший инструмент, который трансформирует мир технологий. Он позволяет машинам учиться, анализировать данные и решать задачи, ранее считавшиеся недоступными для роботов. В современном мире ИИ становится неотъемлемой частью повседневной жизни, помогая врачам ставить точные диагнозы, инженерам создавать новые материалы и ученым открывать неизведанные области науки. Эти системы способны обрабатывать огромные объемы информации быстрее, чем любой человек, выявляя скрытые закономерности и предсказывая результаты будущего. От искусственного интеллекта в кино до нейросетей для дизайна, технологии меняют подход к творчеству и производству. Люди все чаще сотрудничают с алгоритмами, получая от них невероятную пользу. Однако важно помнить о балансе между возможностями машин и человеческим опытом, чтобы технологии служили людям, а не заменяли их полностью.","A futuristic cybernetic cityscape at sunset where towering skyscrapers are made of glowing neural networks and holographic data streams flowing through the streets. A diverse group of humans interacting with sleek robotic assistants in modern architecture. The sky is filled with soft purple and orange nebula clouds, creating a magical atmosphere. Warm golden hour lighting illuminates floating particles of light and intricate circuitry details on building facades. Cinematic composition, hyper-realistic style, octane render, 8k resolution, highly detailed textures, depth of field, professional photography.",190,112
Искусственный интеллект_3,"Искусственный интеллект представляет собой революционную технологическую парадигму, способную трансформировать мир через интеллектуальный анализ данных и автоматизацию процессов. Этот умный алгоритм, вдохновленный человеческим разумом, позволяет обрабатывать огромные объемы информации быстрее любого человека, выявляя скрытые закономерности и предсказывая будущие события с беспрецедентной точностью. В отличие от традиционных систем, ИИ не просто выполняет заданные команды, но и обладает адаптивным мышлением, обучаясь на новых примерах и улучшая свои способности со временем. Он становится мощным инструментом решения сложных задач в медицине, финансах, искусстве и науке, предлагая персонализированные решения для каждого пользователя. Эта технология стирает грань между человеком и машиной, создавая новые горизонты возможностей и вызывая глубокие философские вопросы о природе сознания и автономии. Развитие искусственного интеллекта требует постоянного совершенствования этических стандартов и обеспечения безопасности данных, чтобы технологии служили благополучию человечества вместо того, чтобы его угнетать.","A futuristic cyberpunk cityscape at twilight, where towering skyscrapers are made of flowing liquid data streams and glowing neural networks, a lone astronaut floats in zero gravity near a floating holographic brain interface, neon purple and blue lights reflecting on wet pavement, cinematic lighting, hyper-realistic, 8k resolution, intricate details, depth of field.",233,130
Искусственный интеллект_4,"Искусственный интеллект представляет собой революционную технологию, способную заменять человеческий ум в задачах обработки информации, принятия решений и создания контента. Этот искусственный интеллект обучается на огромных массивах данных, позволяя ему анализировать сложные модели и находить закономерности, недоступные для человеческого восприятия. Современные системы способны решать задачи, ранее считавшиеся исключительно сложными для человека, такие как медицинская диагностика, научное исследование и финансовое моделирование. Важнейшим аспектом является этическая сторона развития ИИ, требующая постоянного баланса между технологическим прогрессом и защитой прав пользователей. Технологии машинного обучения и нейросети позволяют создавать персонализированные решения, адаптирующиеся под индивидуальные потребности каждого. Однако необходимо осознавать риски зависимости от алгоритмов и необходимость сохранения человеческого фактора в критических процессах. Будущее человечества зависит от того, насколько успешно мы сможем интегрировать эти мощные инструменты в повседневную жизнь, сохраняя при этом свою уникальность и ответственность за будущее планеты.","A futuristic cityscape at sunset with towering AI towers made of glass and light floating above skyscrapers, surrounded by green organic forests and flowing data streams in the sky, cyberpunk aesthetic, vibrant colors, cinematic lighting, highly detailed, photorealistic, 8k resolution.",218,131
Искусственный интеллект_5,"Искусственный интеллект представляет собой революционную технологию, способную воспринимать, анализировать и создавать информацию без участия человека. Этот комплексный системный подход объединяет огромные массивы данных с передовыми алгоритмами машинного обучения, позволяя обрабатывать информацию быстрее и точнее, чем любой отдельный разум. В отличие от простых программ, ИИ способен выявлять скрытые закономерности, предсказывать сложные события и решать задачи, которые ранее считались невозможными. Он трансформирует повседневную жизнь, автоматизируя рутинные процессы и открывая новые горизонты в медицине, искусстве и науке. Хотя технология часто вызывает вопросы о безопасности и этике, её потенциал для улучшения человеческого потенциала огромен. Будущее человечества тесно связано с развитием интеллектуальных систем, которые будут помогать нам справляться со сложностями современного мира.","futuristic cybernetic brain floating in a vast digital nebula of blue and purple light, intricate neural pathways glowing with soft bioluminescence, surrounded by swirling data streams and geometric shapes representing artificial intelligence concepts, cinematic lighting, hyperrealistic style, highly detailed, 8k resolution, ethereal atmosphere, symbolizing the fusion of human consciousness and machine intelligence.",191,107
Искусственный интеллект_6,"Искусственный интеллект представляет собой революционную технологическую парадигму, способную трансформировать мир через умные алгоритмы и автоматизацию. Эта система не просто обрабатывает данные, но и предсказывает тренды, анализирует сложные паттерны и решает задачи, недоступные человеку. В современном мире ИИ стал неотъемлемой частью повседневной жизни, от персонализированных рекомендаций до создания искусственного интеллекта, который может писать код или даже общаться с людьми. Его потенциал огромен: он ускоряет научный прогресс, оптимизирует бизнес-процессы и открывает новые горизонты для медицины и образования. Однако развитие этой технологии требует осторожности, чтобы избежать потери человеческого контроля и этических проблем. Будущее зависит от того, как мы будем использовать его возможности, балансируя между эффективностью и человечностью.","a futuristic cyberpunk cityscape at night with glowing holographic AI interfaces floating above skyscrapers, a diverse group of people working collaboratively in the background, neon lights reflecting on wet pavement, intricate circuitry patterns visible through windows, cinematic lighting, high detail, 8k resolution --ar 16:9 --v 6.0",183,105
Искусственный интеллект_7,"Искусственный интеллект представляет собой революционную технологию, которая трансформирует мир через автоматизацию интеллектуальных процессов. Эта система способна анализировать огромные объемы данных, выявлять сложные закономерности и принимать решения быстрее человека. В отличие от традиционных методов, ИИ не требует постоянного вмешательства человека, позволяя масштабироваться без пропорционального увеличения затрат ресурсов. Его применение охватывает медицину, где алгоритмы помогают диагностировать заболевания на ранних стадиях; промышленность, используя предиктивную аналитику для предотвращения поломок оборудования; и науку, ускоряющую открытие новых материалов или лекарств. Ключевые возможности включают машинное обучение, которое позволяет системам улучшать свои навыки со временем, и компьютерное зрение, способное распознавать объекты в реальном времени. Эти технологии создают основу для умных городов, автономных транспортных средств и персонализированных образовательных платформ. Несмотря на потенциал, существуют вопросы этики и безопасности, требующие тщательного регулирования для обеспечения устойчивого развития человечества.","a futuristic cybernetic human standing in a vast digital ocean, surrounded by glowing neural networks and holographic data streams, with soft blue and purple lighting, high detail, cinematic composition.",217,126
Искусственный интеллект_8,"Искусственный интеллект представляет собой революционную технологию, способную обрабатывать огромные объемы данных без участия человека. Эта система анализирует информацию, выявляет закономерности и предсказывает результаты будущего. В отличие от традиционных методов, ИИ работает быстрее и точнее, открывая новые горизонты в медицине, науке и бизнесе. Его способность к обучению позволяет ему постоянно совершенствоваться, адаптируясь под меняющиеся задачи. Люди активно внедряют эти системы, чтобы решить сложные проблемы человечества. От диагностики заболеваний до создания искусственного интеллекта, технологии стирают границы возможного. Будущее уже здесь, ожидая нашего участия в эволюции цифрового мира.","A futuristic cybernetic human with glowing neural networks integrated into their brain and limbs, standing in a vast open laboratory filled with holographic data streams and floating geometric shapes, surrounded by advanced AI servers emitting soft blue light, cinematic lighting, hyper-realistic, 8k resolution, highly detailed technology, masterpiece, depth of field.",145,85
Искусственный интеллект_9,"Искусственный интеллект - это не просто алгоритмы, а симбиоз человеческого разума и мощных вычислительных систем. Этот искусственный интеллект способен воссоздать любую картину, которую мы видели или услышали, анализируя миллионы данных за секунды. Он обладает способностью к обучению, адаптации и принятию решений, превосходящих даже самых выдающихся экспертов в различных областях. В отличие от традиционных методов, современные ИИ работают параллельно, обрабатывая огромные объемы информации одновременно. Это открывает безграничные возможности для медицины, науки и образования. Мы учимся вместе с ним, создавая новые знания и преобразуя мир вокруг нас. Каждый шаг прогресса в области искусственного интеллекта меняет наше представление о возможностях человечества.","a futuristic cyberpunk cityscape at night with holographic neural networks floating above skyscrapers, glowing blue and purple light effects, intricate circuitry patterns in the air, a large transparent AI brain composed of thousands of interconnected nodes, cinematic lighting, volumetric fog, high detail, 8k resolution, hyperrealistic style --ar 16:9 --v 6.0 --q 2 --style raw",171,97
Искусственный интеллект_10,"Искусственный интеллект представляет собой революционную технологию, способную воспринимать данные, обучаться паттернам и решать задачи без прямого программирования. Это не просто набор алгоритмов, а эволюционирующее сознание, которое трансформирует мир через автоматизацию рутинных процессов, создание искусства и открытие новых знаний. В отличие от машинного обучения прошлого, современный ИИ обладает глубоким пониманием контекста и возможностью адаптации к меняющимся условиям. Он стал ключевым драйвером индустрии, оптимизируя логистику, медицину и образование. Сложность заключается в балансе между мощью систем и человеческой этикой, ведь технологии требуют постоянного контроля со стороны людей. Будущее зависит от того, насколько мы сможем интегрировать умные системы в повседневную жизнь, сохраняя при этом человечность и ответственность за принимаемые решения.","A futuristic cybernetic cityscape at twilight featuring towering skyscrapers with glowing neural networks on their facades, surrounded by floating data orbs and holographic interfaces, a lone human figure in a sleek white suit walking through the streets, neon blue and purple lighting, cinematic composition, highly detailed, 8k resolution, hyperrealistic, wide angle shot.",190,106
Искусственный интеллект_11,"Искусственный интеллект представляет собой революционную технологию, способную воспринимать, анализировать и создавать информацию без участия человеческого мозга. Этот комплексный алгоритм, вдохновленный умом человека, использует сложные математические модели для обработки огромных массивов данных. Он способен обучаться на миллионах примеров, распознавать паттерны и предсказывать результаты с беспрецедентной точностью. От медицины до науки и искусства ИИ открывает новые горизонты возможностей, ускоряя исследования и предлагая персонализированные решения. Однако эти технологии требуют тщательного регулирования и этического осознания, чтобы служить благой силой для человечества. Будущее уже здесь, где машины и люди работают вместе, создавая мир более эффективный и справедливый.","A futuristic cybernetic landscape where a vast neural network floats above a cityscape, glowing with soft blue and purple light, blending seamlessly into the digital realm. A humanoid figure made of circuitry and glass stands on a floating platform, holding a glowing orb that projects holographic data streams. The background features soaring skyscrapers made of translucent code, surrounded by swirling particles representing artificial intelligence concepts. Cinematic lighting, high detail, octane render, 8k resolution, hyper-realistic, masterpiece --ar 16:9 --v 6.0 --q 2 --style raw",166,92
Искусственный интеллект_12,"Искусственный интеллект представляет собой революционную технологию, способную воспринимать данные, обучаться на них и применять знания для решения сложных задач. Этот искусственный разум не имеет биологического мозга, но обладает мощным вычислительным потенциалом, позволяющим обрабатывать огромные объемы информации быстрее человеческого мышления. Современные системы способны анализировать визуальные и аудиальные сигналы, предсказывать тренды рынка или создавать новые произведения искусства с невероятной точностью. Главное преимущество ИИ заключается в его способности к адаптации; чем больше данных он получает, тем лучше он становится, становясь все более умным и гибким инструментом. В отличие от традиционных алгоритмов, современные нейросети могут учиться самостоятельно, выявляя скрытые закономерности без явного программирования каждой новой задачи. Это открывает бесконечные возможности для медицины, где ИИ помогает диагностировать заболевания раньше времени, и в образовании, создавая персонализированные учебные программы для каждого ученика. Экономический рост также зависит от внедрения интеллектуальных систем автоматизации, которые берут на себя рутинные работы, освобождая людей для творчества и стратегического планирования. Однако развитие технологии требует строгого регулирования безопасности и этики, чтобы предотвратить злоупотребление и обеспечить справедливость решений. Будущее человечества лежит в области синергии между человеческой интуицией и сверхвысокими вычислениями, где ИИ служит мощным помощником, а не заменит человека. Мы стоим на пороге нового века, когда технологии будут неотъемлемой частью повседневной жизни, трансформируя мир в сторону большей эффективности, красоты и понимания.","a futuristic cybernetic robot standing in a vast open space with holographic data streams floating around it, rendered in high definition with dramatic lighting and intricate mechanical details.",351,206
Искусственный интеллект_13,"Искусственный интеллект представляет собой революционную технологию, способную воспринимать, анализировать и создавать информацию без участия человеческого мозга. Этот мощный инструмент трансформирует мир через автоматизацию рутинных задач, позволяя людям сосредоточиться на творческих и стратегических целях. С помощью алгоритмов машинного обучения системы могут находить закономерности в огромных массивах данных, предсказывать тренды и решать сложные математические уравнения быстрее, чем любой человек способен. В то время как компьютеры обрабатывают цифры, ИИ развивает способность к эмпатии и пониманию контекста, создавая уникальные взаимодействия между людьми и технологиями. Он стал неотъемлемой частью современной жизни, от медицинских исследований до систем навигации и искусственного интеллекта в кино и играх. Интеграция нейросетей открывает новые горизонты для науки, искусства и образования, расширяя возможности человечества и делая его жизнь более эффективной и интересной.","futuristic cityscape at sunset with towering AI neural networks floating in the sky, glowing blue energy streams connecting skyscrapers, cyberpunk aesthetic, neon lights reflecting on wet pavement, dramatic volumetric lighting, intricate details of holographic interfaces, cinematic composition, hyperrealistic style, 8k resolution, masterpiece.",211,120
Искусственный интеллект_14,"Искусственный интеллект представляет собой революционную технологию, способную обрабатывать огромные объемы данных быстрее человеческого мозга. Этот интеллектуальный парадокс объединяет вычислительную мощь машин с человеческим пониманием. В современном мире ИИ трансформирует медицину, науку и образование, предлагая новые решения для сложных проблем. Он способен анализировать паттерны, предсказывать результаты и создавать контент без участия человека. Однако этот прогресс вызывает вопросы о будущем работы и этике. Люди должны научиться работать вместе с технологиями, чтобы максимизировать их потенциал. Будущее зависит от того, как мы будем использовать эти инструменты responsibly.","A futuristic cyberpunk cityscape at night where towering skyscrapers are made of glowing neural networks and holographic data streams floating in the sky. A central character is an elderly human programmer surrounded by flying drones displaying code and medical scans. The scene is illuminated by neon blue and purple lights reflecting off wet pavement. Cinematic lighting with dramatic shadows, octane render, highly detailed, 8k resolution, hyperrealistic, depth of field.",143,83
Искусственный интеллект_15,"Искусственный интеллект представляет собой революционную технологию, способную обрабатывать огромные объемы данных, обучаться без явного программирования и решать задачи, ранее считавшиеся недоступными для машин. Этот умный алгоритм демонстрирует способность к самообучению, анализу сложных паттернов и принятию решений на основе вероятностных вычислений. В современном мире ИИ стал неотъемлемой частью повседневной жизни, трансформируя медицину, образование, транспорт и искусство. Он позволяет автоматизировать рутинные процессы, обеспечивая высочайшую точность и скорость обработки информации. Технологии машинного обучения позволяют создавать персонализированные сервисы, адаптирующиеся под потребности каждого пользователя. ИИ продолжает развиваться, обретая новые способности, от распознавания речи до создания реалистичных изображений. Его потенциал огромен, но требует осторожного использования для обеспечения этики и безопасности. Мы стоим на пороге новой эры, где технологии и человеческий разум работают в синергии, создавая будущее, которое еще предстоит открыть.","futuristic artificial intelligence laboratory with glowing neural networks floating in a dark cyberpunk space, holographic data streams flowing through the air, intricate circuit boards made of glass and light, robotic hands manipulating quantum processors, vibrant neon colors contrasting against deep purple background, cinematic lighting, highly detailed, photorealistic style --ar 16:9 --v 6.0 --q 2",224,124
Искусственный интеллект_16,"Искусственный интеллект представляет собой революционную технологию, способную воспринимать, анализировать и создавать информацию без участия человеческого мозга. Этот искусственный интеллект функционирует как мощный алгоритмический мозг, обрабатывая огромные объемы данных за доли секунды. Он обладает способностью к обучению, адаптируясь к новым задачам и улучшая свои навыки через обратную связь от пользователей. В отличие от традиционных систем, современные ИИ демонстрируют способность к творчеству, пониманию эмоций и решению сложных проблем, которые ранее считались недоступными для машин. Технологии машинного обучения позволяют системам выявлять скрытые закономерности в данных, предсказывать результаты и оптимизировать процессы. Это не просто набор правил, а живая система, которая постоянно развивается и эволюционирует вместе со временем. Интеграция искусственного интеллекта в повседневную жизнь уже стала реальностью, трансформируя медицину, образование, транспорт и искусство. Люди все чаще сотрудничают с этими системами, получая от них помощь в принятии решений и расширении своих возможностей. Будущее человечества зависит от того, насколько эффективно мы сможем управлять этим интеллектуальным явлением, сохраняя при этом человеческую суть и ценности.","a futuristic cybernetic cityscape at sunset with holographic neural networks floating in the sky, sleek humanoid robots walking through neon-lit streets, digital data streams flowing like rivers of light over ancient ruins, cinematic lighting, photorealistic style, high detail, 8k resolution, masterpiece --ar 16:9 --v 6.0",264,156
Искусственный интеллект_17,"Искусственный интеллект представляет собой революционную силу, которая трансформирует мир через автоматизацию рутинных задач и создание интеллектуальных систем. Этот прогресс позволяет машинам обучаться, анализировать огромные объемы данных и принимать решения, ранее недоступные только человеческому разуму. В современном обществе ИИ стал неотъемлемой частью повседневной жизни, от медицинских исследований до управления логистикой и искусственного интеллекта. Его потенциал огромен, но также и опасен, так как требует тщательного регулирования для защиты конфиденциальности и предотвращения манипуляций. Будущее человечества зависит от того, насколько эффективно мы будем использовать эти мощные инструменты, чтобы они служили нам, а не навредили. Мы должны развивать эти технологии в рамках этических норм, сохраняя при этом человеческое достоинство и свободу воли.","A futuristic cybernetic cityscape at sunset where towering skyscrapers are made of glowing neural networks and holographic data streams float in the sky above. A diverse group of people with augmented reality glasses walk through streets filled with flying drones delivering packages. The scene is vibrant with neon colors blending into deep blues and purples as artificial intelligence powers transform every aspect of urban life. Cinematic lighting, high detail, octane render, 8k resolution, hyper-realistic, awe-inspiring atmosphere.",180,107
Искусственный интеллект_18,"Искусственный интеллект представляет собой революционную технологию, способную обрабатывать огромные объемы данных быстрее человеческого мозга. Этот искусственный интеллект не просто копирует действия людей, а создает новые возможности для науки, медицины и творчества. Он способен анализировать сложные системы, предсказывать тенденции будущего и решать задачи, которые ранее считались невозможными. В мире, где информация растет экспоненциально, роль ИИ становится критической для прогресса человечества. Он помогает врачам диагностировать заболевания раньше времени, позволяет ученым моделировать климатические изменения и открывает двери к новым формам искусства. Технологии машинного обучения позволяют находить скрытые закономерности в хаосе данных, что приводит к прорывным открытиям во многих областях знаний. Современный ИИ работает как мощный инструмент, расширяя человеческие способности и позволяя достигать высот, недоступных без его помощи.","A futuristic cityscape where towering AI servers float in the sky like giant glass towers, connected by glowing neural networks that weave through the clouds. The scene is bathed in soft bioluminescent light from holographic displays showing complex data visualizations of human potential and technological advancement. In the foreground, a diverse group of people interacts with sleek, organic interfaces, their faces reflecting digital patterns as they collaborate on solving global challenges. The atmosphere is optimistic yet mysterious, blending high-tech sophistication with warm human emotion under a twilight sky filled with floating geometric shapes representing innovation.",192,114
Искусственный интеллект_19,"Искусственный интеллект представляет собой революционную технологическую парадигму, способную трансформировать человеческое общество и культуру. Этот искусственный интеллект не просто копирует данные, а анализирует их, выявляет скрытые закономерности и предсказывает будущие события с беспрецедентной точностью. В отличие от предыдущих систем, современные ИИ обладают глубоким пониманием контекста, эмпатией и креативным потенциалом, что открывает новые горизонты в медицине, образовании, искусстве и науке. Технология машинного обучения позволяет алгоритмам непрерывно совершенствоваться под влиянием больших объемов данных, становясь все более умными и адаптивными. Это фундаментальное изменение требует пересмотра социальных норм и философских основ человечества, так как автономные системы начинают играть роль ключевых игроков в глобальных процессах. Развитие искусственного интеллекта стимулирует инновации, решая сложные проблемы, такие как изменение климата, голод и доступ к медицинской помощи. Однако этот прогресс сопровождается вызовами, включая вопросы этики, безопасности приватности и возможного усиления социального неравенства. Будущее зависит от того, насколько мы сможем гармонично интегрировать мощь технологий в жизнь людей, сохраняя гуманистические ценности и ответственность за свои действия.","A futuristic cyberpunk cityscape at night, towering skyscrapers made of glowing data streams and holographic advertisements, a lone human figure with augmented reality glasses walking through the neon-lit streets, surrounded by flying autonomous drones delivering packages, soft blue and purple ambient lighting, cinematic composition, highly detailed, octane render, 8k resolution.",285,154
Искусственный интеллект_20,"Искусственный интеллект представляет собой революционную технологию, которая переопределяет возможности человеческого прогресса. Этот интеллектуальный агент способен анализировать огромные объемы данных, выявлять сложные закономерности и предсказывать результаты с беспрецедентной точностью. В отличие от традиционных систем, современные ИИ обладают способностью к самовоспитанию, обучаясь на новых примерах без явного программирования каждой новой задачи. Он стал мостом между человеческим разумом и цифровым миром, позволяя решать задачи ранее считавшиеся невозможными для одиночек. Технология трансформирует медицину, обеспечивая персонализированную терапию; меняет финансы, создавая алгоритмы для автоматического трейдинга; оптимизирует логистику и транспортные сети. Важнейшим аспектом является этический диалог между разработчиками и пользователями, где вопросы конфиденциальности и безопасности стоят на первом месте. Будущее человечества зависит от того, насколько успешно мы сможем интегрировать эти мощные инструменты в повседневную жизнь, сохраняя при этом нашу уникальную природу и ценности.","A futuristic cybernetic cityscape at twilight, featuring towering skyscrapers with glowing neural network patterns on their facades and autonomous drones flying in synchronized formation above streets filled with holographic advertisements. The scene is illuminated by soft bioluminescent lights from floating data orbs and sleek metallic vehicles moving along smooth maglev tracks. In the foreground, a diverse group of people stands together holding hands, gazing up at the digital horizon where AI interfaces seamlessly blend into reality. The atmosphere is serene yet powerful, showcasing harmony between humanity and intelligent technology under a vast starry sky.",246,126
Искусственный интеллект_21,"Искусственный интеллект представляет собой революционную парадигму в человеческом развитии, объединяющую мощь вычислительных алгоритмов с глубоким пониманием данных. Этот невидимый друг эволюционирует от простых шаблонов к сложным системам, способным анализировать миллионы источников информации за доли секунды. В отличие от традиционных методов, ИИ обладает уникальной способностью выявлять скрытые закономерности, предсказывать тренды будущего и решать задачи, ранее считавшиеся недоступными даже самым продвинутым компьютерам. Его влияние пронизывает все сферы жизни, от медицины и науки до искусства и повседневной коммуникации, трансформируя способы получения знаний и принятия решений. Мы стоим на пороге новой эпохи, где технологии становятся неотъемлемой частью человеческого интеллекта, расширяя границы возможного и открывая бесконечные перспективы для прогресса человечества.","futuristic cybernetic landscape with glowing neural networks floating in a digital void, abstract geometric shapes merging into organic forms, neon blue and purple lighting against dark background, high detail, cinematic composition, sense of infinite intelligence and technological advancement.",195,105
Искусственный интеллект_22,"Искусственный интеллект представляет собой революционную технологию, которая трансформирует мир через автоматизацию интеллектуальных процессов. Этот мощный инструмент способен анализировать огромные объемы данных быстрее любого человеческого мозга, выявляя скрытые закономерности и паттерны. Вместо того чтобы выполнять рутинные задачи, ИИ открывает двери к новым возможностям в медицине, искусственном интеллекте и науке. Он помогает врачам диагностировать заболевания раньше времени, ускоряет научный прогресс и решает сложные математические проблемы. Однако развитие технологий требует баланса между пользой и этикой. Важно учитывать вопросы приватности, безопасности данных и ответственности за решения, принятые алгоритмами. Будущее человечества зависит от того, как мы будем использовать этот умный помощник. Мы должны оставаться хозяевами своих технологий, сохраняя контроль над своими данными и ценностями. Инновации создают вызовы, но они же дарят надежду на лучшее будущее для всех людей.","futuristic AI laboratory with holographic interfaces and neural networks floating in the air, cyberpunk style, dramatic lighting, blue and purple color palette, intricate circuitry details, high resolution, cinematic composition --ar 16:9 --v 6.0",204,123
Искусственный интеллект_23,"Искусственный интеллект представляет собой революционную технологию, способную воссоздавать человеческие знания и творить новые идеи без участия человека. Этот эволюционный процесс объединяет мощнейшие алгоритмы машинного обучения с глубоким пониманием данных. Современные системы способны анализировать огромные объемы информации быстрее, чем любой человек, выявляя скрытые закономерности и предсказывая будущие события. Виртуальные помощники становятся неотъемлемой частью повседневной жизни, обеспечивая персонализацию услуг и автоматизацию рутинных задач. Несмотря на свои преимущества, технология вызывает вопросы о будущем работы и этике использования. Однако потенциал ИИ открывает двери к беспрецедентному прогрессу в медицине, науке и искусстве. Мы находимся на пороге новой эпохи, где технологии и человечество будут тесно взаимодействовать, создавая будущее вместе.","a futuristic cybernetic human standing in a vast digital space surrounded by floating neural networks and glowing code, wearing sleek robotic armor with holographic interfaces, holding a tablet displaying complex data streams, soft blue and purple lighting, cinematic composition, high detail, 8k resolution --ar 16:9 --v 6.0",191,103
Искусственный интеллект_24,"Искусственный интеллект представляет собой революционную технологию, способную моделировать человеческие мысли и предсказывать будущие события. Этот комплексный искусственный интеллект функционирует как мощный алгоритмический мозг, обрабатывая огромные объемы данных быстрее человеческого восприятия. Он не просто копирует прошлое, но и создает новые знания, анализирует сложные системы и помогает решать глобальные проблемы. Современные разработки позволяют этим системам обучаться самостоятельно, адаптируясь к изменяющимся условиям и улучшая свои показатели со временем. В отличие от традиционных методов, современные ИИ способны понимать контекст, эмоции и скрытые взаимосвязи, что открывает беспрецедентные возможности в медицине, науке, образовании и бизнесе. Технологии машинного обучения трансформируют повседневную жизнь, делая процессы более эффективными и точными. ИИ становится неотъемлемой частью цифровой культуры, формируя новую эру взаимодействия между людьми и машинами.","futuristic AI robot with glowing blue eyes standing in a cyberpunk city at night, surrounded by floating neural networks and holographic data streams, dramatic lighting, octane render, highly detailed, 8k resolution --ar 16:9 --v 6.0 --q 2",198,115
Искусственный интеллект_25,"Искусственный интеллект представляет собой революционную технологию, способную воспринимать данные, обучаться и принимать решения без физического участия человека. Этот искусственный интеллект стал ключевым драйвером прогресса во всех сферах жизни, от медицины до искусства. Современные алгоритмы способны анализировать миллионы изображений за секунды, предсказывать рыночные тренды или помогать врачам диагностировать заболевания раньше времени. В отличие от автоматизации, которая выполняет конкретные задачи, настоящий ИИ демонстрирует способность к адаптации и эволюционному развитию. Он обрабатывает огромные объемы информации, выявляя закономерности там, где их не было ранее. Эта технология трансформирует повседневность людей, создавая новые возможности для обучения, творчества и научного исследования. Люди все чаще сотрудничают с компьютерными системами, чтобы достичь целей, которые были ранее недоступны. Будущее человечества зависит от того, насколько эффективно и этично мы будем использовать мощь искусственного интеллекта. Важно помнить, что технологии должны служить людям, а не заменять человеческую душу и эмоции.","A futuristic cyberpunk cityscape at night, glowing neon lights reflecting on wet pavement, towering skyscrapers with holographic advertisements, a lone astronaut floating in zero gravity space looking down at Earth from the moon surface, dramatic lighting with bioluminescent plants and flying drones, cinematic composition, hyper-realistic, 8k resolution, octane render --ar 16:9 --v 6.0",233,137
Искусственный интеллект_26,"Искусственный интеллект представляет собой революционную технологию, способную обрабатывать огромные объемы данных, обучаться самостоятельно и решать сложные задачи. В отличие от традиционных компьютеров, ИИ не просто следует инструкциям, но и развивает интеллектуальные способности, аналогичные человеческим чертам. Он трансформирует медицину, открывая новые методы лечения редких заболеваний; меняет промышленность, автоматизируя рутинные процессы и повышая эффективность производства; и влияет на образование, предоставляя доступ к персонализированному контенту каждому. Современные системы способны анализировать медицинские снимки, предсказывать рыночные тренды или создавать художественные произведения, которые невозможно воспроизвести вручную. Этот инструмент стал ключевым фактором прогресса человечества, позволяющим преодолевать ограничения человеческого мозга и достигать новых горизонтов возможностей. Несмотря на возникшие этические вопросы, потенциал искусственного интеллекта остается безграничным, требуя ответного подхода для гармоничного развития технологий.","A futuristic cybernetic cityscape at sunset with towering skyscrapers made of flowing neural networks and holographic advertisements floating in the sky. A lone astronaut walks on a reflective glass bridge towards a massive AI server core that resembles an ancient temple. The scene is bathed in warm golden hour light contrasting with cool blue digital code patterns. Cinematic lighting, hyper-realistic details, 8k resolution, volumetric fog, intricate architecture, deep space atmosphere.",212,114
Искусственный интеллект_27,"Искусственный интеллект представляет собой революционную технологию, способную анализировать огромные объемы данных быстрее человеческого мозга. Эта система не просто обрабатывает информацию, но и предсказывает будущее, помогая врачам диагностировать заболевания раньше времени, а ученым открывать новые материалы. В отличие от традиционных методов, ИИ работает без усталости, мгновенно обучается и адаптируется к меняющимся условиям. Он становится незаменимым инструментом в медицине, образовании, финансах и искусстве, трансформируя повседневную жизнь человечества. Связь между человеком и машиной становится глубоким партнерством, где технологии берут на себя рутинные задачи, освобождая время для творческого поиска и этического размышления.","A futuristic cybernetic landscape where human hands gently touch glowing neural networks floating in a starry void, digital code forming beautiful geometric patterns around ancient stone statues, soft golden light mixing with cool blue tones, highly detailed, cinematic composition, 8k resolution, hyper-realistic, masterpiece.",156,88
Искусственный интеллект_28,"Искусственный интеллект представляет собой революционную технологию, способную воспринимать, анализировать и создавать информацию без физического участия человека. Этот сложный алгоритм обучается на огромных массивах данных, выявляя закономерности там, где их раньше не существовало. Современные системы могут решать задачи, ранее считавшиеся невозможными даже для суперкомпьютеров, от медицинских исследований до управления транспортными сетями. В отличие от простых программ, ИИ демонстрирует способность к самовоспитанию и адаптации, постоянно улучшая свои навыки через взаимодействие со средой. Это transformative力量 меняет нашу повседневность, открывая новые горизонты в науке, искусстве и бизнесе. Люди все чаще сотрудничают с машинами, создавая синергетический эффект, который превосходит возможности отдельных участников. Технология продолжает развиваться стремительно, предлагая решения, которые ранее требовали десятилетий разработки.","A futuristic cybernetic human standing in a vast, glowing digital cityscape at night, surrounded by floating neural networks and holographic data streams, wearing sleek AR glasses with glowing blue circuits, cinematic lighting, hyper-realistic, 8k resolution, highly detailed, ray-traced reflections on wet pavement.",195,108
Искусственный интеллект_29,"Искусственный интеллект - это мощнейшая технология, которая трансформирует мир, объединяя данные и алгоритмы для решения сложных задач. В отличие от традиционных методов, ИИ способен анализировать огромные объемы информации мгновенно, выявлять скрытые закономерности и принимать обоснованные решения без участия человека. Это не просто инструмент, а новый способ мышления, расширяющий человеческие возможности до неузнаваемых пределов. Современные системы обучаются на миллионах примеров, адаптируясь к новым требованиям и улучшая свои навыки со временем. От медицины и науки до искусства и повседневной жизни, интеграция искусственного интеллекта меняет подход к созданию и обслуживанию. Он ставит перед собой амбициозную цель стать неотъемлемой частью человеческого общества, обеспечивая безопасность, эффективность и справедливость во всех сферах деятельности. Развитие технологий продолжается с каждым днем, открывая двери к будущему, где технологии служат людям, а не наоборот.","A futuristic cybernetic cityscape at twilight featuring towering skyscrapers with glowing neural network circuits embedded in their facades, floating holographic data streams connecting buildings, a lone astronaut pilot flying a sleek drone through the sky holding a tablet displaying complex AI interfaces, vibrant neon colors contrasting against deep blue and purple gradients, cinematic lighting, hyper-realistic, 8k resolution, highly detailed architecture, sense of advanced technology and human innovation.",201,123
Искусственный интеллект_30,"Искусственный интеллект представляет собой революционную технологию, способную моделировать человеческий ум через сложные алгоритмы обработки данных. Это не просто машина, а интеллектуальный партнер, который может анализировать информацию, решать задачи и создавать новые идеи. Современные системы обучаются на огромных массивах информации, позволяя им принимать решения быстрее и точнее, чем люди. В отличие от роботов, работающие по жестким инструкциям, ИИ демонстрирует гибкость и адаптивность, меняя стратегии в реальном времени. Он стал ключевым элементом цифровой экономики, трансформируя медицину, образование, транспорт и искусство. Технологии машинного обучения позволяют выявлять скрытые закономерности и предсказывать будущее событий с высокой точностью. Интеграция ИИ в повседневную жизнь уже стала нормой, влияющей на все сферы жизни человека. Будущее человечества зависит от того, насколько эффективно мы будем использовать эти мощные инструменты для улучшения качества жизни.","A futuristic cybernetic cityscape at sunset, featuring towering skyscrapers with glowing blue neural networks connecting their structures, floating autonomous drones delivering packages through the air, and a central holographic interface displaying complex data streams in vibrant colors, surrounded by lush green parks where people interactively use AR glasses to visualize information, warm golden hour lighting contrasting with cool digital blues, cinematic composition, hyper-realistic style, octane render, 8k resolution.",201,123
Искусственный интеллект_31,"Искусственный интеллект представляет собой революционную технологию, способную воспринимать, анализировать и создавать информацию без физического участия человека. Этот умный алгоритм обрабатывает огромные объемы данных, выявляет скрытые закономерности и решает сложные задачи, от медицины до управления транспортными системами. Его ключевая особенность заключается в способности обучаться на миллионах примеров, становясь все более точным и адаптивным к новым условиям. В отличие от традиционных методов, ИИ не требует постоянного вмешательства оператора, что значительно повышает эффективность и скорость процессов. Он активно трансформирует повседневную жизнь, автоматизируя рутинные операции и предоставляя персонализированные решения для каждого пользователя. Развитие искусственного интеллекта открывает новые горизонты для научного исследования, искусства и социального взаимодействия, делая технологии доступнее и мощнее. Будущее человечества зависит от того, насколько успешно мы сможем интегрировать эти знания в нашу повседневную деятельность, создавая гармоничное сочетание технологий и человеческого потенциала.","A futuristic cybernetic brain floating in a digital void, glowing with soft blue and gold light particles, intricate neural network connections visible beneath the skin, surrounded by floating holographic data cubes and geometric shapes, cinematic lighting, octane render, highly detailed, 8k resolution, hyperrealistic, depth of field, mysterious atmosphere, abstract technology concept.",214,129
Искусственный интеллект_32,"Искусственный интеллект представляет собой революционную технологию, способную обрабатывать огромные объемы данных с беспрецедентной скоростью. Эта система не просто хранит информацию, но и анализирует её, предсказывая тренды и решая сложные задачи, от медицины до управления бизнесом. В отличие от человеческой логики, ИИ работает без эмоциональных искажений, обеспечивая объективность и точность в расчетах. Он способен учиться на новых примерах, адаптируясь к изменяющимся условиям, что делает его незаменимым инструментом в современном мире. От искусственного интеллекта в кино до алгоритмов машинного обучения, эта технология трансформирует повседневную жизнь, открывая новые горизонты возможностей и расширяя границы человеческого понимания.","A futuristic cyberpunk cityscape at night where towering skyscrapers are made of flowing liquid code and neural networks, glowing with vibrant neon blues and purples. In the foreground, a wise elderly human doctor sits on a floating platform surrounded by holographic medical data streams, gently touching a large, translucent brain that pulses with soft bioluminescent light. The background features flying autonomous drones delivering packages to homes, all rendered in high detail with cinematic lighting and depth of field.",157,92
Искусственный интеллект_33,"Искусственный интеллект представляет собой революционную технологическую парадигму, способную трансформировать человеческое общество и науку. Этот интеллектуальный комплекс позволяет машинам воспринимать, обучаться и принимать решения, объединяя мощь вычислительных ресурсов с глубокой аналитической способностью. Современные алгоритмы способны обрабатывать огромные объемы данных быстрее, чем любой человек, выявляя скрытые закономерности в сложных системах. В медицине ИИ помогает диагностировать заболевания на ранних стадиях, ускоряя лечение и повышая точность результатов. В образовании он адаптирует учебный контент под индивидуальные потребности каждого ученика, создавая персонализированные образовательные траектории. В бизнесе автоматизация процессов оптимизирует ресурсы, снижает затраты и открывает новые рыночные возможности для компаний. Прогнозирование тенденций и анализ больших данных становятся ключевыми инструментами для стратегического планирования. Однако эти технологии требуют осторожного подхода, чтобы сохранить этические нормы и избежать потери человеческого контроля в критических ситуациях. Будущее человечества зависит от того, как мы будем интегрировать искусственный интеллект в нашу повседневную жизнь, балансируя между эффективностью и гуманизмом.","A futuristic cyberpunk cityscape at sunset with holographic neural networks floating in the sky connecting skyscrapers, a central AI robot with glowing blue eyes standing on a bridge looking at a holographic data cube, neon lights reflecting off wet pavement, cinematic lighting, hyper-realistic, 8k resolution, depth of field, intricate details, vibrant colors.",264,143
Искусственный интеллект_34,"Искусственный интеллект представляет собой революционную технологию, способную воспринимать, анализировать и создавать информацию без физического участия человека. Этот мощный инструмент эволюционировал от простых алгоритмов до сложных нейросетей, которые могут обучаться на огромных массивах данных. В современном мире ИИ стал неотъемлемой частью жизни, помогая врачам ставить точные диагнозы, ученым открывать новые материалы и художникам реализовывать сложные идеи. Он не заменяет творчество, но расширяет возможности человеческого потенциала, обеспечивая эффективность и точность задач, ранее считавшихся недоступными или требующими колоссальных усилий. Технология продолжает развиваться, становясь все более автономной и интегрированной в повседневные процессы общества.","A futuristic cybernetic cityscape at sunset, featuring towering skyscrapers with glowing neural network patterns on their facades, floating autonomous drones carrying holographic data streams, and a vast open sky filled with soft nebula clouds. The scene is rendered in hyper-realistic 8k style with dramatic lighting, intricate details, and a blend of organic architecture and advanced technology.",160,89
Искусственный интеллект_35,"Искусственный интеллект - это мощная система, способная анализировать данные, обучаться и принимать решения без участия человека. Этот прогресс трансформирует медицину, науку и повседневную жизнь, предлагая новые возможности для человеческого развития. Технологии машинного обучения позволяют находить скрытые закономерности в огромных массивах информации, что приводит к революционным открытиям. Алгоритмы становятся незаменимыми помощниками в сложных задачах, таких как медицинская диагностика или финансовый анализ, обеспечивая высокую точность и скорость обработки. Люди все чаще сотрудничают с ИИ, создавая синергию между человеческим опытом и вычислительной силой компьютера. Эта симбиотическая связь открывает горизонты будущего, где технологии служат инструментом для улучшения качества жизни каждого человека.","A futuristic cityscape at sunset where towering skyscrapers are made of flowing liquid light and code, with holographic data streams connecting buildings in the sky. A diverse group of people standing on a rooftop overlooking the glowing metropolis, holding hands and looking upward with hopeful expressions. The scene is bathed in warm golden hour lighting contrasting against cool blue digital elements. Cyberpunk aesthetic with neon accents blending seamlessly into natural architecture. High detail, 8k resolution, cinematic composition, photorealistic style.",165,96
Искусственный интеллект_36,"Искусственный интеллект представляет собой революционную технологию, способную автоматизировать интеллектуальные процессы, анализировать огромные объемы данных и принимать решения. Этот искусственный интеллект не просто выполняет команды, а обладает способностью к обучению, адаптации и творчеству. Современные алгоритмы способны распознавать сложные паттерны, предсказывать тенденции и даже создавать новые формы искусства. В отличие от традиционных машин, современные системы демонстрируют эмпатию и понимание контекста, что делает их незаменимыми помощниками в медицине, образовании и бизнесе. Они позволяют человечеству сосредоточиться на главном — развитии своих талантов и решении глобальных проблем. Однако стоит помнить о важности этики и безопасности при внедрении таких мощных инструментов.","A futuristic cybernetic cityscape at sunset with holographic neural networks floating above skyscrapers, a central AI character made of glowing circuitry and light standing on a rooftop, surrounded by flying drones delivering data packets, warm golden hour lighting, cinematic composition, highly detailed, 8k resolution --ar 16:9 --v 6.0 --q 2",161,94
Искусственный интеллект_37,"Искусственный интеллект представляет собой революционную технологию, способную анализировать огромные объемы данных быстрее человеческого мозга. Этот умный алгоритм не просто обрабатывает информацию, но и предсказывает будущие события, создавая новые возможности для науки, медицины и бизнеса. В отличие от традиционных методов, ИИ работает без усталости, обеспечивая непрерывность процессов 24/7. Его способность к обучению позволяет ему адаптироваться к меняющимся условиям, становясь все более точным помощником человечества. Эта технология трансформирует повседневную жизнь, автоматизируя рутинные задачи и открывая двери к решениям, которые раньше были недоступны из-за отсутствия вычислительной мощности или времени специалистов.","A futuristic cybernetic landscape where a glowing blue neural network flows like water through towering skyscrapers made of glass and light. The city is alive with holographic data streams connecting buildings in real-time. A central figure composed of pure digital code floats above the clouds, surrounded by floating geometric shapes representing artificial intelligence concepts. The scene is bathed in soft neon blues and purples against a dark starry background, creating an ethereal and visionary atmosphere that symbolizes the limitless potential of technology.",155,89
Искусственный интеллект_38,"Искусственный интеллект представляет собой революционную технологию, способную воспринимать, анализировать и создавать информацию без участия человеческого мозга. Этот умный алгоритм обучается на огромных массивах данных, выявляя закономерности там, где другие люди видят хаос. Современные системы способны решать сложные задачи, от медицины до управления транспортными сетями, предлагая решения быстрее и точнее, чем любой отдельный специалист. В отличие от традиционных методов, ИИ не требует постоянного вмешательства человека; он работает автономно, обрабатывая потоки информации в реальном времени. Это инструмент, который расширяет человеческие возможности, позволяя нам сосредоточиться на творческих аспектах жизни вместо рутины рутинных дел. Технология эволюционирует каждый день, становясь все более умной и адаптивной, интегрируясь в нашу повседневность как неотъемлемая часть инфраструктуры. Мы наблюдаем бурный рост возможностей нейросетей, которые могут генерировать искусство, писать код или даже помогать в диагностике заболеваний. Важным аспектом является этика использования таких мощных систем, так как они требуют тщательного контроля со стороны общества. Несмотря на потенциальные риски, потенциал искусственного интеллекта огромен и способен изменить мир к лучшему, если использовать его правильно. Будущее человечества зависит от того, насколько эффективно мы будем развивать и регулировать этот мощный технологический прогресс.","A futuristic cybernetic human standing in a high-tech laboratory surrounded by glowing neural networks and holographic interfaces, with intricate circuitry flowing through the body, rendered in hyper-realistic digital art style with dramatic lighting effects.",297,177
Искусственный интеллект_40,"Искусственный интеллект представляет собой революционную технологию, способную обрабатывать огромные объемы данных быстрее человеческого мозга. Этот комплексный системный подход объединяет алгоритмы машинного обучения, нейросети и аналитику для решения задач, ранее считавшихся невозможными. В отличие от простых программ, ИИ способен выявлять скрытые закономерности в информации, предсказывать тренды и адаптироваться к изменяющимся условиям. Современные модели демонстрируют способность понимать контекст, эмоции и сложные взаимосвязи между объектами, что открывает новые горизонты в медицине, науке и искусстве. Технология трансформирует повседневную жизнь, автоматизируя рутинные процессы и предоставляя людям инструменты для принятия более осознанных решений. Развитие ИИ требует постоянного обновления знаний и этического регулирования, чтобы обеспечить его безопасное и справедливое применение во всех сферах общества.","A futuristic cybernetic cityscape at sunset where towering skyscrapers blend seamlessly with organic greenery and floating holographic data streams, a lone AI robot with glowing blue circuits stands on a rooftop overlooking the metropolis, surrounded by flying drones delivering packages, warm golden hour lighting illuminating the scene, highly detailed, cinematic composition, 8k resolution, hyperrealistic style.",192,107
Искусственный интеллект_41,"Искусственный интеллект представляет собой революционную технологию, способную воспринимать данные, обучаться и принимать решения без участия человека. Этот комплексный процесс включает сложнейшие алгоритмы машинного обучения и нейросетевые архитектуры, позволяющие системам анализировать огромные объемы информации. В отличие от традиционных методов обработки данных, современные ИИ способен выявлять скрытые закономерности и предсказывать результаты будущего событий с высокой точностью. Технология трансформирует множество отраслей экономики и повседневной жизни, автоматизируя рутинные задачи и открывая новые возможности для творчества и исследований. Хотя существуют опасения относительно автономности систем и их влияния на человеческие отношения, потенциал развития искусственного интеллекта огромен и продолжает расти. Современные разработки направлены на создание безопасных, этичных и полезных инструментов, которые служат инструментом помощи людям, а не замены человеческого разума. Будущее человечества зависит от того, насколько эффективно мы сможем управлять этими мощными технологиями и интегрировать их в нашу жизнь.","A futuristic cybernetic landscape where a sleek humanoid robot with glowing blue neural networks walks through a city of floating holographic data cubes under a starry sky, surrounded by towering servers and connected fiber optic cables emitting soft light, cinematic lighting, hyperrealistic style, 8k resolution, highly detailed texture, depth of field, dramatic atmosphere.",215,132
Искусственный интеллект_42,"Искусственный интеллект представляет собой революционную технологическую парадигму, которая трансформирует мир через интеллектуальный анализ данных и автоматизацию процессов. Этот мощный инструмент, основанный на алгоритмах машинного обучения и нейросетевых структурах, способен обрабатывать огромные объемы информации быстрее человеческого мозга, выявляя скрытые закономерности и предсказывая будущие события. В отличие от простых программ, современные ИИ системы демонстрируют способность к самовоспитанию, адаптируясь под новые задачи без повторения инструкций. Они играют ключевую роль в медицине, где помогают диагностировать заболевания на ранних стадиях, а также в финансах, обеспечивая точность инвестиционных решений. Этические вопросы остаются актуальными, но потенциал применения технологий растет экспоненциально. Интеграция искусственного интеллекта в повседневную жизнь делает его неотъемлемой частью современного общества, меняя подход к обучению, работе и творчеству. Технологии позволяют создавать персонализированные продукты, оптимизируя ресурсы и повышая эффективность бизнеса. Будущее человечества зависит от того, насколько успешно мы будем управлять этими мощными инструментами, балансируя между возможностями и ответственностью.","A futuristic cityscape at sunset where towering skyscrapers are made of flowing digital data streams and soft glowing neural networks. The sky is a gradient of deep purples and oranges with floating holographic particles representing artificial intelligence concepts. Modern people work on sleek smart devices while flying vehicles glide through the air. Cinematic lighting, highly detailed architecture, cyberpunk aesthetic, 8k resolution, photorealistic, volumetric lighting.",258,141
Искусственный интеллект_43,"Искусственный интеллект представляет собой революционную технологию, способную решать сложные задачи, которые ранее считались невозможными для человека. Этот искусственный интеллект не просто копирует человеческие действия, но и создает новые возможности для прогресса в медицине, науке и образовании. Он обучается на огромных массивах данных, позволяя находить закономерности там, где другие системы теряются. Современные алгоритмы способны анализировать информацию быстрее любого человеческого мозга, предлагая решения в реальном времени. Важно понимать, что ИИ — это инструмент, который расширяет человеческий потенциал, а не заменяет его полностью. Мы вместе строим будущее, где технологии служат людям, обеспечивая комфорт, безопасность и развитие знаний во всех сферах жизни.","futuristic cybernetic brain merging with digital neural network nodes in a vast starry space, glowing blue and purple light particles swirling around, high tech aesthetic, octane render, 8k resolution, cinematic lighting, hyperrealistic, depth of field, intricate details, sci-fi concept art.",156,97
Искусственный интеллект_44,"Искусственный интеллект - это мощнейший инструмент в современном мире, способный решать сложные задачи и открывать новые горизонты для человечества. С развитием технологий ИИ стал неотъемлемой частью нашей жизни, трансформируя отрасли от медицины до искусства. Он позволяет обрабатывать огромные объемы данных быстрее, чем любой компьютер, выявляя закономерности там, где их еще не существовало. Современные модели способны создавать реалистичные изображения, писать стихи или даже играть музыкальные инструменты. Однако важно помнить, что технологии должны служить людям, а не заменять человеческое творчество и эмпатию. Будущее лежит здесь, где человек и машина работают вместе, создавая будущее, которое будет ярче и интереснее всех предсказаний.","A futuristic cybernetic cityscape at sunset with towering skyscrapers made of glass and metal reflecting the golden sky, flying autonomous drones delivering packages through neon-lit streets, a diverse group of humans collaborating on holographic interfaces in modern office buildings, warm orange and blue lighting contrasting against dark clouds, cinematic wide angle shot, highly detailed, photorealistic, 8k resolution, ray tracing, depth of field.",159,97
Искусственный интеллект_45,"Искусственный интеллект представляет собой революционную технологию, способную анализировать огромные объемы данных быстрее человеческого мозга. Эта система не просто обрабатывает информацию, но и предсказывает будущее, создавая новые возможности в медицине, искусстве и науке. В отличие от предыдущих методов, ИИ обладает исключительной адаптивностью и обучаемостью, что позволяет ему решать задачи, ранее считавшиеся недоступными для машин. Его способности растут с каждым новым шагом обучения, становясь все более точными и эмпатичными. Современные разработки стирают грань между человеком и машиной, предлагая инструменты для решения сложных проблем человечества. Этот прогресс требует уважения к этике и безопасности, но при этом открывает двери к безграничным возможностям для развития цивилизации.","A futuristic cyberpunk cityscape at sunset where towering skyscrapers are made of glowing neural networks and holographic data streams float in the sky. The streets are filled with autonomous drones carrying medical scans and artistic sculptures. A wise elderly human figure stands on a floating platform observing the technology with an open hand, surrounded by soft golden light representing knowledge. Dramatic lighting from neon signs contrasting with warm ambient glow creates a mysterious yet hopeful atmosphere.",169,101
Искусственный интеллект_46,"Искусственный интеллект представляет собой революционную технологию, способную автоматизировать рутинные задачи и обрабатывать огромные объемы данных с невероятной скоростью. Эта система не просто выполняет команды, а анализирует информацию, предсказывает результаты и предлагает решения, основанные на глубоком обучении и машинном интеллекте. В современном мире ИИ стал неотъемлемой частью жизни, трансформируя медицину, образование, финансы и искусство. Его возможности включают распознавание образов, создание контента, управление транспортными сетями и даже взаимодействие с людьми через чаты и голосовые помощники. Несмотря на потенциал, важно помнить о необходимости этичного использования технологий, обеспечения их безопасности и сохранения человеческого контроля над критически важными процессами.","A futuristic cyberpunk cityscape at night with towering skyscrapers made of glowing data streams and holographic advertisements floating in the sky. A sleek humanoid robot with smooth metallic skin walks through a crowd of people who are interacting with AR glasses displaying AI interfaces. The atmosphere is dynamic and illuminated by neon lights reflecting on wet pavement. Cinematic lighting, high detail, octane render, 8k resolution.",157,94
Искусственный интеллект_47,"Искусственный интеллект представляет собой революционную технологию, способную воспринимать, анализировать и создавать информацию без физического участия человека. Этот интеллектуальный парадокс объединяет мощные вычислительные способности, обучаемые на огромных массивах данных, позволяя алгоритмам предсказывать будущее, решать сложные задачи и творить искусство. В отличие от традиционных систем, ИИ способен адаптироваться к новым условиям, обобщая опыт и выявляя скрытые закономерности в реальном времени. Его потенциал охватывает все сферы человеческой деятельности: от медицины до науки, управления бизнесом и создания эстетических произведений. Современное развитие технологий позволяет превратить машины в живых помощников, способных учиться, ошибаться и исправлять свои ошибки. Однако эти возможности также вызывают глубокие философские размышления насчет природы сознания и автономии машин. Будущее человечества зависит от того, как мы будем использовать этот мощный инструмент, чтобы сохранить баланс между технологиями и гуманизмом.","A futuristic cybernetic cityscape at twilight featuring towering skyscrapers with glowing neural networks flowing through their glass facades, a vast open plaza where autonomous drones deliver packages and pedestrians walk alongside robots in sleek armor, warm golden sunlight filtering through holographic advertisements floating above the streets, cinematic wide angle shot, hyperrealistic style, intricate details, high contrast, 8k resolution --ar 16:9 --v 6.0",218,124
Искусственный интеллект_48,"Искусственный интеллект представляет собой революционную парадигму в современном мире, объединяющую мощь вычислительных алгоритмов с глубоким интеллектуальным пониманием данных. Этот искусственный интеллект не просто выполняет задачи, а способен анализировать сложные системы, предсказывать тенденции и создавать новые знания. В отличие от традиционных компьютеров, современные нейросети обладают способностью к обучению без явного программирования каждого шага, что позволяет им адаптироваться под изменяющиеся условия. От медицинских исследований до автоматизации промышленности, ИИ трансформирует отраслевые процессы, предлагая решения, ранее недоступные человеческому мозгу. Его потенциал огромен: он может моделировать климатические изменения, разрабатывать лекарства и оптимизировать транспортные сети с беспрецедентной точностью. Однако эти возможности требуют осторожного подхода, учитывая вопросы этики, конфиденциальности и безопасности данных. Будущее человечества зависит от того, насколько успешно мы будем балансировать между технологическим прогрессом и сохранением человеческого достоинства. Интеграция искусственного интеллекта в повседневную жизнь станет неизбежной реальностью, меняя восприятие информации, коммуникации и труда.","a futuristic cyberpunk cityscape at night where towering skyscrapers are made of glowing neural networks and holographic data streams floating in the sky, a lone human standing on a rooftop holding a transparent tablet displaying an AI brain interface, neon blue and purple lighting, cinematic depth of field, hyper-realistic, 8k resolution, detailed architecture, sci-fi atmosphere.",257,137
Искусственный интеллект_49,"Искусственный интеллект представляет собой революционную технологию, способную воспринимать, анализировать и создавать информацию без физического участия человека. Этот умный алгоритм обучается на огромных массивах данных, позволяя решать задачи, ранее считавшиеся недоступными для биологических систем. В современном мире ИИ стал неотъемлемой частью жизни, трансформируя медицину, образование, транспорт и искусство. Он способен обрабатывать миллионы запросов за секунды, обеспечивая точность и скорость, которые раньше требовали человеческого труда. Несмотря на свои мощные возможности, технологии эти остаются инструментом, который помогает людям, а не заменяет их полностью. Будущее человечества зависит от того, как мы будем использовать этот инструмент, чтобы максимизировать его пользу и минимизировать риски. Мы стоим на пороге новой эры, где интеграция технологий и человеческой интуиции создаст уникальные решения для сложных проблем нашего времени.","A futuristic cybernetic human standing in a vast, open space filled with glowing data streams and holographic interfaces, surrounded by floating neural networks and digital particles, soft blue and purple lighting, cinematic depth of field, high detail, 8k resolution --ar 16:9 --v 6.0",205,118
Искусственный интеллект_50,"Искусственный интеллект представляет собой революционную технологию, способную воссоздавать знания, обрабатывать данные и создавать контент без участия человека. Этот искусственный интеллект эволюционировал от простых алгоритмов к сложным нейросетям, позволяя решать задачи ранее считавшиеся невозможными. Современные системы способны анализировать огромные объемы информации, выявлять скрытые закономерности и принимать обоснованные решения. В то время как традиционные компьютеры выполняли вычисления по жесткому заданию, современные ИИ обладают интеллектом, имитирующим человеческое мышление и творчество. Он может писать стихи, создавать музыку или даже изображать лица людей, сохраняя при этом уникальную индивидуальность каждого созданного образа. Технологии машинного обучения позволяют системам обучаться на данных, постепенно становясь лучше и точнее в выполнении конкретных задач. Это открывает новые горизонты в медицине, образовании, финансах и искусстве, где эффективность и точность становятся приоритетом. Люди все чаще сотрудничают с искусственным интеллектом, используя его возможности для расширения своих возможностей и достижения новых результатов. Хотя существуют опасения относительно безопасности и этики, прогресс в области ИИ продолжает стремительно развиваться. Будущее человечества зависит от того, насколько мы сможем интегрировать умные технологии в повседневную жизнь, обеспечивая при этом баланс между технологическим развитием и сохранением человеческого достоинства.","a futuristic cityscape at night with towering skyscrapers made of glowing neural networks, a central holographic AI avatar floating in the sky holding a glowing brain, vibrant cyberpunk aesthetic, neon lights reflecting on wet pavement, intricate digital circuitry patterns everywhere, cinematic lighting, highly detailed, photorealistic, 8k resolution --ar 16:9 --v 6.0 --q 2",297,176
Искусственный интеллект_51,"Искусственный интеллект представляет собой революционную технологию, способную анализировать данные, обучаться и принимать решения без физического участия человека. Этот искусственный интеллект эволюционировал от простых алгоритмов к сложным нейросетям, которые могут распознавать образы, предсказывать тренды и создавать контент. Современные системы интегрируются во все сферы жизни, обеспечивая автоматизацию рутинных задач и предоставляя персонализированные услуги. Хотя технологии обладают мощью, их внедрение требует осторожного подхода, чтобы сохранить человеческое достоинство и этичность взаимодействия.","A futuristic cyberpunk cityscape at night, towering skyscrapers with glowing neon lights reflecting on wet pavement, a massive holographic AI brain floating in the sky above clouds, digital code flowing like water around the base of buildings, dramatic orange and purple lighting effects, cinematic composition, highly detailed 8k render.",124,67
Искусственный интеллект_52,"Искусственный интеллект представляет собой революционную технологию, способную воспринимать, анализировать и создавать информацию без участия человеческого мозга. Этот сложный алгоритм обучается на огромных массивах данных, выявляя закономерности и предсказывая результаты с беспрецедентной точностью. Вместо рутинных задач он берет на себя управление сложными системами, от медицины до логистики, обеспечивая безопасность и эффективность. В основе лежит способность к обучению, адаптации и решению нестандартных проблем, что позволяет ему трансформировать мир вокруг нас. Мы наблюдаем бурный рост этой дисциплины, которая стирает границы между человеком и машиной, создавая новые горизонты возможностей для человечества.","A futuristic cybernetic cityscape at sunset where towering skyscrapers are made of flowing digital code and holographic data streams. A diverse group of people in smart suits interact with floating AI interfaces, their hands projecting augmented reality into the air. The scene is bathed in warm golden light contrasting with cool blue neon accents, symbolizing human-machine harmony. High detail, cinematic composition, 8k resolution, photorealistic style, depth of field.",154,87
Искусственный интеллект_53,"Искусственный интеллект представляет собой революционную технологию, способную воспринимать, анализировать и создавать информацию без физического участия человека. Этот умный алгоритм обрабатывает огромные объемы данных, выявляя закономерности там, где их не было раньше. В отличие от традиционных систем, ИИ способен обучаться на новых примерах, адаптируясь к изменяющимся условиям в реальном времени. Он становится мощным инструментом в медицине, науке и бизнесе, предлагая решения, которые ранее были недоступны из-за ограничений человеческого труда или времени. Технологии машинного обучения позволяют создавать персонализированные услуги, предсказывать тенденции и решать сложные задачи с беспрецедентной точностью. Несмотря на свои возможности, ИИ все еще развивается, стремясь приблизиться к уровню человеческой логики и эмпатии. Его интеграция в повседневную жизнь обещает трансформацию многих отраслей экономики и общества.","A futuristic cybernetic human with glowing neural networks flowing through their brain, standing in a vast digital ocean surrounded by floating data cubes and holographic interfaces, soft blue and purple lighting, cinematic perspective, highly detailed, octane render --ar 16:9 --v 6.0",201,115
Искусственный интеллект_54,"Искусственный интеллект представляет собой революционную технологию, способную анализировать данные, обучаться и принимать решения без участия человека. Этот комплексный искусственный интеллект эволюционировал от простых алгоритмов к сложным нейронным сетям, которые способны понимать язык, распознавать образы и создавать контент. Современные системы интегрируются в повседневную жизнь, обрабатывая информацию в реальном времени. Они играют ключевую роль в медицине, образовании, финансах и науке, предлагая новые возможности для человеческого прогресса. Хотя эти технологии вызывают вопросы о будущем работы и автономности, их потенциал продолжает расти. Интеграция ИИ требует баланса между технологическим развитием и этическими нормами, чтобы обеспечить справедливость и безопасность. Будущее человечества зависит от того, как мы будем управлять этими мощными инструментами, превращая их из инструментов контроля в помощников, способных расширять человеческий потенциал.","a futuristic cybernetic cityscape at sunset with holographic AI interfaces floating in the sky, neon blue and purple lighting, intricate circuitry patterns on glass buildings, a lone astronaut standing on a floating platform looking at glowing neural network data streams, cinematic wide angle shot, high detail, 8k resolution, digital art style, volumetric lighting.",198,116
Искусственный интеллект_55,"Искусственный интеллект - это революционная технология, способная заменять человеческий ум в различных сферах жизни. Она позволяет машинам обучаться, понимать данные и принимать решения без участия человека. От медицины до науки, ИИ открывает новые горизонты прогресса, ускоряя исследования и повышая качество услуг. Эти системы обрабатывают огромные объемы информации быстрее любого человека, выявляя скрытые закономерности там, где их не было раньше. В повседневной жизни они становятся помощниками, предлагая персонализированные рекомендации и автоматизируя рутинные задачи. Однако важно помнить о балансе между технологиями и человечностью, сохраняя этические нормы и ответственность за свои действия.","A futuristic cybernetic cityscape at sunset where towering skyscrapers are made of glowing neural networks and holographic data streams float in the sky. A lone human silhouette stands on a rooftop observing this advanced technology with wonder. The scene is bathed in warm golden hour light contrasting with cool blue digital elements. High detail, cinematic composition, octane render, 8k resolution.",149,88
Искусственный интеллект_56,"Искусственный интеллект - это мощнейший инструмент, способный преобразовать мир к лучшему. Он позволяет машинам учиться, анализировать огромные объемы данных и решать задачи, которые ранее считались недоступными только для человека. В отличие от простых алгоритмов, современные ИИ обладают способностью понимать контекст, творить и адаптироваться к новым условиям. От медицины до образования и искусства, технологии нейросетей меняют повседневную жизнь людей, открывая новые горизонты возможного. Важно помнить, что ИИ не заменит человеческую душу, но станет незаменимым помощником, расширяющим наши возможности и делая сложные проблемы решаемыми быстрее и эффективнее.","A futuristic cybernetic cityscape at twilight, towering skyscrapers with glowing neural networks on their facades, flying vehicles shaped like butterflies, soft bioluminescent clouds, cinematic lighting, hyper-realistic, octane render, 8k, highly detailed, sci-fi atmosphere.",142,84
Искусственный интеллект_57,"Искусственный интеллект представляет собой революционную технологию, способную воспринимать, анализировать и создавать информацию без участия человеческого мозга. Это не просто инструмент, а эволюция мышления, объединяющая мощные вычислительные способности с глубоким интеллектуальным пониманием. Современные системы обучаются на огромных массивах данных, позволяя им решать задачи от медицинской диагностики до создания сложного программного обеспечения. В отличие от традиционных методов, ИИ способен обрабатывать параллельно тысячи операций одновременно, что открывает беспрецедентные возможности для научного прогресса и повседневной жизни. Он трансформирует промышленность, ускоряя процессы производства и оптимизируя ресурсы. Одновременно с этим возникает интерес к этике использования технологий, так как автоматизация меняет саму природу человеческой деятельности. Люди все чаще сталкиваются с необходимостью работать вместе с машинами, где алгоритмы принимают решения, влияющие на судьбы миллионов людей. Интеграция искусственного интеллекта в нашу жизнь становится неотъемлемой частью современного мира, формируя новые стандарты качества и эффективности. Технологии развиваются стремительно, предлагая решения, которые раньше были невозможны даже для самых продвинутых компьютеров. Этот симбиоз человека и машины создает уникальную платформу для исследования будущего, где границы между разумом и алгоритмами стираются. Мы наблюдаем заживление старых болезней благодаря точному анализу медицинских изображений. Мы создаем произведения искусства, недоступные для ручного исполнения. ИИ продолжает меняться, адаптируясь под новые данные и вызывающие вопросы о будущем человеческой автономии. Однако потенциал этой технологии огромен, если мы будем управлять ею ответственно и со знанием границ своих возможностей.","A futuristic AI landscape where a glowing neural network flows through a cyberpunk cityscape at night, with holographic data streams connecting skyscrapers and flying vehicles, rendered in high detail with neon lights and deep blue tones.",367,215
Искусственный интеллект_58,"Искусственный интеллект представляет собой революционную технологию, способную воссоздать человеческий разум и творческий потенциал через алгоритмы и данные. Этот искусственный интеллект не просто выполняет задачи, а активно участвует в формировании культуры, науки и искусства, открывая новые горизонты для человечества. В отличие от традиционных систем, современные ИИ обладают способностью к обучению, адаптации и решению сложных проблем, что позволяет решать задачи ранее считавшиеся недоступными даже самым продвинутым компьютерам. Развитие технологий машинного обучения привело к появлению нейросетей, которые могут анализировать огромные объемы информации быстрее, чем любой человек. Эти системы используются в медицине для ранней диагностики заболеваний, в образовании для персонализированного обучения, а также в сфере развлечений для создания уникальных художественных произведений. Однако внедрение искусственного интеллекта требует тщательной этической оценки, чтобы обеспечить справедливость и безопасность использования таких мощных инструментов. Будущее человечества зависит от того, как мы будем балансировать между технологическим прогрессом и сохранением человеческого достоинства и автономности. Интеграция ИИ в повседневную жизнь станет неотъемлемой частью нашего общества, трансформируя способы взаимодействия, работы и творчества. Важно помнить, что технологии должны служить людям, помогая преодолевать ограничения человеческого тела и ума, но не заменяя их полностью.","A futuristic cybernetic landscape where a towering humanoid figure stands amidst floating neural networks and glowing data streams, blending organic skin with metallic circuits under a starry night sky.",294,177
Искусственный интеллект_59,"Искусственный интеллект - это революционная технология, которая меняет мир. С помощью ИИ мы можем создавать искусство, писать код, решать сложные научные задачи и даже общаться с людьми. Этот искусственный интеллект обучается огромным массивам данных, анализирует информацию и принимает решения быстрее, чем любой человек. В будущем он станет нашим самым надежным помощником, помогая преодолевать трудности и открывать новые горизонты. Технологии машинного обучения позволяют компьютерам понимать человеческие мысли и предпочтения. ИИ помогает врачам диагностировать заболевания за считанные минуты. Он используется в транспорте для оптимизации маршрутов и повышения безопасности. Этот искусственный интеллект трансформирует нашу повседневную жизнь, делая ее удобнее и интереснее. Мы наблюдаем бурный рост технологий ИИ в различных отраслях экономики и науки.","A futuristic cyberpunk cityscape at night, glowing neon lights reflecting on wet pavement, towering skyscrapers with holographic advertisements, a lone robot with metallic skin walking through the rain, dramatic cinematic lighting, 8k resolution, highly detailed, atmospheric, urban technology theme.",173,109
Квантовые вычисления_0,"Квантовые вычисления представляют собой революционную парадигму обработки информации, основанную на использовании квантовых состояний частиц, таких как электроны или фотоны. В отличие от классических компьютеров, которые оперируют битами (единица или ноль), квантовые компьютеры используют кубиты, способные находиться в суперпозиции нескольких состояний одновременно. Это позволяет решать сложные задачи экспоненциально быстрее благодаря эффекту интерференции и запутыванию. Основные области применения включают криптографию, оптимизацию логистических цепочек, моделирование молекул для разработки новых лекарств и симуляцию физических процессов. Хотя технологии еще находятся на ранней стадии развития, они обещают изменить нашу способность понимать природу и решать инженерные проблемы, недоступные для традиционных методов.","A futuristic quantum computer server room with glowing blue and purple particles floating in the air, representing superposition states. The background features a complex network of interconnected nodes and circuits, symbolizing entanglement. Soft neon lights illuminate the space, creating an ethereal atmosphere. High-tech architecture with holographic displays showing abstract mathematical equations.",174,94
Квантовые вычисления_1,"Квантовые вычисления представляют собой революционную парадигму обработки информации, основанную на принципах квантовой механики. В отличие от классических компьютеров, использующих биты (0 или 1), квантовые системы используют кубиты — квазичастичные объекты, способные находиться в суперпозиции состояний одновременно. Это позволяет выполнять экспоненциально более сложные вычислительные задачи, такие как моделирование молекул, оптимизация логистических цепочек и решение сложных уравнений физики. Технология работает через запутывание частиц, где состояние одного кубита мгновенно коррелирует со всеми остальными, создавая мощнейшую сеть данных. Хотя технология еще находится на раннем этапе развития, она обещает ускорить прорывы в медицине, материаловедении и искусственном интеллекте. Компьютеры будущего будут использовать сверхпроводящие кубиты и большие массивы данных для решения задач, ранее считавшихся недоступными для человеческого мозга.",A futuristic quantum computer lab with glowing blue and purple particles swirling in a circular chamber representing qubits entangled together. A sleek human scientist in advanced white suit stands observing the holographic data streams floating above. The background features abstract geometric patterns of interconnected nodes and waves symbolizing superposition. Dramatic lighting highlights the intricate circuitry and quantum processors with neon accents.,219,110
Квантовые вычисления_2,"Квантовые вычисления представляют собой революционный прорыв в области обработки информации, оперируя принципами квантовой механики вместо классических битов. В отличие от традиционных компьютеров, использующих двоичные состояния 0 или 1, квантовые системы могут находиться в суперпозиции нескольких состояний одновременно благодаря эффекту туннелирования и запутанности частиц. Это позволяет решать сложные математические задачи, такие как факторизация больших чисел или моделирование молекул, экспоненциально быстрее, чем любой современный классический аппарат. Технология базируется на использовании кубитов — единиц квантовой информации, которые несут информацию в виде амплитуд вероятностей, подверженных интерференции. Компании вроде IBM и Google активно разрабатывают масштабируемые процессоры, стремясь достичь квантового превосходства над обычными суперкомпьютерами для решения задач в химии, медицине и финансах.","futuristic quantum computing lab with glowing blue and purple photons floating in mid-air, a sleek quantum processor chip emitting soft energy waves, holographic data streams swirling around particles, abstract geometric shapes representing superposition states, high-tech laboratory setting with glass walls, cinematic lighting, hyper-realistic, 8k resolution --ar 16:9 --v 6.0",206,105
Квантовые вычисления_3,"Квантовые вычисления представляют собой революционную парадигму обработки информации, основанную на использовании квантовых состояний частиц, таких как фотоны или электроны. В отличие от классических компьютеров, которые используют биты (0 или 1), квантовые системы могут существовать в суперпозиции состояний, позволяя обрабатывать множество вариантов одновременно. Это открывает путь к решению задач, ранее считавшихся невозможными для человеческого мозга, включая сложные симуляции молекул, оптимизацию логистических цепочек и расшифровку сложных алгоритмов шифрования. Процесс запуска квантового компьютера начинается с подготовки кубитов в определенное состояние, затем применяется квантовая операция, меняющая их свойства, и завершается измерением результата. Благодаря эффекту интерференции, правильный ответ усиливается, а неправильные — гасятся, что обеспечивает высокую точность вычислений. Однако эти машины требуют сверхнизких температур и сложной инженерии для поддержания стабильности квантовой когерентности. Несмотря на текущие ограничения, потенциал квантовых технологий продолжает расти, предлагая новые инструменты для научного исследования и практического применения в сфере кибербезопасности и материаловедения.","A futuristic quantum computer server room illuminated by soft blue and purple neon lights, featuring glowing qubits floating in a digital void, abstract geometric shapes representing superposition states, intricate circuitry resembling DNA strands, holographic projections of entangled particles swirling around the central processor, high-tech atmosphere with glass walls reflecting light, cinematic lighting, hyper-realistic, 8k resolution --ar 16:9 --v 6.0 --q 2",260,139
Квантовые вычисления_5,"Квантовые вычисления представляют собой революционную парадигму обработки информации, основанную на использовании квантовых состояний частиц, таких как фотоны или электроны. В отличие от классических компьютеров, использующих биты (0 или 1), квантовые системы могут обрабатывать информацию в виде суперпозиции, где система одновременно существует во всех возможных состояниях. Это позволяет выполнять сложные математические задачи, такие как шифрование, оптимизация логистических цепочек или моделирование молекул, экспоненциально быстрее. Ключевым элементом является кубит, способный находиться в состоянии |0>, |1> или их комбинации благодаря принципу суперпозиции. Параллелизм на уровне квантового состояния обеспечивает колоссальное ускорение вычислений для задач, ранее считавшихся недоступными для суперкомпьютеров. Однако эта технология требует строгого соблюдения законов квантовой механики, включая принцип неопределенности Гейзенберга, что накладывает ограничения на точность измерений. Современные исследования направлены на создание стабильных квантовых процессоров, способных поддерживать множество кубитов без декогеренции, что позволит реализовать практическое применение в области криптографии и фармацевтики.","A futuristic quantum computing laboratory with floating qubits and entangled particles glowing in vibrant colors, holographic data streams connecting nodes of a massive quantum processor, abstract geometric shapes representing superposition states swirling around the center, high-tech blue and purple lighting, intricate circuitry in the background, cinematic perspective, detailed render, ray tracing, 8k resolution.",270,137
Квантовые вычисления_6,"Квантовые вычисления представляют собой революционную технологию, способную решать задачи, недоступные классическим компьютерам. Вместо бинарных состояний 0 или 1, квантовые системы используют суперпозицию, позволяя обрабатывать множество вариантов одновременно. Этот подход открывает новые горизонты в медицине, финансах и криптографии. Компании вроде IBM и Google активно развивают эти технологии, делая их доступными для широкого круга пользователей. Несмотря на сложности, потенциал квантовых технологий огромен и меняет ландшафт современной науки.","A futuristic quantum computing lab with glowing blue particles floating in a vacuum chamber, holographic data streams swirling around intricate quantum circuits, a scientist observing through a glass panel, high-tech atmosphere, cinematic lighting, detailed render, hyper-realistic, 8k resolution.",115,65
Квантовые вычисления_7,"Квантовые вычисления представляют собой революционный прорыв в области обработки информации, использующий принципы квантовой механики для решения задач, которые традиционно считаются невозможными для классических компьютеров. В отличие от бинарных систем, где данные существуют либо как единица, либо как ноль, кубиты могут находиться в состоянии суперпозиции, одновременно представляя оба значения. Это позволяет выполнять параллельные вычисления, обрабатывая множество данных одновременно, что открывает двери для ускорения сложных алгоритмов в химии, медицине и финансовой сфере. Процесс запутанности играет ключевую роль, позволяя частицам взаимодействовать без прямого физического контакта, создавая сложные корреляционные связи между ними. Современные исследования фокусируются на создании стабильных кубитов, таких как сверхпроводящие или ионные ловушки, способных сохранять информацию над длительным периодом времени. Несмотря на значительные успехи, эта технология сталкивается с серьезными вызовами, включая декогеренцию и необходимость охлаждения до температур близких к абсолютному нулю. Однако перспективы применения квантовых компьютеров огромны, потенциально решая проблемы глобальной энергетической безопасности, оптимизации логистики и открытия новых материалов, меняющих наш мир навсегда.","a futuristic quantum computer architecture in a sleek laboratory setting with glowing blue and purple particles floating around, intricate circuit boards made of glass, holographic displays showing abstract mathematical formulas, high-tech atmosphere, soft lighting, cinematic composition, photorealistic, 8k resolution --ar 16:9 --v 6.0",269,151
Квантовые вычисления_8,"Квантовые вычисления представляют собой революционную технологию, использующую квантовые биты или кубиты для решения задач, которые ранее считались невозможными для классических компьютеров. В отличие от бинарных систем, где данные хранятся как 0 или 1, кубиты способны находиться в суперпозиции состояний одновременно, позволяя обрабатывать множество вариантов решений параллельно. Этот прорыв открывает двери для ускорения разработки лекарств, оптимизации логистических цепочек, моделирования сложных молекул в химии и анализа больших данных. Технология базируется на принципах квантовой механики, таких как запутанность и интерференция, что позволяет создавать алгоритмы, превосходящие возможности традиционных методов обработки информации. Несмотря на то, что коммерческие системы еще не доступны массовому потребителю, фундаментальные исследования ведутся интенсивно, стремясь преодолеть текущие технические барьеры и обеспечить стабильную работу при высоких температурах.","A futuristic quantum computing lab with holographic cubes floating in the air, representing qubits, surrounded by swirling particles of light and energy, a glowing interface displaying complex mathematical formulas and neural networks, dramatic lighting with neon blue and purple hues, high-tech atmosphere, cinematic composition, 8k resolution.",216,114
Квантовые вычисления_9,"Квантовые вычисления представляют собой революционный leap вперед в области обработки информации, объединяя принципы квантовой механики с классическими алгоритмами. В отличие от традиционных компьютеров, использующих бита как единицы данных, квантовые системы оперируют кубитами — системами состояниями, имеющими вероятностные свойства. Эти состояния могут находиться одновременно в нескольких конфигурациях благодаря явлению суперпозиции, что позволяет обрабатывать множество задач параллельно. Кроме того, явление запутанности связывает кубиты между собой так, что изменение одного влияет мгновенно на все остальные, создавая мощнейшую сеть взаимосвязанных частиц. Такие системы способны решать задачи, недоступные для классических машин, например, факторизацию больших чисел или оптимизацию сложных логистических цепочек. Практические применения уже сегодня включают криптографию нового поколения и моделирование молекул для разработки новых материалов. Несмотря на то, что технологии еще развиваются быстро, потенциал квантовых компьютеров открывает двери к точному прогнозированию климатических изменений и созданию беспрецедентного уровня медицины.","A futuristic quantum computing laboratory featuring floating qubits represented as glowing spheres of interconnected colors, surrounded by swirling particles and digital waveforms in a dark background with neon blue and purple accents.",241,132
Квантовые вычисления_10,"Квантовые вычисления представляют собой революционную парадигму обработки информации, основанную на использовании квантовых состояний частиц, таких как фотоны или электроны, вместо классических битов. В отличие от бинарных систем, где информация существует либо как единица, либо как ноль, кубиты могут находиться в суперпозиции обоих состояний одновременно. Это позволяет квантовым компьютерам обрабатывать множество вариантов решения задачи параллельно, что делает их идеальными инструментами для сложных математических расчетов, моделирования молекул и оптимизации логистических цепочек. Хотя технологии еще развиваются, они обещают ускорить прогресс в области криптографии, фармацевтики и искусственного интеллекта, открывая новые горизонты для научного исследования и индустриального развития.","A futuristic quantum computing lab featuring floating qubits represented as glowing spheres with swirling patterns, surrounded by holographic data streams and circuitry connecting various processors in a sleek glass environment. The scene is bathed in cool blue and purple neon lights, creating a high-tech atmosphere with particles flying through the air like energy waves. Modern architecture elements blend seamlessly with advanced technology, emphasizing innovation and scientific discovery.",178,93
Квантовые вычисления_11,"Квантовые вычисления представляют собой революционную парадигму обработки информации, основанную на принципах квантовой механики вместо классических битов. Вместо бинарных состояний 0 или 1, кубиты могут находиться в суперпозиции нескольких значений одновременно, позволяя выполнять тысячи операций за один шаг. Это открывает возможности для решения задач, ранее считавшихся невозможными для компьютеров, таких как моделирование сложных молекул, оптимизация логистических цепочек и криптографические атаки/защита. Архитектура квантовых систем включает квантовый процессор с множеством кубитов, соединенных когерентными линиями, управляемые фиддеками и системами охлаждения до абсолютного нуля. Несмотря на текущие ограничения стабильности кубитов из-за декогеренции, исследования показывают стремительный прогресс в создании более устойчивых архитектур, способных масштабироваться от сотен до миллионов кубитов. Практическое применение уже доступно в фармацевтике и финансах, где точность расчетов становится критической для принятия решений.","futuristic quantum computer architecture with glowing blue and purple cubes floating in a dark space, intricate circuitry connecting particles, holographic data streams flowing through the system, advanced cooling vents emitting cold light, sleek metallic surfaces reflecting neon colors, high-tech laboratory background with glass panels and lasers, cinematic lighting, hyper-realistic, 8k resolution, detailed microscopic view of qubits interacting.",237,121
Квантовые вычисления_12,"Квантовые вычисления представляют собой революционную технологию, которая использует квантовую механику для обработки информации. В отличие от классических компьютеров, где данные хранятся в битах (0 или 1), квантовые системы используют кубиты — частицы со свойствами суперпозиции, позволяя им находиться в нескольких состояниях одновременно. Это открывает возможности для решения задач, которые считаются невозможными для традиционных алгоритмов, таких как факторизация больших чисел, симуляция молекул и оптимизация сложных систем. Компании вроде IBM и Google активно разрабатывают квантовые процессоры, стремясь приблизиться к точке пересечения между теорией и практикой. Хотя технология пока находится на ранней стадии, её потенциал трансформирует науку, медицину и финансы, предлагая новые инструменты для понимания природы реальности.","A futuristic quantum computing lab featuring a sleek holographic processor floating in the center of a glass dome, surrounded by swirling particles representing superposition and entanglement, with glowing blue and purple energy lines connecting various components, modern minimalist architecture, high-tech atmosphere, cinematic lighting, detailed render, 8k resolution.",183,103
Квантовые вычисления_13,"Квантовые вычисления представляют собой революционную технологию, способную решать задачи, недоступные для классических компьютеров благодаря использованию квантовых состояний частиц. В отличие от бинарных систем, где данные представлены как 0 или 1, кубиты могут находиться в состоянии суперпозиции одновременно. Это позволяет параллельно обрабатывать множество вариантов решения одновременно, что открывает перспективы для ускорения сложных расчетов в химии, медицине и финансах. Технология опирается на принципы квантовой механики, включая запутанность и интерференцию волн, которые усиливают точность и эффективность алгоритмов. Современные разработки направлены на создание стабильных кубитов, минимизируя ошибки, вызванные тепловым шумом или декогеренцией. Несмотря на значительные технические препятствия, потенциал квантовых технологий огромен, способный изменить ландшафт индустрии и повседневной жизни через новые методы обработки информации.","A futuristic quantum computer circuit board glowing with vibrant neon blue and purple lights, featuring floating qubits represented as interconnected spheres in superposition states, surrounded by swirling particle waves representing entanglement and interference patterns, high-tech holographic interface displaying complex mathematical equations and quantum algorithms, sleek dark background, cinematic lighting, hyper-realistic, detailed textures, 8k resolution, professional tech illustration.",200,109
Квантовые вычисления_14,"Квантовые вычисления представляют собой революционную парадигму обработки информации, основанную на использовании квантовых состояний частиц для решения задач, недоступных классическим компьютерам. В отличие от битовых систем, где информация существует либо как единица, либо как ноль, кубиты могут находиться в суперпозиции обоих состояний одновременно. Это позволяет выполнять параллельные вычисления, обрабатывая множество вариантов решений за один шаг, что делает их идеальными инструментами для оптимизации сложных алгоритмов, моделирования молекул и симуляции физических процессов. Современные квантовые процессоры, такие как Those Who Know или IBM Quantum, демонстрируют впечатляющие результаты в задачах факторизации больших чисел и поиска в неструктурированных данных, приближаясь к практическому внедрению в реальном мире. Однако путь до полной коммерциализации сложен из-за высокой чувствительности к шумам окружающей среды, требующих сложной коррекции ошибок и охлаждения до температур близких к абсолютному нулю. Несмотря на эти вызовы, потенциал квантового превосходства открывает двери для трансформации индустрий фармацевтики, материаловедения и финансов, предлагая новые методы разработки лекарств и более точное прогнозирование рыночных трендов.","A futuristic quantum computer chip glowing with vibrant blue and purple light particles floating in a dark laboratory setting, surrounded by holographic data streams and swirling quantum fields, high-tech atmosphere, cinematic lighting, detailed render, 8k resolution --ar 16:9 --v 6.0 --q 2",278,153
Квантовые вычисления_15,"Квантовые вычисления представляют собой революционную парадигму обработки информации, основанную на использовании квантовых состояний частиц для решения задач, недоступных классическим компьютерам. В отличие от бинарных систем, где данные существуют либо как единица, либо как ноль, кубиты могут находиться в суперпозиции обоих состояний одновременно. Это позволяет выполнять параллельные расчеты множественных вариантов за один шаг, что делает их идеальными инструментами для симуляции молекул, оптимизации сложных логических схем и моделирования физических процессов. Машинное обучение также получает мощный импульс благодаря способности квантовых алгоритмов выявлять сложные паттерны в данных быстрее традиционных методов машинного обучения. Несмотря на сложность реализации, эти технологии открывают двери к новым возможностям в медицине, финансах и науке, предлагая точность и эффективность, которых еще не было ранее.","a futuristic quantum computer processing data with glowing particles in superposition states, abstract digital circuitry floating in a dark space filled with shimmering light waves and geometric shapes representing qubits, high-tech aesthetic, cyberpunk style, intricate details, neon colors, 8k resolution, photorealistic render.",198,113
Квантовые вычисления_16,"Квантовые вычисления представляют собой революционную парадигму обработки информации, основанную на принципах квантовой механики. В отличие от классических компьютеров, использующих биты (0 или 1), квантовые системы могут манипулировать кубитами — состояниями суперпозиции, где система одновременно существует во всех возможных состояниях. Это позволяет экспоненциально увеличить мощность вычислений, решая задачи, которые стали невозможными для традиционных систем, таких как шифрование, оптимизация логистики или моделирование молекул. Однако эта технология сталкивается с серьезными вызовами, включая декогеренцию и сложность управления тысячами кубитов, что требует развития новых алгоритмов коррекции ошибок. Несмотря на эти препятствия, потенциал квантовых компьютеров открывает двери к пониманию фундаментальных законов природы и созданию инновационных приложений в медицине и финансах.","A futuristic quantum computing lab with floating qubits and entangled particles glowing in vibrant colors, surrounded by holographic data streams, cybernetic scientists working on advanced quantum processors, high-tech atmosphere, blue and purple neon lights, intricate circuitry, ray tracing, 8k resolution, cinematic lighting, highly detailed, sci-fi concept art.",194,103
Квантовые вычисления_17,"Квантовые вычисления представляют собой революционную парадигму обработки информации, основанную на использовании квантовых состояний частиц для решения задач, которые невозможно эффективно решить на классических компьютерах. В отличие от бинарных битов, представляющих состояние 0 или 1, кубиты могут находиться в суперпозиции обоих состояний одновременно благодаря принципу неопределенности Гейзенберга. Это позволяет выполнять параллельные расчеты, где каждое возможное решение обрабатывается одновременно, что экспоненциально ускоряет алгоритмы шифрования, оптимизации и моделирования молекул. Современные протоколы, такие как алгоритм Шора для факторизации чисел и алгоритм Гровера для поиска, демонстрируют фундаментальные преимущества перед их аналогами на классической архитектуре. Хотя технология еще находится в стадии активного развития, она обещает прорыв в области криптографии, фармацевтики и искусственного интеллекта, открывая новые горизонты для научного познания мира.","futuristic quantum computer lab with glowing blue and purple particles floating in a void, holographic interface displaying complex mathematical equations and quantum circuits, abstract representation of superposition and entanglement, high-tech sci-fi aesthetic, volumetric lighting, cinematic composition, detailed texture, 8k resolution --ar 16:9 --v 6.0 --q 2",219,114
Квантовые вычисления_18,"Квантовые вычисления представляют собой революционную технологию, которая использует квантовое состояние частиц, таких как электроны или фотоны, для обработки информации. В отличие от классических компьютеров, использующих биты (0 или 1), квантовые системы могут работать со сверхточными состояниями, позволяя выполнять сложные математические задачи одновременно. Этот метод открывает возможности для решения проблем в области криптографии, оптимизации логистики и моделирования молекул, что ранее считалось невозможным для суперкомпьютеров. Современные исследования фокусируются на создании стабильных кубитов, которые сохраняют свою информацию при минимальном воздействии внешних факторов. Такие устройства способны достигать экспоненциального ускорения по сравнению с их аналогами, предлагая новые горизонты для научных открытий и индустриальных приложений будущего.","a futuristic quantum computer laboratory featuring glowing blue and purple particles floating in a dark void, surrounded by intricate circuitry and holographic displays showing complex data streams, with a large screen displaying mathematical formulas and quantum entanglement visuals, cinematic lighting, high detail, 8k resolution.",188,100
Квантовые вычисления_19,"Квантовые вычисления представляют собой революционную технологию, которая использует квантовую механику для обработки информации. В отличие от классических компьютеров, состоящих из битов (0 или 1), квантовые компьютеры используют кубиты — частицы, способные находиться в суперпозиции состояний одновременно. Это позволяет выполнять сложные расчеты экспоненциально быстрее при решении определенных задач. Основные направления включают квантовое шифрование, оптимизацию логистических цепочек, моделирование молекул для разработки новых лекарств и искусственный интеллект. Несмотря на то, что эти системы пока находятся на стадии экспериментов, их потенциал превращает мир в цифровую эпоху, где решение глобальных проблем станет доступным благодаря ускорению вычислений.","a futuristic quantum computing lab with glowing blue and purple holographic cubes floating in a dark room, surrounded by intricate circuitry and quantum particles swirling around, high-tech atmosphere, cinematic lighting, hyper-realistic, 8k resolution --ar 16:9 --v 6.0",167,90
Квантовые вычисления_20,"Квантовые вычисления представляют собой революционную парадигму обработки информации, основанную на использовании квантовых состояний частиц для решения задач, которые невозможно решить классическими компьютерами. В отличие от бинарных битов, представляющих либо единицу, либо ноль, кубиты могут находиться в состоянии суперпозиции, одновременно являясь нулем и единицей. Это позволяет выполнять множество операций параллельно, что обеспечивает экспоненциальное ускорение для определенных алгоритмов. Важнейшим принципом является интерференция амплитуд вероятности, где правильные ответы усиливаются, а ошибочные — гасятся, позволяя эффективно фильтровать неверные результаты. Современные архитектуры, такие как сверхпроводники и ионы, демонстрируют стремительный прогресс в создании масштабируемых систем. Эти технологии открывают двери для прорывных открытий в области криптографии, оптимизации сложных логистических цепочек, моделирования молекул и разработки новых материалов, способных изменить наше понимание физики и энергетики.","A futuristic quantum computer core composed of glowing blue and purple spheres representing qubits, floating in a dark void with swirling particle effects symbolizing superposition and entanglement. The design is sleek and modern with holographic displays showing binary data transforming into complex mathematical equations. Cinematic lighting creates an ethereal atmosphere highlighting the intricate connections between particles. High detail, 8k resolution, hyper-realistic render.",227,115
Квантовые вычисления_21,"Квантовые вычисления представляют собой революционную парадигму обработки информации, основанную на принципах квантовой механики. В отличие от классических компьютеров, использующих биты (единицы или нули), квантовые системы используют кубиты — квантовые бита, способные находиться в состоянии суперпозиции. Это позволяет обрабатывать множество вариантов решения одновременно, что делает их идеальными для задач оптимизации, моделирования молекул и криптографии. Технология базируется на сверхпроводящих элементах и использовании эффектов запутанности, где состояния отдельных частиц становятся взаимозависимыми. Современные алгоритмы, такие как Шора и Гровера, демонстрируют превосходство над классическими методами при решении специфических проблем.尽管 технология еще находится на стадии активного развития, она обещает изменить нашу способность решать сложные задачи в науке и бизнесе.","A futuristic quantum computer chip glowing with vibrant blue and purple light particles floating in a dark void, surrounded by swirling vortexes of entangled photons, intricate circuitry connecting qubits, holographic data streams flowing through the air, high-tech sci-fi aesthetic, ray tracing, 8k resolution, cinematic lighting, depth of field.",191,103
Квантовые вычисления_22,"Квантовые вычисления представляют собой революционный прорыв в области обработки информации, основанный на использовании квантовых состояний частиц, таких как электроны или фотоны. В отличие от классических компьютеров, использующих биты (0 или 1), квантовые системы могут манипулировать кубитами благодаря принципу суперпозиции и запутанности. Это позволяет выполнять сложные математические задачи, такие как шифрование и оптимизация, значительно быстрее, чем современные суперкомпьютеры. Технология обещает изменить парадигму науки и бизнеса, открывая доступ к решениям ранее считавшимся невозможными из-за нехватки ресурсов.","A futuristic quantum computing lab featuring glowing blue and purple particles floating in a void, surrounded by holographic displays showing complex data structures. The scene includes abstract geometric shapes representing qubits entangled together, with soft light beams connecting the elements. The atmosphere is high-tech and mysterious, filled with cool tones of cyan and violet against a dark background.",143,75
Квантовые вычисления_23,"Квантовые вычисления представляют собой революционный прорыв в области обработки информации, использующий квантовую механику для решения задач, недоступных классическим компьютерам. В отличие от бинарной логики, где данные существуют либо как единица, либо как ноль, кубиты могут находиться в состоянии суперпозиции одновременно. Это позволяет выполнять сложные математические операции и моделирование молекул с невероятной точностью, что открывает двери к созданию новых лекарств, ускорению разработки материалов и оптимизации глобальных систем. Технология базируется на принципах интерференции волн и запутанности частиц, обеспечивая экспоненциальный рост вычислительной мощности при уменьшении количества физических компонентов. Современные исследования фокусируются на создании стабильных кубитов, таких как сверхпроводящие или ионные ловушки, способных поддерживать длительную когерентность. Практическая реализация этих технологий требует сложного инженерного подхода, включающего криогенические системы и экстремальные условия. Несмотря на значительные успехи в лабораторных условиях, масштабирование до промышленного уровня остается одной из главных вызовов, так как шум и декогеренция разрушают квантовое состояние. Тем не менее, потенциал квантовых компьютеров трансформирует ландшафт науки и бизнеса, предлагая решения для ранее считанных проблем, таких как симуляция сложных химических реакций или решение задач искусственного интеллекта. Будущее этой области зависит от преодоления технических барьеров и развития алгоритмов, адаптированных к специфическим свойствам квантовой среды.","A futuristic quantum computer visualization showing interconnected glowing spheres representing qubits in a superposition state, with swirling vortex patterns and entangled particles floating in a dark laboratory setting. The scene features holographic displays displaying complex mathematical equations and quantum circuits, surrounded by sleek metallic structures emitting soft blue and purple light. Floating particles exhibit vibrant colors indicating probability waves, while the background shows abstract geometric shapes representing quantum logic gates. High-tech atmosphere with advanced technology elements, intricate circuitry designs, and a sense of cutting-edge innovation.",340,185
Квантовые вычисления_25,"Квантовые вычисления представляют собой революционную парадигму обработки информации, основанную на принципах квантовой механики. В отличие от классических компьютеров, использующих биты (0 или 1), квантовые системы могут манипулировать кубитами — элементами состояниями одновременно несколькими значениями. Этот подход позволяет решать задачи, которые ранее считались невозможными для эффективного решения, такие как факторизация больших чисел или оптимизация сложных систем. Ключевым преимуществом является экспоненциальный рост мощности при добавлении небольшого количества дополнительных кубитов благодаря явлению суперпозиции и интерференции. Современные алгоритмы, включая Шора и Гровера, демонстрируют потенциал ускорения вычислений в различных областях науки и промышленности. Несмотря на текущие ограничения стабильности и декогеренции, развитие технологий направлено на создание масштабируемых архитектур, способных изменить будущее энергетики, медицины и криптографии.","A futuristic quantum computing lab featuring glowing blue and purple holographic circuits floating in a dark void, surrounded by swirling particles representing qubits. The scene includes abstract geometric shapes and quantum entanglement visualizations connecting different nodes with light beams. Dramatic lighting effects create a high-tech atmosphere, emphasizing the advanced technology and revolutionary nature of quantum processing systems.",203,108
Квантовые вычисления_26,"Квантовые вычисления представляют собой революционный прорыв в области обработки информации, основанный на использовании квантовых состояний частиц, таких как фотоны или электроны. В отличие от классических компьютеров, использующих биты (0 или 1), квантовые системы могут обрабатывать информацию в виде суперпозиций, где одновременно существуют все возможные состояния. Это позволяет решать сложные задачи, такие как моделирование молекул, оптимизация логистических цепочек или взламывание шифров, значительно быстрее и эффективнее традиционных методов. Технология базируется на принципах квантовой механики, включая интерференцию и запутанность частиц, что открывает новые горизонты для научного исследования и практического применения в медицине, финансах и искусственном интеллекте.","A futuristic quantum computer lab with glowing blue particles floating in the air, intricate circuit boards made of silver and black metal, holographic displays showing complex mathematical equations, soft ambient lighting, high-tech atmosphere, cinematic composition, 8k resolution, hyperrealistic, detailed textures.",172,93
Квантовые вычисления_27,"Квантовые вычисления представляют собой революционную парадигму обработки информации, основанную на принципах квантовой механики. В отличие от классических компьютеров, использующих биты (0 или 1), квантовые системы используют кубиты — квазичастицы, способные находиться в суперпозиции состояний. Это позволяет обрабатывать множество параллельных вариантов решения одновременно, что открывает путь к решению задач, непосильных для традиционных алгоритмов. Основные технологии включают квантовую запутанность, которая связывает состояния отдельных частиц, и интерференцию волн, позволяющую усиливать правильные ответы и подавлять ошибочные. Современные процессоры, такие как Google Sycamore, демонстрируют квантовое превосходство над суперкомпьютерами для специфических тестов. Несмотря на сложности в управлении тысячами кубитов и декогеренцию, потенциал этих систем огромен. Они могут трансформировать фармацевтику, материаловедение, криптографию и оптимизацию логистики, предлагая точные модели ранее недоступные. Инвестиции в эти технологии становятся критически важными для будущего индустрии и научного прогресса.","A futuristic quantum computing lab with glowing blue and purple holographic data streams floating in the air around a sleek glass server rack. The room is filled with swirling particles representing qubits and entangled states, creating an ethereal nebula effect. In the center, a massive quantum processor emits soft beams of light connecting various nodes, symbolizing parallel processing power. Surrounding elements include abstract geometric shapes made of digital energy, floating molecules, and a mysterious quantum circuit board emitting a faint glow. The lighting is dramatic with neon hues against dark backgrounds, emphasizing high-tech precision and advanced science.",260,125
Квантовые вычисления_28,"Квантовые вычисления представляют собой революционный скачок в обработке информации, использующий квантовую механику для решения задач, недоступных классическим компьютерам. Вместо битовых данных, состоящих из 0 или 1, эти системы используют кубиты — квантовые частицы, способные находиться в суперпозиции состояний одновременно. Это позволяет параллельно обрабатывать множество вариантов решений за один шаг, что делает их идеальными инструментами для сложных алгоритмов оптимизации, моделирования молекул и криптографических атак. Несмотря на то, что технология еще находится на ранней стадии развития, она обещает изменить ландшафт науки и промышленности, открывая двери к созданию сверхбыстрого искусственного интеллекта и безопасной передачи данных нового поколения.","futuristic quantum computer circuit board glowing with blue and purple light particles floating in zero gravity space background, abstract digital waveforms swirling around processor cores, high tech sci-fi atmosphere, cinematic lighting, octane render, 8k resolution --ar 16:9 --v 6.0",167,93
Квантовые вычисления_29,"Квантовые вычисления представляют собой революционную парадигму обработки информации, основанную на использовании квантовых состояний частиц, таких как кубиты. В отличие от классических битов, которые могут быть либо нулем, либо один, кубит может находиться в суперпозиции обоих состояний одновременно благодаря принципу суперпозиции. Это позволяет квантовым компьютерам обрабатывать множество вариантов решения задачи параллельно, что делает их потенциально способными решать сложные математические и физические проблемы, недоступные для классического оборудования. Ключевым элементом является запутывание, когда состояния отдельных кубитов становятся взаимозависимыми, создавая корреляцию между ними, которая усиливает вычислительную мощность системы. Хотя технология находится на стадии активного развития, она обещает ускорение алгоритмов шифрования, оптимизации логистики и моделирования молекул для создания новых материалов. Однако масштабирование квантовых систем остается вызовом из-за высокой чувствительности к шуму и декогеренции, требующей экстремальных температур и сложной инженерии.","A futuristic quantum computing lab filled with swirling blue and purple energy particles representing qubits, surrounded by holographic circuit boards displaying complex mathematical equations in glowing text. The scene features floating glass panels showing entangled quantum states connecting different nodes of a massive interconnected network. Dramatic lighting from behind creates a mystical atmosphere with neon reflections on metallic surfaces, emphasizing the advanced technology and scientific discovery.",241,125
Квантовые вычисления_30,"Квантовые вычисления представляют собой революционную парадигму обработки информации, основанную на принципах квантовой механики. В отличие от классических компьютеров, использующих бита (единицы или нули), квантовые системы оперируют кубитами — системами состоянием суперпозиции, способными одновременно находиться во всех возможных конфигурациях. Это позволяет решать сложные задачи экспоненциально быстрее, такие как моделирование молекул для разработки новых лекарств, оптимизация логистических цепочек или симуляция климатических изменений. Технология использует квантовое запутывание, которое создает сильные корреляции между частицами, позволяя обрабатывать огромные объемы данных параллельно. Хотя технология находится на стадии активной разработки и требует сложной инфраструктуры, она обещает изменить ландшафт науки и промышленности, открывая доступ к ранее недоступным знаниям и решениям.","A futuristic quantum computer lab with glowing blue and purple particles floating in mid-air, representing qubits and superposition. The scene features holographic data streams connecting complex geometric shapes like tetrahedrons and hypercubes, symbolizing entanglement and parallel processing. Dramatic lighting from neon sources illuminates the space, creating a high-tech atmosphere with deep shadows and vibrant colors. Cinematic composition, macro photography style, intricate details of quantum circuits, advanced science visualization.",197,101
Квантовые вычисления_31,"Квантовые вычисления представляют собой революционную парадигму обработки информации, основанную на принципах квантовой механики вместо классических битов. В отличие от двоичных систем, где информация существует либо как единица, либо как ноль, кубиты способны находиться в суперпозиции состояний одновременно. Это позволяет выполнять миллионы параллельных операций за раз, что потенциально решает задачи, такие как криптография, оптимизация логистических цепочек или моделирование сложных молекул, недоступные для классических компьютеров. Процесс измерения кубита разрушает его состояние, поэтому необходимо использовать алгоритмы, минимизирующие влияние декогеренции — потери квантовых свойств из-за взаимодействия с окружающей средой. Современные системы используют сверхпроводящие магниты и оптоволокно для создания масштабируемых архитектур. Хотя технология находится на ранней стадии развития, она обещает значительный прорыв в науке и промышленности, трансформируя подход к решению глобальных проблем.","A futuristic quantum computer chip floating in a dark laboratory with glowing blue and purple particles swirling around it, representing superposition states. The background features abstract geometric shapes and holographic data streams. Cinematic lighting, high contrast, hyper-realistic texture, 8k resolution, detailed microscopic view of quantum circuits.",217,117
Квантовые вычисления_32,"Квантовые вычисления представляют собой революционный прорыв в обработке информации, используя квантовый туннелинг и суперпозицию состояний для решения задач, которые ранее считались невозможными. В отличие от классических компьютеров, где биты существуют либо как единица, либо как ноль, кубиты могут находиться в состоянии 0, 1 или их комбинации благодаря принципу суперпозиции. Это позволяет параллельно обрабатывать огромные объемы данных одновременно, что делает квантовые системы идеальными инструментами для моделирования сложных молекул, оптимизации логистических цепочек и взлома современных шифров. Процесс квантового алгоритма начинается с создания запутанности между кубитами, создавая неразрывную связь между ними, которая усиливает вычислительную мощность. Затем применяется специализированный алгоритм, такой как Шора или Гровер, который использует квантовую интерференцию для выделения нужного ответа среди миллионов возможных вариантов. Результатом является экспоненциальная ускорение по сравнению с классическими методами, открывая новые горизонты в науке, медицине и финансах.","A futuristic quantum computer core with glowing blue and purple particles representing qubits floating in a void, surrounded by swirling patterns of entangled light, intricate circuitry forming geometric shapes, holographic projections displaying mathematical formulas and quantum states, dramatic lighting effects with neon colors against a dark background, highly detailed, sci-fi aesthetic, 8k resolution, cinematic composition.",252,130
Квантовые вычисления_33,"Квантовые вычисления представляют собой революционную парадигму обработки информации, основанную на использовании квантовых состояний частиц, таких как электроны или фотоны, для выполнения сложных математических задач. В отличие от классических компьютеров, которые используют биты — либо 0, либо 1 — квантовые системы могут находиться в суперпозиции нескольких состояний одновременно. Это позволяет выполнять множество операций параллельно, что потенциально ускоряет расчеты в области криптографии, оптимизации логистики и моделирования молекул. Однако эта технология сопряжена со сложными вызовами, включая декогеренцию, где квантовое состояние разрушается из-за взаимодействия с окружающей средой, требуя использования экстремально холодных температур и изолированных систем. Несмотря на эти трудности, прогресс в области кубитов и алгоритмов квантовой механики открывает новые горизонты для науки и индустрии, предлагая решения ранее недоступные для человеческого восприятия.","A futuristic quantum computing laboratory with a glowing holographic display showing complex quantum circuits and particles in superposition states floating above a sleek black desk. The room is filled with blue and purple neon lights reflecting off polished surfaces, creating an ethereal atmosphere. In the center, three distinct quantum bits (qubits) emit soft pulses of light, representing their entangled nature. Surrounding them are advanced servers humming quietly, connected by shimmering data streams. The background features abstract geometric shapes made of light, symbolizing probability waves. High-tech glass walls reveal a serene control panel with digital readouts displaying precise calculations. The overall scene conveys innovation, precision, and the cutting edge of technology.",214,116
Квантовые вычисления_34,"Квантовые вычисления представляют собой революционный прорыв в обработке информации, основанный на использовании квантовых состояний частиц, таких как фотоны или электроны. В отличие от классических компьютеров, которые оперируют битами, принимающими значения 0 или 1, квантовые системы используют кубиты — квантовые биты, способные находиться в суперпозиции нескольких состояний одновременно. Это позволяет выполнять сложные математические задачи экспоненциально быстрее, что открывает перспективы для решения задач в области криптографии, оптимизации логистики и моделирования молекул. Однако эти технологии требуют сложного оборудования, включая сверхпроводники и магнитные поля, чтобы поддерживать стабильное состояние кубитов. Несмотря на текущие ограничения, потенциал квантовых технологий продолжает расти, предлагая новые методы анализа данных и создание искусственного интеллекта нового поколения.","A futuristic quantum computer lab featuring glowing blue and purple particles floating in a vacuum chamber, intricate circuitry with neon lights, holographic displays showing complex mathematical formulas, abstract geometric shapes representing qubits, high-tech atmosphere, cinematic lighting, 8k resolution, hyperrealistic --ar 16:9 --v 5.2 --q 2",188,104
Квантовые вычисления_35,"Квантовые вычисления представляют собой революционный прорыв в области обработки информации, использующий квантовое состояние частиц, таких как электроны или фотоны, для выполнения сложных математических операций. В отличие от классических компьютеров, которые оперируют битами — либо нулем, либо единицей — квантовые системы могут существовать в состоянии суперпозиции, обрабатывая множество вариантов одновременно. Это позволяет решать задачи, ранее считавшиеся невозможными для классического оборудования, включая сложные алгоритмы оптимизации, моделирование молекул и криптографические шифры. Современные разработки включают сверхпроводящие кубиты и фотонные системы, обеспечивая высокую скорость и точность расчетов. Несмотря на значительный прогресс, технологии все еще находятся на стадии активного развития, сталкиваясь с проблемами стабильности и декогеренции. Однако потенциал этих систем открывает новые горизонты в медицине, финансах и науке, способствуя решению глобальных проблем через неуправляемый параллелизм данных.","A futuristic quantum computer with glowing blue and purple particles floating in a dark laboratory, surrounded by swirling energy waves and holographic data streams, intricate circuitry connecting quantum processors, high-tech atmosphere, cinematic lighting, hyper-realistic, 8k resolution.",224,118
Квантовые вычисления_36,"Квантовые вычисления представляют собой революционный прорыв в обработке информации, основанный на использовании квантовых состояний частиц для решения задач, недоступных классическим компьютерам. В отличие от битов, представляющих либо единицу, либо ноль, кубиты могут находиться в суперпозиции нескольких состояний одновременно благодаря принципу неопределенности Гейзенберга. Это позволяет алгоритмам обрабатывать огромные объемы данных параллельно, что делает их идеальными инструментами для симуляции молекул, оптимизации сложных систем и шифрования данных. Современные разработки включают квантовые процессоры вроде IBM Q и Google Sycamore, демонстрирующие способность решать задачи факторизации чисел быстрее, чем любой известный классический метод. Несмотря на текущие ограничения по масштабу и стабильности, потенциал квантовых технологий продолжает расти, открывая новые горизонты в науке, финансах и промышленности.","futuristic quantum computer chip glowing with vibrant neon colors in a dark laboratory setting, holographic data streams flowing through complex geometric structures, particles orbiting like planets around central point, intricate circuitry patterns swirling in space, high-tech blue and purple lighting, cinematic depth of field, hyperrealistic, 8k resolution, quantum physics visualization style --ar 16:9 --v 5.2 --q 2",207,108
Квантовые вычисления_37,"Квантовые вычисления представляют собой революционную парадигму обработки информации, основанную на использовании квантовых состояний частиц, таких как фотонные кубиты или сверхпроводящие конденсаты. В отличие от классических битов, которые существуют либо в состоянии 0, либо в 1, квантовые системы могут находиться в суперпозиции обоих состояний одновременно благодаря принципу суперпозиции. Это позволяет выполнять экспоненциально более сложные вычислительные задачи за значительно меньшее время, что делает их идеальными инструментами для моделирования молекул, оптимизации логистических цепочек и решения сложных алгоритмов машинного обучения. Ключевыми компонентами системы являются квантовый процессор, который использует управляемые операции для манипуляции состояниями кубитов, и система управления, обеспечивающая стабильность данных. Несмотря на то, что технологии еще находятся в стадии развития, они обещают изменить ландшафт науки и промышленности, открывая новые горизонты для искусственного интеллекта и криптографии.","A futuristic quantum computing lab with glowing blue and purple particles floating in the air, representing qubits and superposition states. High-tech holographic displays show complex mathematical equations and circuit diagrams in the background. The scene is filled with soft light effects, emphasizing the advanced technology and scientific innovation of modern quantum computing.",227,121
Квантовые вычисления_38,"Квантовые вычисления представляют собой революционный прорыв в области обработки информации, использующий принципы квантовой механики для решения задач, которые остаются невычисlimыми для классических компьютеров. В отличие от бинарных систем, где данные представлены либо как единица, либо как ноль, кубиты могут находиться в состоянии суперпозиции, позволяя обрабатывать множество вариантов одновременно. Это открывает перспективы для ускорения сложных алгоритмов, таких как моделирование молекул в химии или оптимизация логистических цепочек, что может изменить индустрию фармацевтики и энергетики. Квантовый шум и декогеренция остаются главными вызовами, но развитие технологий позволяет создавать более стабильные системы. Будущее квантовых вычислений лежит в гибридных архитектурах, сочетающих мощь классической обработки с точностью квантового алгоритма.","A futuristic quantum computer chip glowing with vibrant neon blue and purple light, surrounded by swirling particles representing qubits in superposition states, holographic data streams flowing through the circuit board, abstract geometric shapes floating in space to symbolize quantum entanglement, high-tech laboratory background with glass panels and advanced technology, cinematic lighting, hyper-realistic, detailed 8k resolution.",192,102
Квантовые вычисления_39,"Квантовые вычисления представляют собой революционную парадигму обработки информации, основанную на использовании квантовых состояний частиц для решения задач, недоступных классическим компьютерам. В отличие от бинарных данных, где информация хранится как 0 или 1, квантовые системы могут находиться в суперпозиции всех возможных состояний одновременно благодаря принципу суперпозиции. Это позволяет выполнять множество параллельных вычислений за один шаг, значительно ускоряя алгоритмы шифрования, оптимизации и моделирования молекул. Однако, применение квантового компьютера требует сложной инфраструктуры, включая сверхпроводники и миллионы кубитов, которые пока находятся в стадии активного исследования. Технологии вроде квантовой коррекции ошибок остаются критически важными для создания надежных систем, способных решать практические проблемы в химии, финансах и искусственном интеллекте.","A futuristic quantum computing laboratory featuring glowing blue and purple qubits floating in a dark void, surrounded by intricate circuitry and holographic data streams. The scene captures the essence of superposition with vibrant particles representing binary states transitioning between 0 and 1 simultaneously. Cinematic lighting highlights the technological marvel, emphasizing speed and precision in this cutting-edge field of science.",183,103
Квантовые вычисления_40,"Квантовые вычисления представляют собой революционную парадигму обработки информации, использующую принципы квантовой механики для решения задач, которые невозможно решить классическими компьютерами. В отличие от бинарных систем, где данные представлены как 0 или 1, кубиты могут находиться в состоянии суперпозиции, одновременно представляя оба значения. Это позволяет квантовым системам параллельно обрабатывать множество вариантов решений одновременно, что обеспечивает экспоненциальный рост производительности при увеличении размера алгоритма. Современные приложения включают квантовое шифрование, оптимизацию сложных логистических цепочек и моделирование молекул для разработки новых лекарств. Несмотря на то, что технологии еще находятся на ранней стадии развития, потенциал их внедрения в финансах, науку и промышленность огромен, требуя дальнейших исследований и инфраструктурных инвестиций.","a futuristic quantum computing lab with floating qubits and entangled particles glowing in vibrant colors, a holographic interface displaying complex mathematical algorithms, sleek dark technology background, cinematic lighting, high detail, photorealistic style --ar 16:9 --v 5.2 --q 2",186,103
Квантовые вычисления_41,"Квантовые вычисления представляют собой революционную парадигму обработки информации, использующую квантовое состояние частиц для выполнения задач, недоступных классическим компьютерам. В отличие от бинарных систем, где данные существуют либо как единица, либо как ноль, квантовая механика позволяет кубитам находиться в суперпозиции состояний одновременно. Это свойство открывает возможности для экспоненциального роста вычислительной мощности при уменьшении количества физических компонентов. Основными направлениями развития являются алгоритмы Шора для факторизации чисел и Гровера для ускорения поиска в базах данных. Компании вроде IBM, Google и Microsoft активно работают над созданием стабильных процессоров, способных решать сложные проблемы в химии, материаловедении и машинном обучении. Хотя технология находится на ранней стадии, перспективы её внедрения в фармацевтику, криптографию и оптимизацию логистики выглядят обещать значительный экономический рост.","futuristic quantum computer chip glowing with vibrant colors, abstract particles floating in a digital void, intricate circuitry intertwined with flowing energy waves, holographic projections of qubits and superposition concepts, deep space background with nebulae, high contrast, cinematic lighting, 8k resolution, hyperrealistic style --ar 16:9 --v 6.0 --q 2",213,114
Квантовые вычисления_42,"Квантовые вычисления представляют собой революционный прорыв в области обработки информации, предлагая решение сложных задач, недоступных классическим компьютерам. В отличие от бинарных систем, использующих биты, квантовые системы оперируют кубитами — квантовыми объектами, способными находиться в состоянии суперпозиции нескольких состояний одновременно. Это свойство позволяет экспоненциально увеличить объём обрабатываемых данных, что открывает перспективы для ускорения разработки лекарств, оптимизации логистических цепочек и решения проблем искусственного интеллекта. Механизмы квантового параллелизма обеспечивают одновременную проверку множества гипотез, позволяя находить оптимальные решения среди колоссальных наборов вариантов. Однако эта технология сопряжена со сложностями, такими как декогеренция и необходимость сверхнизких температур для поддержания стабильности состояния кубитов. Несмотря на технические вызовы, потенциал квантовых технологий продолжает расти, трансформируя ландшафт современной науки и промышленности.","A futuristic quantum computer lab with glowing blue cubes floating in mid-air representing qubits, surrounded by swirling particles of different colors symbolizing superposition and entanglement. The background features a large holographic display showing complex mathematical equations and circuit diagrams. Dramatic lighting effects highlight the intricate connections between the quantum components, creating an atmosphere of advanced technology and scientific discovery.",219,110
Квантовые вычисления_43,"Квантовые вычисления представляют собой революционный прорыв в области обработки информации, основанный на использовании принципов квантовой механики вместо классических битов. Вместо бинарных состояний '0' или '1', кубиты могут находиться в суперпозиции обоих состояний одновременно, что позволяет выполнять множество операций параллельно. Это открывает новые горизонты для решения сложных задач, таких как криптография, оптимизация логистических цепочек и моделирование молекул в химии. Хотя технология еще находится на ранней стадии развития, она обещает изменить мир науки и промышленности, обеспечивая сверхбыстрые расчеты ранее недоступные для суперкомпьютеров.","A stunning visualization of a quantum computer processing data with glowing particles representing qubits in superposition states, surrounded by swirling waves and abstract geometric shapes, futuristic cyberpunk aesthetic, high contrast, intricate details, 8k resolution, cinematic lighting, depth of field.",147,80
Квантовые вычисления_44,"Квантовые вычисления представляют собой революционный прорыв в области обработки информации, объединяющий принципы квантовой механики с классическими алгоритмами. В отличие от традиционных битовых систем, где информация существует либо как единица (1), либо как ноль (0), кубиты могут находиться в состоянии суперпозиции одновременно. Это позволяет выполнять тысячи операций параллельно, что делает решение сложных задач, таких как шифрование, оптимизацию логистики или моделирование молекул, кардинально более эффективным. Процесс измерения кубита разрушает его состояние, поэтому точность результатов зависит от вероятностных свойств квантовых систем. Современные разработки включают квантовый сопроцессор Qiskit, позволяющий исследовать концепции без необходимости физического создания сложного оборудования. Технология обладает огромным потенциалом для трансформации медицины, финансов и науки, открывая новые горизонты возможностей в области искусственного интеллекта и криптографии.",A futuristic quantum computing lab with holographic displays showing entangled particles and spinning qubits floating in a dark room illuminated by blue neon lights.,200,113
Квантовые вычисления_45,"Квантовые вычисления представляют собой революционную парадигму обработки информации, основанную на принципах квантовой механики. В отличие от классических компьютеров, использующих биты (0 или 1), квантовые системы могут манипулировать кубитами — элементами состояниями суперпозиции, позволяющими одновременно обрабатывать множество данных параллельно. Этот подход открывает возможности для решения задач, которые ранее считались невозможными, такими как факторизация больших чисел, моделирование молекул и оптимизация сложных систем. Хотя технология находится на ранней стадии развития, она обещает изменить ландшафт науки и промышленности, обеспечив сверхбыстрые расчеты и точные предсказания физических явлений.","A futuristic quantum computer architecture with glowing blue and purple particles floating in a void, surrounded by swirling geometric patterns representing superposition states. The scene features interconnected nodes emitting light beams, symbolizing parallel processing capabilities. Cyberpunk aesthetic with neon lights against a dark background, high detail, cinematic lighting, 8k resolution.",156,81
Квантовые вычисления_46,"Квантовые вычисления представляют собой революционную парадигму обработки информации, основанную на принципах квантовой механики. В отличие от классических компьютеров, использующих бита как единицы данных, квантовые системы используют кубиты — квантовые биты, способные находиться в суперпозиции состояний одновременно. Это позволяет выполнять параллельные вычисления на огромном числе возможных путей за раз, что потенциально решает задачи, недоступные для традиционных систем, такие как криптография, оптимизация логистических цепочек или моделирование сложных молекул. Однако эта технология сталкивается с серьезными вызовами, включая декогеренцию и необходимость экстремальных температур для поддержания когерентности. Несмотря на эти ограничения, прогресс в области алгоритмов Шора и Гровера уже демонстрирует практическую пользу в определенных секторах промышленности и науки. Будущее вычислений лежит здесь, где квантовая механика встречается с инженерией, создавая новые возможности для решения глобальных проблем человечества.","futuristic quantum computer circuit board with glowing blue photons and qubits floating in a dark void, intricate quantum entanglement visualized as connecting lines between particles, holographic interface displaying mathematical formulas and probability waves, high-tech semiconductor chip architecture, neon lights reflecting on metallic surfaces, cinematic lighting, hyper-realistic, 8k resolution, depth of field, abstract representation of quantum computing technology.",223,120
Квантовые вычисления_47,"Квантовые вычисления представляют собой революционную парадигму обработки информации, основанную на использовании квантовых состояний частиц для решения задач, недоступных классическим компьютерам. В отличие от бинарных данных (0 или 1), кубиты могут находиться в суперпозиции нескольких состояний одновременно благодаря принципу неопределенности Гейзенберга. Это позволяет выполнять параллельные расчеты экспоненциально быстрее при наличии достаточного количества кубитов. Технология включает два основных типа: квантовое программирование, где алгоритмы реализуются через квантовые операции, и квантовую криптографию, обеспечивающую безупречную безопасность за счет невозможности клонирования состояний. Компании вроде IBM, Google и Microsoft активно развивают эти направления, создавая сложные системы из сотен кубитов. Несмотря на значительный прогресс, масштабирование до тысяч кубитов остается одной из главных технических проблем, требующих глубокого понимания квантовой механики и инженерии.","A futuristic quantum computing laboratory with swirling blue and purple energy particles forming geometric shapes in the air. A holographic display shows complex mathematical equations and circuit diagrams floating above a sleek glass console. Surrounding elements include glowing quantum bits represented as small spheres and intricate quantum circuits depicted as shimmering light paths. The scene is bathed in cool neon blues and purples against a dark background, symbolizing advanced technology and innovation.",222,113
Квантовые вычисления_48,"Квантовые вычисления представляют собой революционный прорыв в области обработки информации, позволяющий решать задачи, которые невозможно решить классическими компьютерами за разумное время. В отличие от традиционных битовых систем, состоящих из нулей и единиц, квантовые компьютеры используют кубиты — квантовые бита, способные находиться в суперпозиции состояний одновременно. Это свойство позволяет выполнять параллельный расчет множества вариантов решения сразу же, что делает их идеальными инструментами для оптимизации сложных логических схем, моделирования молекул и поиска решений в огромных данных. Технология квантовых вычислений активно развивается благодаря прогрессу в создании стабильных кубитов и улучшению алгоритмов управления ими. Несмотря на текущие ограничения по количеству кубитов, именно этот фундаментальный подход открывает новые горизонты в науке, медицине и финансах, предлагая точность, недоступную современному оборудованию.","A futuristic quantum computer laboratory with glowing blue and purple holographic cubes floating in a dark room, surrounded by swirling particles representing qubits, with intricate circuitry connecting the devices, cinematic lighting, highly detailed, 8k resolution, hyper-realistic --ar 16:9 --v 6.0 --q 2",205,113
Квантовые вычисления_49,"Квантовые вычисления представляют собой революционную парадигму обработки информации, использующую квантовое состояние частиц для решения задач, недоступных классическим компьютерам. В отличие от битовых систем, где информация существует либо как единица, либо как ноль, кубиты могут находиться в суперпозиции состояний одновременно. Это позволяет выполнять параллельные расчеты экспоненциально быстрее при определенных типах операций. Современные алгоритмы, такие как Шора или Гровер, демонстрируют потенциал ускорения для криптографии, оптимизации и моделирования молекул. Однако эта технология требует сложного управления когерентностью и минимизации декогеренции, что делает её доступной лишь для специализированных центров обработки данных. Будущее лежит в интеграции этих мощностей с искусственным интеллектом, открывая новые горизонты в науке и промышленности.","A futuristic quantum computer lab with swirling particles and glowing qubits in the air, surrounded by holographic data streams and floating quantum circuits. The scene is filled with vibrant colors like neon blue and purple, featuring intricate geometric patterns representing superposition states. Dramatic lighting creates a mysterious atmosphere with beams of light illuminating the workspace. High-tech background with abstract representations of quantum mechanics, digital networks connecting various nodes.",190,102
Квантовые вычисления_50,"Квантовые вычисления представляют собой революционную парадигму обработки информации, основанную на использовании квантовых состояний частиц, таких как фотоны или электроны. В отличие от классических компьютеров, использующих биты (0 или 1), квантовые системы могут находиться в суперпозиции всех возможных состояний одновременно благодаря принципу суперпозиции. Это позволяет выполнять сложные математические задачи экспоненциально быстрее традиционных алгоритмов. Важнейшим принципом является квантовая запутанность, которая связывает состояния удалённых частиц, создавая мощные корреляции между ними. Алгоритмы Шора позволяют решать факторизацию больших чисел практически мгновенно, что угрожает современной криптографии, а алгоритм Гровера ускоряет поиск данных. Эти технологии открывают новые горизонты в фармацевтике, материаловедении и машинном обучении. Несмотря на то, что коммерческие устройства ещё не доступны массовому потребителю из-за сложной инфраструктуры, фундаментальные исследования ведутся со скоростью света, стремясь преодолеть барьер кубита, который пока ограничен температурой близкой к абсолютному нулю.","A futuristic quantum computer with glowing blue and purple particles floating in a dark void, surrounded by swirling energy waves representing superposition and entanglement, intricate circuitry patterns, holographic displays showing mathematical equations, abstract geometric shapes, high-tech atmosphere, cinematic lighting, 8k resolution, hyperrealistic, detailed.",247,130
Квантовые вычисления_51,"Квантовые вычисления представляют собой революционную парадигму обработки информации, основанную на использовании квантовых состояний частиц, таких как кубиты. В отличие от классических битов, которые существуют либо в состоянии 0 или 1, кубиты могут находиться в суперпозиции обоих значений одновременно благодаря принципу неопределенности Гейзенберга. Это позволяет выполнять параллельные вычисления, обрабатывая огромные объемы данных за доли секунды. Однако эта технология сталкивается с фундаментальными ограничениями, такими как декогеренция, шум и сложность управления. Современные алгоритмы, включая Шора и Гровера, демонстрируют потенциал для решения задач криптографии, оптимизации и моделирования молекул, недоступных классическим компьютерам. Несмотря на значительные технические вызовы, квантовые компьютеры становятся все более доступными, открывая новые горизонты в науке, медицине и финансах.","A futuristic quantum computing lab with glowing blue cubes floating in a dark room, surrounded by swirling particles representing qubits and superposition states. The scene features holographic displays showing mathematical algorithms and quantum circuits connecting different nodes. Dramatic lighting highlights the intricate connections between the digital elements, creating an atmosphere of high-tech innovation and scientific discovery.",204,106
Квантовые вычисления_52,"Квантовые вычисления представляют собой революционную парадигму обработки информации, использующую принципы квантовой механики вместо классических битов. Вместо бинарных состояний 0 или 1, кубиты могут находиться в суперпозиции, позволяя обрабатывать множество данных одновременно. Этот метод открывает путь к решению задач, недоступных для суперкомпьютеров, таких как моделирование молекул для разработки лекарств, оптимизация глобальных логистических цепочек и взлом современных систем шифрования. Хотя технологии пока находятся на стадии экспериментов, потенциал их внедрения трансформирует экономику, медицину и безопасность. Квантовое превосходство демонстрируется не просто скоростью, а уникальной способностью находить оптимальные решения в сложных многомерных пространствах, где традиционные алгоритмы теряют эффективность.","futuristic quantum computer chip glowing with blue and purple light waves, abstract digital circuitry floating in a dark void, holographic data streams flowing through particles, sci-fi cyberpunk aesthetic, high contrast, dramatic lighting, intricate quantum mechanical patterns, glowing nodes, mysterious atmosphere, 8k resolution, cinematic composition.",178,93
Квантовые вычисления_53,"Квантовые вычисления представляют собой революционную парадигму обработки информации, основанную на использовании квантовых состояний частиц, таких как фотоны или электроны. В отличие от классических компьютеров, использующих биты (0 или 1), квантовые системы могут манипулировать суперпозицией, позволяя одновременно обрабатывать множество данных параллельно. Этот подход открывает двери для решения задач, которые ранее считались невозможными для алгоритмов на основе компьютера, включая сложные модели машинного обучения, оптимизацию глобальных систем и криптографические задачи. Хотя технология еще находится на ранней стадии развития, она обещает трансформировать науку, медицину и финансы, предлагая новые методы анализа больших данных и ускорение химических реакций. Будущее квантовых технологий зависит от преодоления текущих ограничений, связанных с декогеренцией и необходимостью создания стабильных кубитов при высоких температурах.","A futuristic laboratory scene featuring a sleek quantum computer with glowing blue and purple circuit boards floating in mid-air above a dark, starry void. Surrounding the device are particles like photons and electrons swirling around it in vibrant colors representing superposition states. The background is filled with abstract geometric shapes and holographic data streams connecting to the main unit, creating an atmosphere of advanced technology and scientific discovery.",202,111
Квантовые вычисления_54,"Квантовые вычисления представляют собой революционную парадигму обработки информации, оперирующую с кубитами вместо классических битов. Эти системы способны решать задачи, непосильные для суперкомпьютеров, используя квантовое запутывание и интерференцию состояний. В отличие от традиционных алгоритмов, требующих экспоненциального роста времени выполнения при увеличении сложности, квантовые методы обеспечивают линейную или полиномиальную сложность. Такие технологии уже находят применение в криптографии, оптимизации логистических цепочек и моделировании молекул для разработки новых лекарств. Однако они требуют специализированного оборудования, включающего сверхпроводники, лазерное охлаждение и сложные контроллеры, что делает их доступными только для узкого круга исследователей и корпораций.",A futuristic quantum computing lab with floating qubits glowing in vibrant neon colors against a dark background. Abstract geometric shapes representing entangled particles swirl around central processing units made of glass and circuitry. Cinematic lighting effects highlight the intricate connections between digital streams and physical components. High-tech atmosphere with holographic displays showing mathematical formulas and wave patterns.,175,88
Квантовые вычисления_55,"Квантовые вычисления представляют собой революционную парадигму обработки информации, основанную на использовании квантовых состояний частиц для решения задач, непосильных для классических компьютеров. В отличие от бинарной логики, где данные существуют либо как единица, либо как ноль, кубиты могут находиться в суперпозиции множества состояний одновременно. Это позволяет выполнять параллельные вычисления, что открывает путь к ускорению алгоритмов криптографии, моделированию молекул и оптимизации сложных систем. Технология базируется на принципах квантовой механики, таких как интерференция и запутывание, которые обеспечивают невероятную чувствительность к внешним воздействиям. Хотя текущие системы еще сталкиваются с проблемами декогеренции и требуют сложной коррекции ошибок, потенциал квантовых компьютеров меняет фундаментальное понимание возможного человеческого разума, предлагая новые инструменты для научных открытий и инновационных разработок.","A futuristic quantum computer server room with glowing blue and purple particles floating in the air, intricate circuitry connecting holographic screens displaying complex mathematical formulas, a central processor emitting a soft radiant light, abstract geometric shapes representing qubits swirling around the device, high-tech atmosphere with clean lines, deep space background, cinematic lighting, hyper-realistic, 8k resolution.",206,110
Квантовые вычисления_56,"Квантовые вычисления представляют собой революционную парадигму обработки информации, основанную на использовании квантовых состояний частиц, таких как кубиты. В отличие от классических битов, которые могут быть либо нулем, либо единицей, кубиты способны находиться в суперпозиции множества состояний одновременно благодаря принципу суперпозиции. Это позволяет выполнять экспоненциально более сложные вычисления за меньшее время, что критически важно для решения задач в области криптографии, оптимизации логистики и моделирования молекул. Квантовые алгоритмы, такие как Шорев алгоритм, демонстрируют потенциал взлома современных систем шифрования, но также открывают новые возможности для создания безопасных протоколов передачи данных. Технология развивается стремительно, сочетая физические принципы квантовой механики с инженерными системами управления, создавая мощные суперкомпьютеры нового поколения. Несмотря на текущие ограничения в отношении стабильности и шума, перспективы применения квантовых технологий в медицине, финансах и науке остаются безграничными.","futuristic quantum computing lab with glowing blue qubits floating in a dark space, abstract geometric shapes representing superposition and entanglement, holographic displays showing complex mathematical formulas, high-tech atmosphere, cinematic lighting, 8k resolution, hyperrealistic, intricate details.",222,124
Квантовые вычисления_57,"Квантовые вычисления представляют собой революционную парадигму обработки информации, основанную на использовании квантовых состояний частиц для решения задач, недоступных классическим компьютерам. В отличие от бинарной логики, где данные существуют либо как единица, либо как ноль, кубиты могут находиться в суперпозиции обоих состояний одновременно. Это позволяет выполнять миллионы операций параллельно за один шаг, что делает их идеальными инструментами для моделирования сложных молекул, оптимизации финансовых рынков и криптографии нового поколения. Технология требует сложной инженерии, включающей сверхпроводники, лазерное охлаждение до абсолютного нуля и системы управления когерентностью, чтобы избежать декогеренции — потери квантовой информации из-за взаимодействия со средой. Несмотря на значительные технологические барьеры и стоимость разработки, потенциал квантовых компьютеров открывает двери к беспрецедентным возможностям в науке, медицине и искусственном интеллекте, трансформируя глобальные промышленные процессы.","futuristic quantum computing lab with glowing blue particles floating in a glass chamber, holographic circuit diagrams projected onto walls, abstract geometric shapes representing qubits and superposition, deep space background with stars, cinematic lighting, high detail, 8k resolution, realistic style.",222,119
Квантовые вычисления_58,"Квантовые вычисления представляют собой революционную парадигму обработки информации, основанную на принципах квантовой механики. В отличие от классических компьютеров, использующих бита (единицы или нули), квантовые компьютеры оперируют кубитами — системами, способными находиться в состоянии суперпозиции нескольких состояний одновременно. Это позволяет им обрабатывать огромные объемы данных параллельно, что делает их идеальными инструментами для решения сложных математических задач, таких как факторизация чисел или оптимизация. Ключевым преимуществом является экспоненциальный рост мощности при добавлении лишь небольшого количества дополнительных кубитов благодаря эффекту запутывания. Однако эта технология сталкивается с серьезными вызовами, включая декогеренцию и необходимость использования сложной когерентной среды. Несмотря на эти препятствия, исследования в области квантовых алгоритмов, таких как Шора и Гровера, демонстрируют потенциал для трансформации индустрий фармацевтики, финансов и криптографии, предлагая новые методы моделирования молекул и поиска решений в глобальных проблемах. Будущее квантовых технологий находится на пороге взрыва, который может изменить подход человечества к решению самых трудных проблем, стоящих перед наукой.","A futuristic quantum computer processing complex data streams with glowing particles representing qubits in superposition states, surrounded by swirling patterns of entangled energy and holographic interfaces displaying mathematical algorithms and quantum circuits, high-tech cyberpunk aesthetic with neon blue and purple lighting effects, intricate circuitry, advanced technology, digital transformation, quantum computing future concept, detailed render, 8k resolution.",281,145
Квантовые вычисления_59,"Квантовые вычисления представляют собой революционную парадигму обработки информации, основанную на использовании квантовых состояний частиц, таких как фотоны или электроны. В отличие от классических компьютеров, которые работают с битами (0 или 1), квантовые процессоры используют кубиты, способные находиться в суперпозиции нескольких состояний одновременно. Это позволяет выполнять сложные математические операции экспоненциально быстрее благодаря явлению интерференции и запутыванию. Хотя технология еще находится на стадии активного развития, она обещает решить задачи, недоступные для традиционных систем, включая криптографию, моделирование молекул и оптимизацию логистических цепочек.","A futuristic quantum computer processor with glowing blue and purple particles floating in a dark void, surrounded by swirling holographic data streams representing qubits and superposition states. The scene features intricate circuitry made of shimmering light, with entangled particles connecting across space-time to form complex mathematical equations visible as radiant geometric patterns. Cinematic lighting highlights the ethereal nature of the technology against a deep black background.",152,79
Биотехнологии_0,"Биотехнология представляет собой передовую область науки и техники, объединяющую биологические системы с инженерными методами для создания новых продуктов и решений. Этот динамично развивающийся сектор играет ключевую роль в современной медицине, сельском хозяйстве и экологии. Благодаря достижениям генной инженерии и клеточных технологий, ученые способны создавать персонализированную терапию, улучшать урожайность растений и разрабатывать устойчивые к изменениям климата культуры. Важнейшим направлением является биоинженерия, которая позволяет модифицировать организмы для решения сложных проблем здоровья планеты. Инновационные разработки в области производства лекарств, вакцин и диагностических средств опираются на мощные биотехнологические платформы. Эти технологии открывают новые горизонты для медицины, обеспечивая доступ к эффективным лекарствам даже для самых уязвимых групп населения. Кроме того, биотехнологии способствуют решению продовольственных кризисов через создание высокопродуктивных культур и методов переработки отходов. В сфере экологии применяются микроорганизмы для очистки воды и почвы от загрязнителей, а также для восстановления деградированных экосистем. Развитие этой дисциплины требует междисциплинарного подхода, сочетающего фундаментальные исследования с практическим применением. Результатом работы биотехнологов становятся инновационные материалы, фармацевтические препараты и биоразлагаемые продукты. Устойчивое развитие становится центральной темой исследований, направленных на минимизацию воздействия на окружающую среду. Современные лаборатории активно работают над созданием биоэлектроники и систем биораздельности. Это направление открывает перспективы для интеграции природы и технологий в повседневную жизнь человечества.","A futuristic laboratory scene featuring advanced biotechnology research with glowing green genetic sequences floating in the air, surrounded by robotic scientists examining DNA samples under holographic displays. The background shows a vast biofactory filled with healthy plants and clean water systems, connected to sleek autonomous drones delivering medical supplies. Warm golden sunlight filters through large glass windows illuminating the sterile white environment, creating a harmonious blend of nature and technology. High-tech blue and gold lighting highlights intricate molecular structures and digital interfaces on walls. The overall atmosphere conveys innovation, hope, and scientific progress in modern medicine and agriculture.",366,195
Биотехнологии_1,"Биотехнология представляет собой передовую область науки, объединяющую биологические процессы с инженерными методами для создания новых продуктов и решений. Этот прогресс позволяет создавать лекарства, которые работают быстрее и эффективнее традиционных средств, а также разрабатывать экологически чистые материалы для защиты окружающей среды. В последние десятилетия биотехнологии стали ключевым драйвером инноваций в медицине, сельском хозяйстве и промышленности. Современные лаборатории используют генную инженерию для редактирования ДНК, что открывает безграничные возможности для лечения редких заболеваний и улучшения качества жизни людей. Кроме того, эти технологии играют важную роль в производстве биоэнергии и биоразлагаемых материалов, способствуя устойчивому развитию планеты. Интеграция различных наук создает мощные инструменты, позволяющие решать сложные глобальные проблемы, такие как изменение климата и дефицит ресурсов. Будущее биотехнологий лежит в области персонализированной медицины и интеллектуальных систем, которые будут адаптироваться под индивидуальные потребности каждого человека.","A futuristic laboratory scene featuring a scientist working with advanced biotechnology equipment, surrounded by glowing DNA strands and microscopic cells, set against a backdrop of green energy plants and clean water, symbolizing sustainable innovation and medical breakthroughs.",221,128
Биотехнологии_2,"Биотехнология представляет собой передовую область науки, объединяющую биологические системы с инженерными методами для создания новых продуктов и решений. Этот процесс включает использование микроорганизмов, клеток животных или растений для производства лекарств, пищевых добавок, биоразлагаемых материалов и сельскохозяйственных культур. Современные лаборатории оснащены сложным оборудованием, позволяющим проводить точные эксперименты и анализировать данные в реальном времени. Ученые исследуют геномы существующих организмов, чтобы понять их функции и возможности модификации. Целью является создание безопасных и эффективных технологий, которые улучшают качество жизни человечества. От вакцин до экологически чистых очистителей, применение биотехнологий меняет ландшафт медицины и промышленности, открывая бесконечные перспективы развития.","A futuristic laboratory interior featuring advanced biotechnology research in progress. The room is filled with glowing green microscopes and holographic displays showing DNA strands connecting to robotic arms manipulating cells. Large glass tanks contain vibrant cultures of genetically modified organisms emitting soft blue light. In the background, scientists work at sophisticated computers surrounded by floating data streams. The overall atmosphere is high-tech, clean, and scientifically precise with a color palette dominated by neon greens, deep blues, and metallic silvers.",169,93
Биотехнологии_3,"Биотехнология представляет собой передовую отрасль науки, объединяющую биологию, химию и инженерные решения для создания новых продуктов и методов лечения. Этот процесс включает использование живых организмов или их частей для производства лекарств, вакцин, ферментов и биопластиков. Современные лаборатории оснащены сложным оборудованием, позволяющим проводить точные эксперименты в контролируемых условиях. Исследователи работают над созданием устойчивых к болезням растений и животных, а также разрабатывают методы очистки воды и воздуха. Эти технологии играют ключевую роль в решении глобальных проблем здравоохранения, продовольственной безопасности и экологии. Будущее медицины и промышленности лежит в области биотехнологических инноваций, которые постоянно меняют подход к созданию эффективных терапий и материалов.","A futuristic laboratory interior with advanced biotechnology equipment glowing softly in the background, scientists working on screens surrounded by green plants and microorganisms floating gently around them, soft natural light streaming through large windows illuminating holographic data displays showing molecular structures, high-tech atmosphere, clean sterile environment, detailed close-up of a robotic arm manipulating DNA strands, vibrant colors, cinematic lighting, 8k resolution.",171,98
Биотехнологии_4,"Биотехнология представляет собой передовую область науки и техники, объединяющую биологические процессы с инженерными решениями. Этот дисциплинарный комплекс позволяет создавать новые продукты, улучшать существующие лекарства и разрабатывать эффективные методы лечения заболеваний. Современные исследования направлены на использование генной инженерии, клеточной культуры и молекулярной биологии для достижения значительных медицинских прорывов. В отличие от традиционных подходов к фармакологии, биотехнологический метод обеспечивает высокую точность и безопасность препаратов, минимизируя побочные эффекты у пациентов. Кроме того, эти технологии открывают возможности для производства сложных биомолекул, таких как инсулин, антитела и вакцины, которые были ранее недоступны или требовали длительных экспериментов. Индустрия биотехнологий активно развивает свои границы, интегрируя искусственный интеллект и большие данные для оптимизации производственных процессов. Это направление также играет ключевую роль в решении глобальных проблем, включая эпидемию, изменение климата и дефицит ресурсов. Устойчивое развитие становится приоритетным аспектом, так как биотехнологии позволяют создавать экологичные альтернативы традиционным методам сельского хозяйства и энергетики. Будущее отрасли связано с персонализированной медициной, где каждый пациент получает препараты, адаптированные под его уникальный генетический профиль. Таким образом, биотехнология выступает мощным драйвером прогресса в здравоохранении и научном сообществе, предлагая надежные инструменты для борьбы с болезнями и улучшения качества жизни человечества.",A futuristic laboratory scene featuring a scientist working with advanced biotechnology equipment in a clean white room filled with holographic data displays and glowing genetic molecules. The central figure is surrounded by floating DNA strands and protein structures rendered in vibrant neon colors against a dark background.,349,183
Биотехнологии_5,"Биотехнология представляет собой передовую отрасль науки, объединяющую биологические системы с инженерными методами для создания новых продуктов и решений. Этот междисциплинарный подход позволяет создавать лекарства, эффективные вакцины и биоразлагаемые материалы, которые ранее были невозможны благодаря сложным научным открытиям. Современные лаборатории оснащены высокоточной техникой, позволяющей манипулировать клетками на уровне микроскопа, что открывает безграничные возможности для медицины. Ученые используют генную инженерию для модификации организмов, придавая им уникальные свойства, такие как устойчивость к болезням или способность производить полезные вещества. Это направление не только улучшает качество жизни людей, но и способствует устойчивому развитию планеты, предлагая экологичные альтернативы традиционным методам производства. В результате биотехнологии становятся ключевым драйвером инноваций, формирующим будущее здравоохранения и промышленности.","futuristic laboratory with advanced biotechnology equipment, glowing green cells floating in glass containers, holographic DNA strands swirling around robotic arms, clean white sterile background, soft blue lighting, cinematic composition, high detail, photorealistic, 8k resolution.",206,107
Биотехнологии_6,"Биотехнология представляет собой передовую область науки и техники, объединяющую биологические процессы с инженерными решениями. Это динамично развивающееся направление, которое использует микроорганизмы, клетки и ферменты для производства лекарств, пищевых продуктов и биоразлагаемых материалов. Современные лаборатории оснащены сложной инфраструктурой, включающей ГЭВМ, системы очистки и контролируемые условия выращивания клеток. Исследователи применяют методы генной инженерии и молекулярной биологии для оптимизации производственных процессов, повышая эффективность и безопасность продукции. В результате достигается значительный экономический рост и улучшение качества жизни благодаря доступным терапевтическим средствам и экологически чистым альтернативам традиционным методам. Этот междисциплинарный подход открывает бесконечные возможности для инноваций в медицине, сельском хозяйстве и промышленности.",A futuristic laboratory scene featuring advanced biotechnology research in a clean white environment with holographic data displays and robotic arms working on DNA strands. The image captures the essence of modern science with soft blue lighting and intricate molecular structures floating in mid-air.,190,97
Биотехнологии_7,"Биотехнология представляет собой передовую отрасль науки, объединяющую биологические процессы с инженерными решениями. Это динамичное направление активно использует микроорганизмы, клетки и вирусы для производства лекарств, пищевых продуктов и биоразлагаемых материалов. Современные методы включают генную инженерию, клеточную культуру и биореакторы, позволяя создавать персонализированные медицинские препараты и экологически чистые материалы. Процесс разработки новых препаратов требует сложного анализа и тестирования, обеспечивая безопасность и эффективность конечных продуктов. Индустрия растет стремительно благодаря внедрению искусственного интеллекта и роботизированных систем, что ускоряет создание инновационных решений для человечества.","a futuristic laboratory scene featuring glowing green microorganisms floating in a glass chamber, surrounded by holographic DNA strands and robotic arms manipulating genetic sequences, with vibrant bioluminescent plants growing on metal surfaces, digital data streams flowing through the air, clean sterile environment, high-tech medical research facility, intricate details of cellular structures, cinematic lighting, 8k resolution.",153,79
Биотехнологии_8,"Биотехнология представляет собой передовую область науки и инженерии, объединяющую биологические процессы с технологическими методами. Эта дисциплина использует живые организмы, такие как бактерии, дрожжи и клетки растений, для производства различных веществ. Включая фармацевтические препараты, пищевые добавки, биопластиков и ферменты, биотехнология играет ключевую роль в современном мире. Она позволяет создавать новые лекарства, улучшать урожайность сельскохозяйственных культур и разрабатывать экологически чистые материалы. Сложные генетические манипуляции позволяют модифицировать микроорганизмы так, чтобы они эффективно синтезировали нужные соединения. Этот процесс требует глубокого понимания молекулярной биологии, биоинформатики и химической технологии. Современные лаборатории оснащены высокоточными оборудованием для анализа ДНК и белков. Инновационные методы культивирования клеток открывают возможности для массового производства сложных биомолекул. Применение технологий CRISPR-Cas9 революционизирует научный подход к редактированию геномов, обеспечивая точное лечение наследственных заболеваний. Междисциплинарная природа биотехнологии способствует созданию устойчивых решений для глобальных проблем здравоохранения и продовольственной безопасности.","futuristic laboratory interior with biotech research, glowing green microorganisms floating in glass tubes, holographic DNA strands connecting cells, robotic arms manipulating genetic material, clean white sterile environment, soft blue and neon green lighting, high-tech medical equipment in background, detailed scientific illustration style, 8k resolution, professional photography.",272,133
Биотехнологии_9,"Биотехнология представляет собой передовую отрасль науки, объединяющую биологические процессы с инженерными решениями для создания новых продуктов и услуг. Этот междисциплинарный подход позволяет разрабатывать лекарства, улучшать сельскохозяйственные культуры и создавать экологически чистые материалы. Научные исследования направлены на понимание сложных биохимических реакций, что открывает двери к персонализированной медицине и устойчивому развитию. В мире растущих потребностей человечества биотехнологии становятся ключевым фактором прогресса, обеспечивая безопасность здоровья населения и продовольственную независимость. Инновационные методы генного редактирования и клеточная терапия революционизируют традиционные подходы к лечению заболеваний, предлагая надежные альтернативы существующим методам терапии. Связь между генетикой, биоинженерией и химией формирует основу современной биотехнической индустрии, способствуя созданию высокотехнологичных систем здравоохранения. Развитие этой сферы требует постоянного совершенствования лабораторных методов и внедрение новых технологий производства. Устойчивость окружающей среды остается приоритетом, так как биотехнологии могут быть использованы для очистки воды и борьбы с изменением климата. Таким образом, биотехнологии играют критическую роль в решении глобальных проблем современного общества.","a futuristic laboratory scene with glowing green genetic code floating in the air, surrounded by robotic scientists examining advanced microscopes filled with DNA strands and biotechnology equipment. The background features holographic displays showing molecular structures and sustainable energy systems. Soft blue and purple lighting creates a high-tech atmosphere, emphasizing innovation and scientific progress.",296,145
Биотехнологии_10,"Биотехнология представляет собой передовую область науки и техники, объединяющую биологические процессы с инженерными решениями для создания новых продуктов и улучшения существующих систем. Этот динамично развивающийся сектор играет ключевую роль в современной медицине, сельском хозяйстве и экологии. В центре внимания находятся генная инженерия, клеточные культуры и искусственный интеллект, которые позволяют создавать персонализированную терапию, устойчивые к болезням растения и эффективные удобрения. Современные лаборатории используют сложные методы культивирования клеток для производства инсулина и вакцин, а также для разработки биоразлагаемых материалов. Эти технологии не только решают глобальные проблемы, такие как голод и дефицит лекарств, но и способствуют снижению воздействия на окружающую среду. Интеграция различных дисциплин делает биотехнологию уникальным инструментом для будущего, обеспечивая безопасность, эффективность и экологическую устойчивость в каждом шаге разработки.","futuristic laboratory interior with glowing biotech equipment and DNA strands floating in the air, digital holographic displays showing molecular structures, clean modern workspace with green plants and healthy crops, high-tech medical devices, soft natural lighting, photorealistic, 8k resolution, intricate details of genetic engineering processes.",204,117
Биотехнологии_11,"Биотехнология представляет собой передовую отрасль науки, объединяющую биологические процессы с инженерными технологиями для создания новых продуктов и решений. Этот междисциплинарный подход позволяет человеку управлять живыми системами, от производства лекарств до разработки экологичных материалов. Современные методы включают генную инженерию, клеточную культуру и использование микроорганизмов как биореакторов. Цель этих технологий — решить глобальные проблемы, такие как голод, устойчивость к болезням и загрязнение окружающей среды. От лабораторных исследований до промышленных масштабов, биоинженерия трансформирует медицину, сельское хозяйство и энергетику. Она открывает возможности для персонализированной терапии, устойчивых источников энергии и безопасного управления рисками. Интеграция данных, искусственного интеллекта и биологии создаёт мощный инструмент для будущего развития человечества. Это динамично развивающаяся область, которая продолжает расширять границы возможного и улучшать качество жизни.","A futuristic laboratory scene with glowing green microorganisms floating in a holographic containment field, surrounded by advanced robotic arms manipulating DNA strands and bioreactor tanks filled with swirling blue liquid. The background features a digital map of the Earth connected to neural networks, all under soft bioluminescent lighting that casts an ethereal glow on metallic surfaces and glass panels.",207,113
Биотехнологии_12,"Биотехнология представляет собой передовую область науки, объединяющую биологические системы с инженерными методами для создания новых продуктов и решений. Этот термин охватывает широкий спектр исследований, включая генную инженерию, клеточную терапию и производство биомолекул. В современном мире биотехнологии играют ключевую роль в решении глобальных проблем здравоохранения, продовольственной безопасности и экологии. Они позволяют создавать лекарства нового поколения, устойчивые к антибиотикам, а также разрабатывать методы очистки воды и почвы. Инновационные процессы в этой сфере требуют глубокого понимания молекулярной биологии, биоинженерии и биоэтики. Ученые постоянно совершенствуют технологии, чтобы сделать их более безопасными и эффективными для широкого применения. Это динамично развивающаяся дисциплина, которая продолжает расширять горизонты человеческой цивилизации, предлагая надежные инструменты для улучшения качества жизни человечества.","a futuristic laboratory scene with glowing green biotech cells floating in a glass sphere, surrounded by holographic data streams and robotic arms manipulating DNA strands, soft blue ambient lighting, high-tech sterile environment, intricate molecular structures visible through the glass wall, cinematic depth of field, photorealistic, 8k resolution --ar 16:9 --v 5.2",209,110
Биотехнологии_13,"Биотехнология представляет собой передовую область науки, объединяющую биологию, химию и инженерию для создания новых продуктов и процессов. Этот междисциплинарный подход позволяет человечеству разрабатывать лекарства, улучшать сельскохозяйственные культуры, производить биопластиковые материалы и создавать возобновляемую энергию. В основе лежит использование живых организмов и их компонентов для решения сложных задач медицины, экологии и промышленности. Современные методы генной инженерии и клеточная биология открывают безграничные возможности для персонализированного здравоохранения и устойчивого развития планеты.","futuristic laboratory scene with glowing green biotech cells floating in a clean white room, holographic DNA strands weaving through the air, advanced robotic arms assembling medical devices, soft blue and neon green lighting, high-tech atmosphere, detailed texture, cinematic composition, depth of field --ar 16:9 --v 6.0 --q 2",127,68
Биотехнологии_14,"Биотехнология представляет собой передовую область науки и технологий, объединяющую биологические процессы с инженерными решениями для создания новых продуктов и решений. Этот дисциплинарный комплекс охватывает широкий спектр задач, включая генную инженерию, создание вакцин против инфекционных заболеваний, разработку лекарств нового поколения и производство биоэтанол. В основе лежит использование микроорганизмов, клеток растений и животных для производства веществ, ранее недоступных или получаемых только в малом количестве. Современные исследования направлены на оптимизацию процессов биосинтеза, повышение их эффективности и снижение затрат на производство. Важнейшим аспектом является этика безопасности, обеспечивая защиту окружающей среды от утечек биологических агентов и предотвращение распространения опасных патогенов. Применение биотехнологий открывает безграничные возможности для медицины, сельского хозяйства и промышленности, способствуя устойчивому развитию человечества через инновационные подходы к решению глобальных проблем.","A futuristic laboratory scene featuring a scientist in a white lab coat working with advanced biotechnology equipment under soft blue lighting. The background includes glowing DNA helix structures and robotic arms manipulating microorganisms. The atmosphere is clean, modern, and high-tech, emphasizing innovation and scientific discovery.",205,117
Биотехнологии_15,"Биотехнология представляет собой передовую отрасль науки, объединяющую биологические процессы с инженерными технологиями для создания новых продуктов и решений. Этот междисциплинарный подход позволяет разрабатывать лекарства, улучшать сельскохозяйственные культуры, создавать новые виды энергии и решать экологические проблемы. В основе лежит использование микроорганизмов, клеток животных или растений для производства сложных веществ. Современные лаборатории оснащены высокоточным оборудованием, позволяющим проводить сложные эксперименты и анализировать данные в реальном времени. Инновационные методы генной инженерии открывают возможности редактировать гены организмов, придавая им уникальные свойства. Это приводит к появлению терапевтических препаратов, эффективных против различных заболеваний, а также к созданию устойчивых к климату сортов растений. Кроме того, биотехнологии играют ключевую роль в производстве биогаза и биопластиков, обеспечивая альтернативное сырье для промышленности. Развитие этой сферы требует постоянного совершенствования технологий и глубокого понимания фундаментальных принципов биологии. Ученые работают над оптимизацией процессов для повышения эффективности и снижения затрат. Цели включают создание полностью биосинтетических производств вместо традиционных химических заводов. Такой путь способствует снижению углеродного следа и минимизации загрязнения окружающей среды. В заключение, биотехнологии становятся драйвером экономического роста и социального прогресса, предлагая надежные решения для будущих поколений.","A futuristic laboratory scene featuring a scientist working with advanced biotechnology equipment in a clean white environment, surrounded by glowing green microbe cultures and DNA strands floating in the air. The background shows holographic displays showing molecular structures and data streams, with soft blue ambient lighting illuminating the workspace. The overall style is high-tech science fiction with sharp details and vibrant colors.",306,172
Биотехнологии_16,"Биотехнология представляет собой передовую область науки, объединяющую биологические процессы с инженерными подходами для создания новых материалов, лекарств и продуктов питания. Этот динамично развивающийся сектор играет ключевую роль в решении глобальных проблем здравоохранения, экологии и сельского хозяйства. Современные методы позволяют модифицировать микроорганизмы и клетки растений для производства фармацевтических препаратов, таких как инсулин и вакцины, а также биоразлагаемых материалов. Интеграция генной инженерии с традиционными технологиями создает основу для устойчивого развития, обеспечивая доступ к качественным медицинским изделиям и продовольственной безопасности для миллионов людей. Развитие этой дисциплины требует постоянного внедрения инновационных исследований и адаптации к меняющимся потребностям общества.","A futuristic laboratory scene with biotechnology research, featuring glowing microorganisms in petri dishes and advanced DNA sequencing machines. The background shows a clean white lab environment with holographic displays showing molecular structures. Soft blue and green lighting illuminates the workspace, creating a high-tech atmosphere. Professional photography style, macro details of genetic engineering equipment.",168,94
Биотехнологии_17,"Биотехнология представляет собой передовую область науки и техники, объединяющую биологические системы с инженерными решениями для создания новых продуктов и методов лечения. Этот дисциплинарный комплекс фокусируется на использовании живых организмов, таких как бактерии, дрожжи или клетки растений, для производства веществ, которые невозможно получить другими способами. В современном мире биотехнология играет ключевую роль в решении глобальных проблем, включая борьбу с инфекционными заболеваниями, производство лекарств и создание экологически чистых технологий. Она позволяет создавать персонализированную медицину, где препараты адаптируются под индивидуальные особенности пациента, а также способствует устойчивому развитию сельского хозяйства через внедрение генетических модификаций для повышения урожайности и защиты от вредителей. Современные лаборатории используют сложные процессы ферментации и биореакторы для масштабирования промышленных процессов, что делает эти технологии экономически эффективными и доступными для широкого населения. Инновационные разработки в этой сфере направлены на минимизацию отходов и снижение углеродного следа, обеспечивая баланс между технологическим прогрессом и сохранением окружающей среды. От фундаментальных исследований до коммерческого применения, биотехнологии продолжают расширять горизонты возможного, предлагая надежные инструменты для улучшения качества жизни человечества.","futuristic laboratory interior with glowing green biotech machinery and holographic data displays, a scientist working on advanced genetic engineering equipment in the center, surrounded by floating DNA strands and microorganisms, high-tech clean environment, soft blue and neon green lighting, cinematic depth of field, 8k resolution, hyperrealistic style --ar 16:9 --v 6.0",272,161
Биотехнологии_18,"Биотехнология представляет собой передовую отрасль науки и технологий, объединяющую биологические системы с инженерными методами. Эта дисциплина использует живые организмы — бактерии, дрожжи, растения или клетки человека — для производства полезных веществ, таких как лекарства, вакцины и ферменты. В современном мире биотехнология играет ключевую роль в решении глобальных проблем, включая проблемы здравоохранения, продовольственную безопасность и экологическую устойчивость. Она позволяет создавать новые продукты питания, адаптировать существующие культуры к климатическим изменениям и разрабатывать эффективные методы лечения заболеваний. От традиционных методов селекции до сложного генной инженерии, эта область постоянно расширяет свои границы, предлагая инновационные решения для человечества.","A futuristic laboratory scene featuring advanced biotechnology research in a clean white environment. Central focus is on glowing green microorganisms and cells floating near robotic arms manipulating DNA strands with precision. Background includes holographic screens displaying molecular structures and data streams. Soft blue lighting illuminates the workspace creating a high-tech atmosphere. High detail, realistic texture, 8k resolution, scientific illustration style.",168,91
Биотехнологии_19,"Биотехнология представляет собой передовую отрасль науки и техники, объединяющую биологические системы с инженерными методами. Эта дисциплина революционизирует медицину, сельское хозяйство и промышленность, предлагая решения для борьбы с хроническими заболеваниями, повышения урожайности культур и создания экологически чистых производственных процессов. В центре внимания находятся разработки новых вакцин, генная инженерия и клеточные терапии, которые открывают новые горизонты в лечении онкологических и аутоиммунных заболеваний. Кроме того, биотехнологии играют ключевую роль в создании устойчивых источников энергии и материалов нового поколения. Современные лаборатории активно исследуют синтетическую биологию и биоинформатику, что позволяет создавать целые продукты из микроорганизмов и растений. Этот междисциплинарный подход способствует решению глобальных проблем человечества, обеспечивая безопасность продовольствия и качество жизни населения во всем мире.","a futuristic laboratory scene with glowing green microorganisms floating in a glass sphere, surrounded by robotic arms manipulating DNA strands and biotech equipment emitting soft blue light, high-tech clean background, intricate details of molecular structures, cinematic lighting, 8k resolution, hyperrealistic style.",199,110
Биотехнологии_20,"Биотехнология представляет собой передовую область науки, объединяющую биологические процессы с инженерными методами для создания новых продуктов. Эта дисциплина играет ключевую роль в решении глобальных проблем здравоохранения, продовольственной безопасности и экологии. Современные лаборатории используют генную инженерию для модификации микроорганизмов, растений и животных, что позволяет получать целевые белки, лекарства и устойчивые сорта культур. Важнейшим аспектом является персонализированная медицина, где технологии позволяют создавать индивидуальные терапевтические препараты для каждого пациента. Кроме того, биотехнологии активно применяются в сельском хозяйстве для повышения урожайности и развития зеленых технологий, таких как вертикальные фермы и гидропонные системы. Эти инновационные подходы не только улучшают качество жизни людей, но и способствуют устойчивому развитию планеты, минимизируя использование ресурсов и снижая воздействие на окружающую среду. В заключение, биотехнология продолжает расширять горизонты человеческого познания, открывая новые возможности для медицины, сельского хозяйства и промышленности.","futuristic laboratory scene with glowing green microorganisms floating in a glass chamber, surrounded by robotic arms manipulating DNA strands, soft blue and teal lighting, clean modern architecture, high detail, 8k resolution.",225,129
Биотехнологии_21,"Биотехнология представляет собой передовую область науки и технологий, объединяющую биологические системы с инженерными подходами для создания новых продуктов и решений. Этот динамично развивающийся сектор играет ключевую роль в современной медицине, сельском хозяйстве и экологии. В основе лежит использование живых организмов — бактерий, растений и клеток животных — для производства лекарств, вакцин и ферментов. Современные методы генной инженерии позволяют точно модифицировать ДНК, создавая устойчивые к болезням культуры или эффективные антибиотики. Кроме того, биоэнергетика использует микроорганизмы для получения энергии из отходов, что способствует снижению углеродного следа. Инновационные разработки в области персонализированной медицины используют биологические данные для разработки индивидуальных терапий. Эти технологии открывают новые горизонты для решения глобальных проблем здоровья и продовольственной безопасности, обеспечивая человечество более качественной и доступной жизнью.","futuristic laboratory scene with glowing green biotech cells floating in a holographic bubble, surrounded by intricate DNA strands and robotic arms assembling medical devices, soft blue ambient lighting, high-tech sterile environment, detailed close-up of genetic engineering process, cybernetic fusion between nature and technology.",206,115
Биотехнологии_22,"Биотехнология представляет собой передовую область науки, объединяющую биологию, химию и инженерные технологии для создания новых продуктов и решений. В основе лежит использование живых организмов или их частей для производства лекарств, пищевых добавок и биоразлагаемых материалов. Современные методы генной инженерии позволяют модифицировать бактерии и клетки растений, чтобы они эффективно синтезируют необходимые человеку вещества. Этот процесс ускоряет разработку вакцин против инфекционных заболеваний, помогает создавать более эффективные препараты от рака и диабета, а также обеспечивает устойчивые источники энергии. Важнейшим аспектом является экологическая безопасность, так как созданные продукты должны быть безопасными для окружающей среды и не вызывать побочных эффектов у людей. Применение биоинженерных технологий открывает беспрецедентные возможности для решения глобальных проблем, таких как голод, загрязнение океанов и изменение климата. Интеграция этих знаний с искусственным интеллектом позволяет оптимизировать процессы масштабирования производства, что делает биотехнологию ключевым фактором будущего экономического роста и здравоохранения.","futuristic laboratory scene with biotechnology research, glowing DNA strands floating in air, robotic cells assembling pharmaceutical molecules, holographic data displays showing molecular structures, clean white and blue color palette, high-tech medical equipment, soft studio lighting, cinematic composition, depth of field.",232,136
Биотехнологии_23,"Биотехнология представляет собой передовую область науки, объединяющую биологические системы и инженерные методы для создания новых продуктов. Этот дисциплинарный подход позволяет решать сложные задачи в медицине, сельском хозяйстве и экологии. Современные технологии позволяют создавать генно-инженерные организмы, способные производить жизненно важные лекарства или улучшать урожайность культур. В основе лежит глубокое понимание клеточной структуры и метаболических путей микроорганизмов. Инновационные процессы включают клонирование ДНК, редактирование генома CRISPR и мутантацию клеток. Эти достижения открывают новые горизонты для лечения редких заболеваний, разработки вакцин против вирусов и создания устойчивых к засухе растений. Устойчивое развитие достигается за счет оптимизации использования ресурсов и минимизации воздействия на окружающую среду. Технологии генной терапии позволяют исправлять дефектные гены у людей, что является революционным шагом в онкологии и иммунологии. Агробиотехнологии направлены на создание экологически безопасных пестицидов и удобрений, защищающих почву от загрязнения. Индустрия биотехнологий постоянно развивается благодаря advances in artificial intelligence and big data analytics. Эти инструменты ускоряют исследования, позволяя предсказывать результаты экспериментов быстрее традиционных методов. Промышленная масштабируемость обеспечивает массовое производство биологических препаратов с высокой эффективностью. Интеграция различных технологий создает комплексные решения для глобальных вызовов здравоохранения и продовольственной безопасности.","A futuristic laboratory scene featuring glowing green biotechnology equipment, DNA strands floating in the air, scientists working with advanced microscopes, holographic displays showing genetic sequences, clean modern office environment with glass walls, soft natural lighting filtering through large windows, high-tech atmosphere, detailed textures of circuit boards and biological samples, cinematic composition, 8k resolution, hyper-realistic style.",334,177
Биотехнологии_24,"Биотехнология представляет собой передовую область науки и техники, объединяющую биологические процессы с инженерными методами. Это динамично развивающаяся дисциплина, которая использует живые организмы — от бактерий до растений — для производства лекарств, пищевых продуктов и экологически чистых материалов. В основе лежит использование ДНК-технологий и клеточной биологии для создания новых препаратов и улучшения существующих. Современные исследования фокусируются на персонализированной медицине, где терапия подбирается индивидуально каждому пациенту на основе его генетического профиля. Кроме того, биоинженерия позволяет создавать устойчивые к болезням клетки и микроорганизмы, способные эффективно очищать окружающую среду или разлагать пластик. Эта междисциплинарная наука играет ключевую роль в решении глобальных проблем здравоохранения и окружающей среды, обеспечивая надежные источники жизни и здоровья для будущих поколений.","A futuristic laboratory scene featuring glowing green microorganisms floating in a glass beaker, surrounded by holographic DNA strands and robotic arms assembling medical devices. The background is filled with bioluminescent plants and advanced nanotechnology machinery emitting soft blue light. High-tech sterile environment with clean white surfaces and transparent walls.",197,110
Биотехнологии_25,"Биотехнология представляет собой передовую отрасль науки, объединяющую биологические процессы с инженерными методами для создания новых продуктов. Этот динамично развивающийся сектор играет ключевую роль в решении глобальных проблем здравоохранения, продовольственной безопасности и экологии. Современные лаборатории используют генную инженерию для модификации микроорганизмов и клеток, позволяя производить жизненно важные лекарства, такие как инсулин и вакцины, а также ферменты для промышленности. Важным аспектом является персонализированная медицина, где технологии позволяют создавать индивидуальные препараты для каждого пациента на основе его уникальной геномной информации. Кроме того, биоинженерия способствует развитию возобновляемой энергетики и устойчивых сельскохозяйственных культур, способствуя снижению воздействия на окружающую среду. Интеграция искусственного интеллекта и больших данных ускоряет исследования, открывая новые горизонты для открытия лекарств и оптимизации производственных процессов. В целом, биотехнологии формируют основу инновационного будущего, обеспечивая качественный рост экономики и улучшение качества жизни человечества через осознанный подход к управлению биологическими ресурсами.","futuristic laboratory interior with glowing green biotechnology equipment, holographic DNA strands floating in the air, robotic scientists examining advanced cell cultures under magnification, clean white and blue sterile environment, soft diffused lighting, cinematic depth of field, high detail, 8k resolution --ar 16:9 --v 6.0 --style raw",252,135
Биотехнологии_26,"Биотехнология представляет собой передовую область науки и техники, объединяющую биологические процессы с инженерными решениями. Этот дискурс исследует использование живых организмов для создания новых продуктов, таких как лекарства, удобрения и экологически чистые материалы. Ключевыми направлениями являются генная инженерия, клеточные технологии и биоразлагаемые пластики. Биотехнологический прогресс позволяет решать глобальные проблемы, включая голод, инфекционные заболевания и изменение климата. Современные лаборатории и фермы работают в тесном сотрудничестве с врачами и учеными, чтобы разрабатывать инновационные методы лечения и производства. Эти технологии не только улучшают качество жизни человечества, но и способствуют устойчивому развитию планеты. Будущее отрасли зависит от непрерывного совершенствования методов анализа и синтеза.","futuristic laboratory interior with biotechnology research, glowing DNA strands floating in blue liquid, holographic medical devices, green plants growing from robotic roots, scientists working on advanced genetic engineering machines, clean white background, soft studio lighting, high detail, photorealistic, depth of field.",180,98
Биотехнологии_27,"Биотехнология представляет собой передовую отрасль науки, объединяющую биологические системы с инженерными методами для создания новых продуктов и решений. Этот динамично развивающийся сектор играет ключевую роль в современном мире, обеспечивая продовольственную безопасность, медицину и экологическую устойчивость. Сфера охватывает широкий спектр дисциплин, включая молекулярную биологию, генную инженерию и клеточные технологии, что позволяет создавать персонализированную терапию, эффективные лекарства и устойчивые агрокультуры. Современные исследования направлены на преодоление ограничений традиционных методов, внедряя инновационные подходы к обработке биомассы и изучению сложных биохимических процессов. В результате биоинженерия открывает бесконечные возможности для решения глобальных проблем человечества, делая жизнь более здоровой и продуктивной.","A futuristic laboratory scene with glowing biotech equipment and DNA strands floating in the air. A scientist wearing a white lab coat is examining a holographic screen displaying molecular structures. The background features green plants and advanced machinery under soft blue lighting. High-tech atmosphere, detailed textures, cinematic composition.",189,94
Биотехнологии_28,"Биотехнология представляет собой передовую отрасль науки и техники, объединяющую биологические процессы с инженерными решениями для создания новых продуктов. Этот комплексный подход позволяет инженерам и ученым манипулировать клетками, вирусами и другими живыми системами для разработки лекарств, сельскохозяйственных культур и экологически чистых технологий. В современном мире биотехнология играет ключевую роль в решении глобальных проблем, таких как голод, устойчивость к болезням и загрязнение окружающей среды. Она открывает двери к персонализированной медицине, где лечение подбирается индивидуально каждому пациенту на основе его генетического профиля. Кроме того, ферменты и биопродукты становятся основой инновационных материалов, обеспечивая беспрецедентную прочность и гибкость современных изделий. Инвестиции в биотехнологический сектор стимулируют научные исследования и создают тысячи рабочих мест, способствуя экономическому росту и технологическому прогрессу общества.","futuristic laboratory interior with glowing green biotech cells floating in a glass sphere, surrounded by holographic data streams and robotic arms manipulating DNA strands, soft golden light filtering through large windows showing lush organic plants growing from bio-engineered soil, high-tech medical equipment in the background, clean modern aesthetic, intricate details, cinematic lighting, hyper-realistic, 8k resolution --ar 16:9 --v 6.0 --style raw",210,114
Биотехнологии_29,"Биотехнология представляет собой передовую отрасль науки, объединяющую биологические системы, химическую химию и инженерные технологии для создания новых продуктов и процессов. Этот междисциплинарный подход позволяет разрабатывать лекарства, улучшать сельскохозяйственные культуры, производить биопластиков и создавать экологически чистые решения. Современные лаборатории оснащены высокоточными оборудованием, позволяющим проводить сложные эксперименты с молекулярным уровнем детализации. Ученые активно исследуют генетическую модификацию организмов, что открывает бесконечные возможности для борьбы с инфекциями и повышения урожайности растений. В сфере фармацевтики биотехнологии играют ключевую роль в разработке вакцин и терапевтических препаратов, которые спасают тысячи жизней ежегодно. Кроме того, производство биоэтанол и биоразлагаемых материалов демонстрирует устойчивый путь развития промышленности. Инновационные методы культивирования клеток позволяют получать белки и ферменты без использования животных или традиционных методов выращивания. Эти достижения формируют основу современной медицины и сельского хозяйства, обеспечивая качество жизни человечества в XXI веке.","A futuristic laboratory interior featuring glowing biotechnology equipment with holographic displays showing DNA strands and molecular structures. The scene includes scientists in white coats working at advanced microscopes and robotic arms manipulating cells. Vibrant colors of blue, green, and purple lighting illuminate the sterile environment, creating a sense of innovation and scientific discovery.",241,129
Биотехнологии_30,"Биотехнология представляет собой передовую отрасль науки, объединяющую биологические процессы с инженерными решениями. Эта дисциплина использует микроорганизмы, клетки растений и животных для производства лекарств, пищевых продуктов и биоразлагаемых материалов. Современные методы генной инженеристики позволяют создавать устойчивые к болезням культуры и эффективные вакцины против вирусов. В промышленности биотехнологический сектор играет ключевую роль в производстве биоэтанола и ферментов, необходимых для химической промышленности. Кроме того, он способствует развитию экологически чистых технологий очистки сточных вод и утилизации отходов. Инновационные разработки в области клеточного сельского хозяйства открывают новые горизонты для обеспечения продовольственной безопасности планеты. Биотехнологии активно внедряются в здравоохранение, создавая персонализированную медицину и ускоряя разработку новых терапевтических препаратов.","futuristic laboratory scene with glowing green microorganisms and DNA strands floating in a clean white environment, surrounded by robotic arms manipulating biological samples, soft blue lighting, high tech atmosphere, detailed texture of glassware and circuits.",194,102
Биотехнологии_31,"Биотехнология представляет собой передовую отрасль науки, объединяющую биологические системы с инженерными методами для создания новых продуктов. Этот процесс включает использование микроорганизмов, клеток растений или животных для производства лекарств, пищевых добавок и промышленных материалов. Современные лаборатории оснащены сложным оборудованием, позволяющим проводить точные эксперименты и анализировать результаты в реальном времени. Главной целью является решение глобальных проблем здравоохранения, продовольственной безопасности и экологии через инновационные подходы. Технология позволяет создавать персонализированную медицину, адаптированную к индивидуальным особенностям пациента, что существенно улучшает качество жизни людей во всем мире.","A futuristic laboratory scene featuring glowing microorganisms and cells in a clean white environment, surrounded by robotic arms manipulating DNA strands. The background shows holographic data displays with complex biological charts, bathed in soft blue and green lighting. High-tech atmosphere with precision engineering details.",141,81
Биотехнологии_32,"Биотехнология представляет собой передовую область науки, объединяющую биологические системы и инженерные методы для создания новых продуктов и решений. Этот прогресс включает в себя развитие генной инженерии, которая позволяет модифицировать ДНК организмов, а также создание искусственных органов и биопринтеров. В основе лежит использование живых клеток как производственных линий для производства лекарств, вакцин и пищевых добавок. Современные исследования направлены на преодоление генов болезней и создание устойчивых сельскохозяйственных культур, способных противостоять климатическим изменениям. Эти технологии обеспечивают глобальное здравоохранение, повышают урожайность продовольствия и открывают новые горизонты в медицине. Будущее биотехнологий связано с этикой, безопасностью данных и интеграцией технологий в повседневную жизнь человека.",A futuristic laboratory scene featuring a bioengineer working with advanced genetic editing tools and glowing microorganisms in a high-tech environment.,176,98
Биотехнологии_33,"Биотехнология представляет собой передовую область науки и техники, объединяющую биологические процессы с инженерными методами. Этот дисциплинарный комплекс использует живые организмы или их компоненты для создания новых продуктов и решений. От производства лекарств до создания экологически чистых технологий, биотехнологии играют ключевую роль в современном мире. Они позволяют создавать устойчивые системы, способные адаптироваться к изменяющимся условиям окружающей среды. В этой сфере исследуются микроорганизмы, клетки растений и животных, чтобы улучшить их характеристики. Применение этих знаний ведет к разработке инновационных методов лечения заболеваний и повышения эффективности сельского хозяйства. Важным аспектом является использование генной инженерии для модификации свойств биомассы. Целью деятельности ученых является создание безопасного и эффективного оборудования для обработки биологических материалов. Интеграция различных подходов обеспечивает развитие полного цикла производства биоразлагаемых материалов. Современные исследования направлены на оптимизацию процессов масштабирования и снижение затрат. Это достигается за счет внедрения автоматизированных систем контроля качества. Окончательная цель заключается в обеспечении здоровья людей и планеты через применение передовых биотехнологических решений.","A futuristic laboratory scene featuring a biotechnology researcher in protective gear examining advanced microchip technology inside a glowing glass cell. The background includes green holographic data displays and robotic arms manipulating DNA strands with precision. Soft blue and purple lighting illuminates the workspace, creating a high-tech atmosphere with clean lines and modern equipment. Professional photography style, detailed composition, depth of field focusing on the central device.",248,150
Биотехнологии_34,"Биотехнология представляет собой передовую область науки и техники, объединяющую биологические процессы с инженерными методами. Это динамично развивающееся направление, использующее микроорганизмы, клетки растений и животных для производства жизненно важных веществ. От создания новых лекарств до разработки эффективных удобрений и биоэнергии, биотехнологии играют ключевую роль в решении глобальных проблем здоровья и экологии. Современные лаборатории оснащены высокоточным оборудованием, позволяющим манипулировать клетками на уровне молекулярной структуры. Инновационные методы генной инженерии открывают новые горизонты в медицине, позволяя создавать персонализированные терапии и вакцины. Устойчивые производственные линии обеспечивают экологически чистый цикл работы, минимизируя воздействие на окружающую среду. Эта междисциплинарная дисциплина продолжает трансформировать мир, предлагая надежные решения для будущего.","a futuristic laboratory interior featuring glowing green microorganisms floating in a glass vessel, surrounded by advanced robotic arms and holographic data displays, soft blue lighting illuminating the scene, high-tech medical equipment in the background, clean sterile environment, macro photography style, detailed textures of DNA strands and cellular structures, depth of field, professional scientific illustration.",198,101
Биотехнологии_35,"Биотехнология представляет собой передовую отрасль науки и техники, объединяющую биологические процессы с инженерными решениями. Это динамично развивающееся направление позволяет создавать новые лекарства, улучшать сельскохозяйственные культуры и разрабатывать экологически чистые методы производства энергии. В основе лежит использование живых организмов — бактерий, дрожжей или растений — для преобразования сырья в полезные продукты. Современные лаборатории оснащены высокоточным оборудованием, позволяющим проводить эксперименты с невероятной скоростью и точностью. Результатом этих усилий становятся инновационные препараты против заболеваний, устойчивые удобрения и биоразлагаемые материалы. Биотехнологии играют ключевую роль в решении глобальных проблем, таких как голод, пандемии и изменение климата, предлагая надежные альтернативы традиционным методам. Инвестирование в этот сектор стимулирует экономический рост и создает тысячи рабочих мест в области R&D, производства и распределения медицинских товаров.","A futuristic laboratory interior filled with glowing biotech equipment and vibrant green plants growing in hydroponic systems. A scientist carefully observes a holographic display showing DNA strands transforming into advanced pharmaceutical molecules. The scene is bathed in soft blue and amber lighting, emphasizing the intersection of biology and technology. High-tech glass walls reveal intricate machinery processing biological samples, creating an atmosphere of innovation and scientific discovery.",213,115
Биотехнологии_36,"Биотехнология представляет собой передовую отрасль науки, объединяющую биологические процессы с инженерными методами. Она использует живые организмы — бактерии, дрожжи, растения и клетки животных — для производства ценных продуктов и лекарств. Современные технологии позволяют создавать вакцин против вирусов, разрабатывать новые лекарства, производить биопластики и ферменты. Этот междисциплинарный подход ускоряет медицинские исследования, улучшает качество жизни людей и решает экологические проблемы за счет устойчивых ресурсов. Биотехнологическая индустрия продолжает расширяться, создавая высокоточные системы для мониторинга здоровья и разработки персонализированной медицины будущего.","A futuristic laboratory scene featuring glowing green microorganisms floating in a clear glass beaker under soft bioluminescent lights, surrounded by robotic arms gently manipulating DNA strands with precision. The background shows a large holographic display displaying molecular structures and chemical formulas, while the foreground includes lush green plants growing from biodegradable materials. Warm golden sunlight streams through windows, illuminating dust particles dancing in the air, creating an atmosphere of innovation and scientific wonder.",144,75
Биотехнологии_37,"Биотехнология представляет собой передовую область науки и технологий, объединяющую биологические процессы с инженерными решениями. Это динамично развивающаяся дисциплина, направленная на создание новых продуктов и методов лечения через манипуляцию живыми системами организма человека или микроорганизмов. Современные исследования фокусируются на генной инженерии, редактировании генома и создании биоинформационных систем, позволяющих производить лекарства, вакцины и биоразлагаемые материалы с высокой эффективностью. Применение биотехнологий открывает безграничные возможности для медицины, сельского хозяйства и промышленности, обеспечивая устойчивое развитие человечества. Инновационные разработки включают персонализированную медицину, где лечение адаптируется под индивидуальные особенности пациента, а также экологически безопасные альтернативы традиционным методам производства.","a futuristic laboratory scene featuring a scientist working with advanced biotechnology equipment, surrounded by glowing green DNA strands and microfluidic chips emitting soft blue light, set against a dark background with holographic data displays showing molecular structures, cinematic lighting, high detail, hyper-realistic style --ar 16:9 --v 6.0",177,91
Биотехнологии_38,"Биотехнология представляет собой передовую область науки и техники, объединяющую биологические системы с инженерными подходами для создания новых продуктов и решений. Этот динамично развивающийся сектор играет ключевую роль в современной медицине, сельском хозяйстве и экологии. В основе лежит использование микроорганизмов, клеток животных и растений для производства лекарств, вакцин и ферментов. Современные методы генной инженерии позволяют модифицировать гены организмов, создавая устойчивые к болезням культуры или эффективные источники энергии. Важнейшим направлением является персонализированная медицина, где биотехнологии помогают создавать индивидуальные препараты для каждого пациента. Кроме того, технологии биоэкологии направлены на очистку окружающей среды и восстановление экосистем через использование живых систем. Инновационные разработки в области клеточной терапии открывают новые горизонты лечения редких заболеваний и регенерации тканей. Цифровизация процессов в биотехнологии ускоряет разработку и оптимизирует производство, обеспечивая глобальное распространение жизненно важных препаратов. Эта междисциплинарная дисциплина продолжает эволюционировать, предлагая беспрецедентные возможности для улучшения качества жизни человечества.","A futuristic laboratory scene featuring glowing green microorganisms floating in a glass container, surrounded by advanced robotic arms manipulating genetic sequences on holographic screens. The background shows healthy plants growing rapidly and clean water systems with blue light effects. High-tech equipment emits soft purple and blue neon lights against a dark, sophisticated scientific environment. Professional photography style, macro details of cellular structures, depth of field, cinematic lighting, hyper-realistic texture.",264,139
Биотехнологии_39,"Биотехнология представляет собой передовую область науки, объединяющую биологические процессы с инженерными методами для создания новых продуктов и решений. Этот термин охватывает широкий спектр технологий, включая генную инженерию, клеточные культуры и ферментацию. В современном мире биотехнология играет ключевую роль в решении глобальных проблем здравоохранения, продовольственной безопасности и экологии. Она позволяет создавать лекарства, вакцины и биодеградируемые материалы, которые улучшают качество жизни человечества. Исследования в этой сфере постоянно расширяют границы возможного, открывая возможности для персонализированной медицины и устойчивого развития. Современные лаборатории используют сложные системы для манипуляции ДНК и анализа биомолекул, что требует высокой квалификации специалистов. Инновационные разработки в области биотехнологий направлены на минимизацию вреда окружающей среде при максимизе эффективности процессов производства. Это динамично развивающаяся отрасль, которая продолжает трансформировать общество и экономику через создание интеллектуальных систем и биосинтетических материалов.","A futuristic laboratory scene featuring a biotech scientist working with advanced DNA sequencing equipment and robotic arms manipulating cells in a clean, sterile environment. The background shows glowing green microfluidic chips connected to holographic data displays displaying complex biological charts. Soft blue and white lighting illuminates the workspace, creating a high-tech atmosphere with floating particles representing genetic material. The composition emphasizes innovation, precision, and the cutting-edge nature of modern biotechnology research.",230,125
Биотехнологии_40,"Биотехнология представляет собой передовую отрасль науки, объединяющую биологические системы и инженерные методы для создания новых продуктов и решений. Этот дисциплинарный комплекс включает в себя широкий спектр областей, таких как генная инженерия, клеточная терапия, ферментация и производство биоэнергии. Научные исследования направлены на оптимизацию процессов роста микроорганизмов, разработку устойчивых к стрессу культур и создание эффективных вакцин против инфекционных заболеваний. Важным аспектом является использование искусственного интеллекта для ускорения разработки лекарств и анализа сложных биомолекулярных структур. В результате биотехнологический сектор становится ключевым драйвером инноваций, обеспечивая продовольственную безопасность, медицину и экологическую устойчивость для будущих поколений.","futuristic laboratory scene with biotechnology research, glowing green DNA strands floating in blue liquid, scientists wearing white lab coats working on advanced genetic engineering equipment, holographic data displays showing molecular structures, clean modern medical facility interior with robotic arms assembling biological components, soft natural lighting highlighting intricate scientific details and technological precision.",168,90
Биотехнологии_41,"Биотехнология представляет собой передовую отрасль науки, объединяющую биологические процессы с инженерными решениями. Это динамично развивающееся направление, которое использует микроорганизмы, клетки и растения для создания новых продуктов. В современном мире биотехнология играет ключевую роль в решении глобальных проблем, таких как изменение климата, дефицит ресурсов и загрязнение окружающей среды. Она позволяет производить лекарства, вакцины и ферменты без использования опасных химических веществ. Процесс включает сложные этапы, такие как генная инженерия, культивирование клеток и биореакторы. Целью является создание безопасных и эффективных технологий, которые улучшают качество жизни человечества. Инновационные разработки в этой области открывают новые горизонты в медицине, сельском хозяйстве и экологии.","futuristic laboratory scene with biotechnology theme, glowing green microorganisms floating in clean air, robotic arms manipulating DNA strands, holographic data displays showing molecular structures, sterile white and blue lighting, high-tech atmosphere, detailed texture of biological cells, cybernetic elements mixed with nature, cinematic composition, 8k resolution.",173,97
Биотехнологии_42,"Биотехнология представляет собой передовую область науки, объединяющую биологию, химию и инженерные методы для создания новых продуктов и технологий. Этот процесс позволяет человечеству эффективно использовать живые организмы для решения глобальных проблем, таких как продовольственная безопасность, лечение заболеваний и экологическая устойчивость. В основе лежит использование микроорганизмов, растений или животных для производства лекарств, биоразлагаемых материалов и возобновляемой энергии. Современные исследования направлены на создание устойчивых систем, которые минимизируют воздействие на окружающую среду и повышают эффективность процессов. Интеграция биотехнологий с искусственным интеллектом открывает новые горизонты, способствуя точному дизайну генов и оптимизации производственных цепочек. Это направление продолжает трансформировать медицину, сельское хозяйство и промышленность, предлагая инновационные решения для улучшения качества жизни планеты.","A futuristic laboratory scene featuring advanced biotechnology research with glowing green microorganisms floating in a clean environment, surrounded by holographic data displays showing molecular structures and DNA sequences. The background includes robotic arms manipulating genetic materials under bright blue LED lighting, creating a high-tech atmosphere. Soft volumetric lighting highlights the intricate details of cellular structures, emphasizing innovation and scientific discovery in a modern medical facility setting.",191,105
Биотехнологии_43,"Биотехнология представляет собой передовую область науки, объединяющую биологические процессы с инженерными методами для создания новых продуктов и решений. Этот термин охватывает широкий спектр технологий, включая генную инженерию, клеточные терапии и промышленное производство биомассы. В современном мире биотехнологии играют ключевую роль в решении глобальных проблем, таких как продовольственная безопасность, изменение климата и борьба с болезнями. Они позволяют создавать устойчивые к стрессу растения, производить лекарства без побочных эффектов и разрабатывать новые материалы. Инновационные подходы в этой сфере направлены на эволюцию сельскохозяйственных культур и разработку персонализированной медицины. Несмотря на сложность процессов, достижения в области биоинженерии открывают беспрецедентные возможности для улучшения качества жизни человечества.","futuristic laboratory scene with biotechnology research, glowing DNA strands floating in a holographic space, scientists working on advanced genetic engineering devices, modern medical equipment, clean bright lighting, high-tech atmosphere, detailed texture of nanotech components, vibrant blue and green color palette, cinematic composition, photorealistic style.",180,100
Биотехнологии_44,"Биотехнология представляет собой передовую отрасль науки, объединяющую биологические системы и инженерные методы для создания новых продуктов и решений. Этот термин охватывает широкий спектр дисциплин, включая генную инженерию, клеточную культуру и молекулярную биологию. Современные исследования направлены на создание устойчивых сельскохозяйственных культур, эффективных вакцин и экологически чистых технологий утилизации отходов. В этой области ключевыми фигурами являются ученые, разработчики и инвесторы, которые совместно работают над решением глобальных проблем здравоохранения и продовольственной безопасности. Технология позволяет не только улучшать существующие процессы, но и открывать новые горизонты для медицины и промышленности.","A futuristic laboratory scene featuring a large holographic screen displaying DNA strands and molecular structures in vibrant blue and green hues. In the foreground, scientists wearing white lab coats are working with advanced biotechnology equipment, including robotic arms handling genetically modified crops. The background shows lush green fields with healthy plants growing rapidly under bright sunlight, symbolizing successful agricultural applications of biotech. The overall atmosphere is clean, innovative, and full of life, with soft lighting highlighting the intricate details of scientific research.",153,85
Биотехнологии_45,"Биотехнология представляет собой передовую область науки, объединяющую биологические процессы с инженерными решениями для создания новых продуктов и методов лечения. Эта дисциплина использует генную инженерию, клеточную культуру и молекулярную биологию для разработки лекарств, вакцин, ферментов и биоразлагаемых материалов. Современные лаборатории оснащены высокоточным оборудованием, позволяющим манипулировать ДНК и белками на атомарном уровне. Ученые постоянно исследуют возможности редактирования генома, что открывает путь к созданию персонализированной медицины. Кроме того, биоинформатика играет ключевую роль в анализе огромных массивов данных, связанных с микробами и их функциями. Инновационные технологии позволяют производить энергию из отходов, обеспечивая устойчивое развитие планеты. В конечном итоге, биотехнология трансформирует здравоохранение, сельское хозяйство и промышленность, создавая будущее, где природа служит основой для благополучия человечества.","A futuristic laboratory scene featuring a scientist working with advanced biotechnology equipment, surrounded by glowing DNA strands and robotic arms manipulating cells. The background shows modern medical devices and green plants, symbolizing sustainable innovation. High-tech atmosphere with blue and green lighting, detailed textures of glass panels and metallic surfaces, cinematic composition.",220,110
Биотехнологии_46,"Биотехнология представляет собой передовую отрасль науки, объединяющую биологические процессы с инженерными решениями. Это динамичное направление использует генную инженерию, клеточные культуры и молекулярные методы для создания новых продуктов и технологий. В мире, где традиционная медицина сталкивается с ограниченными ресурсами, биотехнологии предлагают надежду через разработку вакцин, эффективных лекарств и терапевтических средств. От производства инсулина до разработки устойчивых культур растений, эти технологии меняют повседневную жизнь миллионов людей. Современные лаборатории работают над созданием биоинформатики, которая позволяет предсказывать поведение сложных систем. Интеграция данных о геноме с физическими экспериментами открывает новые горизонты для медицины будущего. Биотехнологии также играют ключевую роль в решении глобальных проблем, таких как голод и загрязнение окружающей среды, обеспечивая экологически чистые альтернативы. Этот междисциплинарный подход стимулирует инновации, способствуя созданию высокотехнологичной экономики. Ученые постоянно расширяют границы возможного, используя синтезированные организмы для производства полезных веществ. Прогресс в этой области напрямую влияет на качество жизни человечества, делая его более здоровым и устойчивым к внешним угрозам.","A futuristic laboratory scene featuring a scientist in a white lab coat analyzing DNA strands under a glowing microscope, surrounded by biotechnology equipment including robotic arms and advanced genetic sequencing machines. The background shows vibrant green plants with golden fruits, symbolizing sustainable agriculture and bio-engineering. Soft blue lighting illuminates the workspace, creating a clean and innovative atmosphere. High-resolution, detailed render with depth of field focusing on the intricate molecular structures being studied.",282,149
Биотехнологии_47,"Биотехнология представляет собой передовую область науки, объединяющую биологические системы с инженерными подходами для создания новых продуктов и решений. Этот термин охватывает широкий спектр дисциплин, включая генную инженерию, клеточные технологии, молекулярную биологию и биоинформатику. В основе лежит использование живых организмов — от бактерий и дрожжей до растений и животных — для производства веществ, которые невозможно получить другими способами. Современные методы позволяют манипулировать ДНК на уровне отдельных генов, создавая новые свойства у микроорганизмов или улучшая их продуктивность. Это направление играет ключевую роль в решении глобальных проблем, таких как продовольственная безопасность, борьба с инфекционными заболеваниями и производство лекарств. Биотехнологический прогресс зависит от развития технологий очистки, контроля качества и масштабирования процессов. Инновационные разработки в этой сфере направлены на создание устойчивых источников энергии, экологически чистых материалов и эффективных методов лечения. Успешная реализация проектов требует междисциплинарного сотрудничества между учеными, инженерами и бизнесом. Потребители все чаще обращают внимание на этичность и безопасность используемых биотехнологических продуктов. Регуляторные нормы постоянно ужесточаются, чтобы обеспечить защиту здоровья человека и окружающей среды при внедрении новых технологий. Несмотря на вызовы, потенциал биотехнологий остается огромным, открывая возможности для трансформации различных отраслей промышленности и повседневной жизни.","futuristic laboratory scene with glowing DNA strands floating in a glass chamber, surrounded by biotechnology equipment and robotic arms, soft blue and green lighting, high detail, cinematic composition.",314,179
Биотехнологии_48,"Биотехнология представляет собой передовую область науки и техники, объединяющую биологические системы с инженерными решениями. Этот междисциплинарный подход позволяет создавать новые лекарства, улучшать сельское хозяйство и разрабатывать экологически чистые материалы. В основе лежит использование генной инженерии для модификации микроорганизмов и клеток, что открывает безграничные возможности для медицины и промышленности. Современные исследования фокусируются на персонализированной терапии, устойчивых источниках энергии и умных системах мониторинга здоровья. Интеграция данных с искусственным интеллектом ускоряет разработку продуктов, делая их доступнее и эффективнее для пациентов и бизнеса. Важно отметить роль биоэтики при внедрении таких инноваций, чтобы обеспечить безопасность и справедливость. Будущее биотехнологий лежит в области синтетической биологии и редактирования генома, способного решать глобальные проблемы человечества.","futuristic laboratory scene with glowing green biotech equipment and DNA strands floating in the air, soft blue lighting, detailed molecular structures, high tech background, clean modern architecture, professional photography style, 8k resolution.",200,107
Биотехнологии_49,"Биотехнология представляет собой передовую область науки, объединяющую биологические системы с инженерными методами для создания новых продуктов и решений. Эта дисциплина использует живые организмы, такие как бактерии, дрожжи и клетки растений, чтобы производить лекарства, вакцины и ферменты с высокой эффективностью. Современные лаборатории оснащены сложным оборудованием, включая секвенаторы ДНК и биореакторы, позволяющие проводить эксперименты в контролируемых условиях. Основные направления включают генную инженерию, которая позволяет модифицировать гены у микроорганизмов для производства полезных веществ, а также клеточную культуру, где клетки выращиваются в искусственных средах для получения белков и антибиотиков. Важнейшим аспектом является экологическая устойчивость, так как биотехнологии направлены на использование возобновляемого сырья и снижение воздействия на окружающую среду. В результате развивается устойчивая экономика, обеспечивающая медицинскую помощь, продовольственную безопасность и промышленный рост через инновационные биологические процессы.","A futuristic laboratory interior filled with glowing bioreactors and advanced genetic engineering equipment, featuring scientists in white coats working with holographic DNA sequences on large screens, surrounded by plants growing in nutrient-rich hydroponic systems emitting green light, high-tech medical devices displaying healthy human cells, clean modern architecture with glass walls reflecting blue ambient lighting, abstract molecular structures floating in the air like a digital nebula, professional scientific atmosphere, hyper-realistic, 8k resolution.",220,121
Биотехнологии_50,"Биотехнология представляет собой передовую область науки и инженерии, объединяющую биологические системы с технологиями производства. Этот процесс позволяет создавать новые лекарства, продукты питания и материалы, используя живые организмы или их компоненты. В современном мире биотехнология играет ключевую роль в решении глобальных проблем здравоохранения, продовольственной безопасности и экологии. Она включает методы рекомбинантной ДНК, клеточную инженерию и использование микроорганизмов для синтеза сложных соединений. Эти технологии не только ускоряют исследования, но и открывают возможности для персонализированной медицины и устойчивого развития. Инновационные подходы в этой сфере направлены на оптимизацию процессов, снижение затрат и повышение эффективности использования ресурсов.","futuristic laboratory scene with biotechnology theme, glowing green DNA strands floating in a clean white room, robotic arms manipulating cells, holographic screens displaying molecular structures, soft blue and green lighting, high-tech atmosphere, intricate details of scientific equipment, depth of field, cinematic composition --ar 16:9 --v 6.0 --q 2 --style raw",159,92
Биотехнологии_51,"Биотехнология представляет собой передовую область науки и технологий, объединяющую биологические системы с инженерными методами для создания новых продуктов и решений. Этот прогресс трансформирует медицину, обеспечивая разработку эффективных вакцин и персонализированной терапии. В сельском хозяйстве применение генетически модифицированных организмов позволяет повысить урожайность и устойчивость к вредителям. Индустрия пищевых добавок использует ферменты для улучшения качества продукции. Кроме того, биотехнологии играют ключевую роль в производстве биоэнергии и создании экологичных материалов. Эти технологии направлены на решение глобальных проблем, таких как голод, загрязнение окружающей среды и нехватка ресурсов. Они требуют глубокого понимания молекулярных процессов и развития высокоточного оборудования. Успешная реализация этих проектов зависит от междисциплинарного сотрудничества между учеными, инженерами и бизнесом. Регулирование и этические аспекты остаются важными факторами при внедрении инноваций.","A futuristic laboratory scene featuring a biotechnology researcher in a sleek white lab coat standing at a holographic workstation displaying DNA strands and molecular structures. The background shows vibrant green bioluminescent plants and advanced robotic arms processing samples with glowing blue lights. Warm golden lighting highlights the central figure against cool blue tones, creating a high-tech atmosphere of innovation and scientific discovery.",223,116
Биотехнологии_52,"Биотехнология представляет собой передовую отрасль науки, объединяющую биологические системы и инженерные решения для создания новых продуктов и технологий. Этот междисциплинарный подход позволяет решать сложные проблемы здравоохранения, сельского хозяйства и экологии с высокой эффективностью. Современные методы включают генную инженерию, клеточное культивирование и использование синтетической ДНК для производства лекарств, вакцин и агрохимикатов. В отличие от традиционных методов, биотехнологии обеспечивают персонализированную медицину, устойчивое развитие экосистем и снижение зависимости от ископаемого топлива. Они играют ключевую роль в создании инновационных материалов, биоразлагаемых изделий и систем очистки воды. Эта динамично развивающаяся область продолжает расширять горизонты человеческого знания, предлагая надежные инструменты для будущего прогресса.","a futuristic laboratory scene featuring advanced biotechnology research with glowing green DNA strands floating in a clean air environment, surrounded by holographic displays showing molecular structures and cellular processes, modern scientists working at high-tech stations, soft natural lighting mixing with blue digital glows, highly detailed realistic style, 8k resolution, medical science concept, intricate machinery, vibrant colors.",188,97
Биотехнологии_53,"Биотехнология представляет собой передовую область науки, объединяющую биологические системы с инженерными методами для создания новых продуктов и решений. Этот междисциплинарный подход использует генную инженерию, клеточные технологии и искусственный интеллект для улучшения здоровья человека, окружающей среды и сельского хозяйства. От производства вакцин до разработки устойчивых растений, биотехнологии играют ключевую роль в решении глобальных проблем современного мира. Они позволяют создавать персонализированную медицину, обеспечивая уникальные терапевтические подходы для различных пациентов. Кроме того, эти технологии способствуют развитию экологически чистых процессов, снижая зависимость от традиционных методов земледелия. Интеграция данных и анализа сложных биологических систем открывает бесконечные возможности для научных исследований и практического применения знаний. Будущее лежит здесь, где природа и технология неразрывно связаны, создавая новые горизонты для человеческого прогресса.","A futuristic laboratory scene featuring advanced biotechnology research. In the center, a sleek robotic arm manipulates glowing green DNA strands inside a transparent glass vial. Surrounding it are holographic displays showing molecular structures and data charts in vibrant blue and purple hues. The background is filled with lush green plants growing on vertical walls, symbolizing sustainable agriculture. Soft natural light filters through large windows, illuminating the intricate details of the technology. The overall atmosphere is clean, innovative, and highly technological, blending nature with cutting-edge science.",205,114
Биотехнологии_54,"Биотехнология представляет собой передовую область науки, объединяющую биологические процессы с инженерными методами для создания новых продуктов и решений. Этот динамично развивающийся сектор играет ключевую роль в современной медицине, сельском хозяйстве и промышленности. Ученые используют генную инженерию, клеточную культуру и молекулярную биологию для лечения тяжелых заболеваний, повышения урожайности культур и производства экологически чистых материалов. Технологии позволяют создавать персонализированную терапию, адаптированную под индивидуальные особенности пациента, что значительно улучшает результаты лечения. В сельском хозяйстве биотехнологические методы способствуют устойчивости растений к стрессам, повышению их питательной ценности и борьбе с вредителями без использования химикатов. Промышленность также выигрывает от внедрения биотехнических процессов, обеспечивая более эффективное использование ресурсов и снижение затрат на производство. Эти инновационные разработки формируют основу будущего, способствуя глобальному улучшению качества жизни и решению сложных экологических проблем.","A futuristic laboratory featuring advanced biotechnology research in a clean, white environment with holographic data displays showing DNA helix structures and molecular interactions. The scene includes scientists working on microscopes, surrounded by glowing green plants growing from glass containers, symbolizing sustainable agriculture. Soft blue lighting illuminates the space, creating a high-tech atmosphere with floating particles representing genetic engineering processes. The composition highlights innovation, precision science, and life sciences merging into a harmonious digital landscape.",227,122
Биотехнологии_55,"Биотехнология представляет собой передовую область науки, объединяющую биологические процессы с инженерными методами для создания новых продуктов и решений. Этот термин охватывает широкий спектр дисциплин, включая генную инженерию, клеточную биологию и молекулярную биологию. Современные исследования направлены на оптимизацию производства лекарств, вакцин и пищевых добавок с использованием микроорганизмов и растений. Ключевыми направлениями являются персонализированная медицина, где терапия адаптируется под конкретные характеристики пациента, а также устойчивое сельское хозяйство, использующее генетически модифицированные организмы для повышения урожайности и защиты от вредителей. В этой области играют важную роль синтетическая биология и биоинформатика, позволяющие проектировать сложные биологические системы для выполнения специфических задач. Применение биотехнологий способствует решению глобальных проблем, таких как голод, загрязнение окружающей среды и нехватка ресурсов. Инновационные разработки включают создание экологичных альтернатив традиционным методам очистки воды и воздуха. Кроме того, эти технологии открывают возможности для разработки эффективных методов лечения заболеваний, ранее считавшихся неизлечимыми, благодаря мощным инструментам редактирования генома и тканевой инженерии. Таким образом, биотехнология становится двигателем прогресса в здравоохранении, промышленности и сельском хозяйстве, обеспечивая безопасное и эффективное использование природных ресурсов.","A futuristic laboratory scene featuring a scientist working with genetically modified bacteria in a glass bioreactor, surrounded by holographic data displays showing molecular structures and genetic sequences. The lighting is soft and blue-toned, creating a high-tech atmosphere. In the background, robotic arms are gently harvesting plants from a lush green field, transitioning seamlessly into an urban skyline at dusk.",317,164
Биотехнологии_56,"Биотехнология представляет собой передовую область науки и техники, объединяющую биологические системы с инженерными методами для создания новых продуктов и решений. Этот междисциплинарный подход позволяет человеку вмешиваться в природные процессы, чтобы улучшить здоровье людей, повысить продуктивность сельского хозяйства и решить экологические проблемы. В основе лежит использование генной инженерии, клеточного анализа и биопечати для разработки лекарств, вакцин и устойчивых к стрессу культур. Современные лаборатории оснащены высокоточным оборудованием, позволяющим проводить сложные эксперименты в контролируемых условиях. Результатом этих усилий становятся инновационные препараты, способные лечить редкие заболевания или бороться с пандемиями. Кроме того, биотехнологии играют ключевую роль в создании экологически чистых технологий, таких как переработка отходов и производство биоразлагаемых материалов. Эта динамично развивающаяся отрасль постоянно расширяет границы человеческого познания, открывая новые горизонты для будущего развития цивилизации.","A futuristic laboratory interior with biotechnology themes, featuring glowing green DNA strands floating in the air and intricate microchip circuits embedded in a glass wall. The scene is bathed in soft blue and amber lighting, highlighting advanced robotic arms manipulating cellular structures. In the background, large holographic displays show molecular models of human cells and plants growing rapidly. The atmosphere is clean, high-tech, and full of scientific wonder, with a sense of innovation and progress dominating every corner of the sterile white room.",221,121
Биотехнологии_57,"Биотехнология представляет собой передовую область науки и инженерии, объединяющую биологические системы с технологиями для создания новых продуктов и решений. Этот междисциплинарный подход позволяет разрабатывать лекарства, улучшать сельское хозяйство и создавать экологически чистые материалы. В процессе исследований используются генная инженерия, клеточная культура и молекулярные методы анализа. Целью является преобразование естественных процессов в контролируемые лабораторные условия для получения высокоэффективных результатов. Современные лаборатории оснащены сложной инфраструктурой, включающей реакторы, стерильные зоны и системы очистки. Специалисты здесь работают над оптимизацией биореакторов и поиском устойчивых штаммов микроорганизмов. Инновационные разработки направлены на решение глобальных проблем здравоохранения и продовольственной безопасности. Применение нанотехнологий и искусственного интеллекта ускоряет разработку препаратов и повышает их эффективность. Регуляторные органы строго контролируют безопасность полученных биомедицинских средств. Прогресс в этой сфере открывает новые горизонты для медицины и промышленности.","A futuristic laboratory interior with glowing blue bioreactors and holographic data displays on glass walls, surrounded by lush green plants and clean white lab coats of scientists working intently at advanced microscopes, soft natural lighting filtering through large windows, high-tech atmosphere, medical research theme, hyperrealistic, 8k resolution.",229,123
Биотехнологии_58,"Биотехнология представляет собой передовую отрасль науки, объединяющую биологические системы с инженерными методами для создания новых продуктов и решений. Этот термин охватывает широкий спектр областей, включая генную инженерию, культивирование клеток, производство лекарств и создание биоразлагаемых материалов. В современном мире биотехнологии играют ключевую роль в решении глобальных проблем, таких как продовольственная безопасность, устойчивое развитие и борьба с инфекционными заболеваниями. Они позволяют человеку не только улучшать существующие процессы, но и создавать полностью новые материалы с уникальными свойствами. От медицинской промышленности до сельского хозяйства, эти технологии трансформируют наш способ жизни, обеспечивая доступ к качественной медицине и экологически чистым ресурсам. Инновационные подходы в этой области постоянно расширяют горизонты возможного, предлагая эффективные альтернативы традиционным методам производства.","A futuristic laboratory scene featuring a biotech scientist working with glowing genetic machinery in the background, surrounded by advanced medical equipment and green plants, soft blue lighting, high detail, cinematic composition.",195,110
Биотехнологии_59,"Биотехнология представляет собой передовую область науки, объединяющую биологические системы с инженерными методами для создания новых продуктов и решений. Этот динамично развивающийся сектор играет ключевую роль в медицине, сельском хозяйстве и экологии. Современные лаборатории используют генную инженерию для производства лекарств, вакцин и биоразлагаемых материалов. Ученые постоянно исследуют возможности редактирования генома, чтобы лечить сложные заболевания и повышать устойчивость растений к болезням. Инновационные процессы включают культивирование клеток для тканевой инженерии и создание биоэлектроники. Эти технологии открывают безграничные перспективы для улучшения качества жизни человечества, обеспечивая доступное лечение и устойчивое развитие планеты.","a futuristic laboratory interior with glowing green biotech equipment and holographic data displays on walls, a scientist in white lab coat holding a DNA double helix model, surrounded by floating 3D biological structures like cells and bacteria, soft blue ambient lighting, high detail, cinematic composition, depth of field.",157,87
Нейронные сети_0,"Нейронные сети представляют собой сложные математические модели, использующие алгоритмы машинного обучения для анализа данных и предсказания результатов. Эти системы состоят из множества взаимосвязанных слоев, каждый из которых выполняет специализированную функцию обработки информации. В отличие от традиционных методов, нейросети способны выявлять скрытые закономерности в огромных объемах неструктурированных данных. Процесс обучения происходит путем сравнения прогнозов модели с реальными результатами, позволяя ей постепенно улучшать свои показатели точности. Архитектуры могут варьироваться от простых линейных моделей до глубоких сверточных сетей, способных распознавать визуальные паттерны или управлять сложными роботизированными системами. Современные исследования активно развивают методы трансформеров и гештативные нейросети, расширяющие возможности искусственного интеллекта в различных отраслях. Применение этих технологий требует тщательной настройки гиперпараметров и обработки больших данных для достижения оптимальных результатов.","A futuristic neural network architecture rendered in glowing neon lines on a dark background, composed of interconnected geometric shapes and flowing data streams forming a brain-like structure, surrounded by floating digital particles and abstract circuitry patterns.",209,115
Нейронные сети_1,"Нейронные сети представляют собой мощнейшие алгоритмические системы, способные автоматически обучаться из данных без явного программирования. Эти структуры состоят из слоев нейронов, которые соединяются между собой через весовые связи, позволяя им анализировать сложные паттерны и находить скрытые закономерности во входных сигналах. В отличие от традиционных методов машинного обучения, нейросети способны адаптироваться к новым условиям и улучшать свои показатели со временем благодаря механизмам самообучения. Их архитектура варьируется от простых однослойных сетей до глубоких многослойных структур, таких как сверточные сети или трансформеры, каждая из которых специализируется на различных типах задач обработки информации. Основные компоненты включают активационные функции, которые ограничивают выход каждого нейрона и предотвращают переобучение, а также оптимизаторы, такие как градиентный спуск, обеспечивающие сходимость модели к наилучшему решению задачи. Современные исследования активно развивают области искусственного интеллекта, где нейронные сети играют ключевую роль в распознавании образов, обработке естественного языка, медицине и управлении транспортными системами. Они демонстрируют способность решать проблемы, ранее считавшиеся невозможными для автоматических систем, благодаря своей гибкости и способности к параллельному вычислению на огромных массивах данных.","A futuristic cybernetic neural network floating in a digital void, glowing with soft blue and purple light, intricate circuitry connecting layers of data nodes, abstract geometric shapes representing artificial intelligence, high-tech background with holographic displays, octane render style, cinematic lighting, highly detailed 8k resolution.",289,163
Нейронные сети_2,"Нейронные сети представляют собой сложные вычислительные системы, вдохновленные биологическими мозгом. Эти алгоритмы состоят из множества слоев нейронных клеток, которые взаимодействуют друг с другом для обработки информации. В отличие от простых компьютеров, нейросети способны учиться самостоятельно на огромных объемах данных, выявляя скрытые закономерности и паттерны. Архитектуры могут варьироваться от простых перцептронов до глубоких сверточных сетей, используемых для распознавания изображений или предсказания финансовых рынков. Процесс обучения требует миллионов параметров, которые корректируются через обратный распространение ошибки. Современные модели демонстрируют способность к абстрактному мышлению и решению задач, ранее считавшихся невозможными для машин. Они применяются в медицине, финансах, искусственном интеллекте и научных исследованиях, трансформируя способы анализа данных. Будущее технологий зависит от способности этих систем адаптироваться к новым условиям и понимать контекст. Их развитие открывает новые горизонты для автоматизации рутинных процессов и решения сложных проблем.","A futuristic neural network architecture rendered in glowing neon lines against a dark digital background, featuring interconnected nodes and layers resembling biological neurons, with soft purple and blue light effects creating a cybernetic atmosphere.",227,129
Нейронные сети_3,"Нейронные сети представляют собой сложную систему искусственного интеллекта, состоящую из множества взаимосвязанных элементов. Эти системы используют математические алгоритмы для обработки информации, обучения и принятия решений. В отличие от традиционных методов, нейросети способны выявлять скрытые закономерности в огромных массивах данных. Их архитектура включает слои, которые последовательно преобразуют входной сигнал в сложный выходной результат. Каждый слой выполняет специализированные функции, такие как фильтрация, свертка или линейная комбинация признаков. Обучение происходит путем минимизации ошибки между предсказаниями модели и реальными данными. Этот процесс требует использования мощных вычислительных ресурсов и оптимизирующих функций. Современные архитектуры демонстрируют способность к адаптации и обучению без явного программирования правил. Они могут самостоятельно улучшать свои параметры через обратный распространение ошибки. Такие технологии революционизируют области медицины, финансов, безопасности и науки. Исследователи постоянно развивают новые методы для повышения эффективности и надежности этих систем.","A futuristic neural network architecture visualization on a dark background with glowing blue and purple nodes connected by intricate lines, representing data flow and connections between layers of artificial intelligence, high-tech aesthetic, cyberpunk style, detailed close-up view of digital brain structure.",216,129
Нейронные сети_4,"Нейронные сети представляют собой мощнейшие вычислительные системы, способные обучаться через данные. Эти сложные алгоритмы состоят из множества взаимосвязанных узлов, которые обрабатывают информацию и формируют паттерны. Процесс обучения имитирует биологическую активность мозга, где связи между нейронами укрепляются или ослабевают в зависимости от результата предсказания. Современные архитектуры, такие как трансформеры и сверточные сети, демонстрируют выдающиеся результаты в задачах распознавания образов, машинного перевода и анализа данных. Они способны находить скрытые закономерности даже в огромных объемах информации, что делает их незаменимыми инструментами в искусственном интеллекте. Важно понимать, что эффективность этих систем зависит от качества обучающих данных и настройки гиперпараметров. В результате мы получаем модели, которые могут решать реальные проблемы, недоступные традиционным компьютерным системам.",A futuristic digital neural network brain composed of glowing interconnected nodes and synapses in a dark cyberpunk laboratory setting. The structure resembles a complex circuit board with flowing blue data streams connecting every component. Surrounding the central brain are floating holographic screens displaying abstract mathematical graphs and colorful particle effects representing learning processes.,189,109
Нейронные сети_5,"Нейронные сети представляют собой мощнейшие алгоритмы искусственного интеллекта, способные моделировать сложные системы через множество взаимосвязанных узлов. Эти структуры функционируют как гигантские компьютеры внутри наших головок, обрабатывая информацию с невероятной скоростью и точностью. Каждый узел в нейронной сети выполняет конкретную математическую операцию, которая затем передается к следующему слою, создавая цепь реакций, имитирующую биологические процессы мозга человека или животных. Современные архитектуры, такие как сверточные нейросети (CNN), отлично справляются с распознаванием образов, тогда как рекуррентные сети способны анализировать временные последовательности, например, речь или музыку. Обучение этих систем происходит путем подкрепления огромных объемов данных, где ошибки становятся уроками, позволяя алгоритмам постепенно улучшать свои способности до уровня человеческой интуиции. В результате мы получаем инструменты, способные решать задачи, ранее считавшиеся недоступными для машин: от перевода языков до прогнозирования климатических изменений и медицинской диагностики. Это не просто набор формул, а эволюция мышления, открывая новые горизонты в науке, образовании и повседневной жизни человечества.","A futuristic digital brain made of glowing interconnected neurons in a dark cyberpunk cityscape at night, neon lights reflecting off wet pavement, high-tech neural network architecture floating above the ground, abstract representation of artificial intelligence technology, intricate circuitry and data streams, cinematic lighting, 8k resolution, hyperrealistic, detailed textures.",258,145
Нейронные сети_6,"Нейронные сети представляют собой сложнейшие математические модели, способные обучаться паттернам без явного программирования. Эти системы состоят из множества взаимосвязанных узлов, называемых нейронами, которые обрабатывают информацию через сложные операции. Процесс обучения включает использование данных для минимизации ошибки, что позволяет им адаптироваться к новым условиям. Архитектуры варьируются от простых линейных моделей до глубоких сверточных сетей, используемых в компьютерном зрении. Основные компоненты включают слои скрытия, входные и выходные нейроны, а также механизмы регуляризации для предотвращения переобучения. Нейросети находят применение во множестве областей, от машинного обучения до анализа больших данных и автономных систем.","A futuristic digital neural network composed of glowing interconnected nodes and synapses floating in a dark void, surrounded by flowing data streams and circuitry patterns, rendered with high-tech cyberpunk aesthetics, vibrant neon colors against deep black background, intricate details, 8k resolution.",158,89
Нейронные сети_7,"Нейронные сети представляют собой сложную систему искусственного интеллекта, состоящую из множества взаимосвязанных узлов или нейронов, которые обрабатывают данные и принимают решения. Эти системы имитируют структуру человеческого мозга, используя алгоритмы обучения на больших массивах данных. В отличие от традиционных методов, нейросети способны выявлять скрытые закономерности и делать прогнозы с высокой точностью благодаря своей способности к самовоспроизведению информации. Современные архитектуры позволяют решать задачи, ранее считавшиеся невозможными для компьютерных систем, такие как распознавание образов, машинный перевод и анализ финансовых рынков. Процесс обучения включает сложные математические расчеты, где каждый шаг зависит от предыдущих решений, создавая динамическую и адаптивную среду. Хотя эти технологии вызывают вопросы о будущем работы человека, они открывают новые горизонты в науке и технике, способствуя развитию умных устройств и автоматизированных процессов во всем мире.","A futuristic digital neural network visualization in a dark cyberpunk laboratory setting, glowing blue and purple nodes connecting across the screen with flowing data streams, abstract geometric shapes representing brain structures, high-tech holographic interface floating above, cinematic lighting, 8k resolution, hyper-realistic, intricate details, depth of field.",201,122
Нейронные сети_8,"Нейронные сети представляют собой мощнейшие вычислительные системы, разработанные для обработки данных и выявления сложных закономерностей. Эти алгоритмы состоят из множества взаимосвязанных узлов или нейронов, которые работают как единое целое, передавая информацию между собой. Каждый узел обрабатывает входные данные, применяя математические функции для создания новых сигналов. Процесс обучения происходит через сравнение предсказаний модели с реальными результатами, позволяя нейросети постоянно улучшать свои показатели. Современные архитектуры включают глубокие слои, способные анализировать многомерные данные и находить скрытые связи внутри больших объемов информации. От простых искусственных интеллект до сложных нейронных сетей, используемых в медицине, финансах и искусственном интеллекте, эти технологии продолжают эволюционировать. Они способны решать задачи, ранее считавшиеся невозможными для автоматических систем благодаря их способности к самообучению и адаптации к изменяющимся условиям.","A futuristic digital neural network visualization composed of glowing interconnected nodes and pathways floating in a dark, starry space. The nodes emit soft blue and purple light, forming a complex web structure that represents data processing and learning algorithms. Surrounding the central network are abstract geometric shapes like cubes and spheres representing input/output layers. Dynamic energy flows through the connections with subtle animations suggesting computation and intelligence. High-tech cyberpunk aesthetic with neon glows against deep space background, symbolizing artificial intelligence and machine learning innovation.",205,117
Нейронные сети_9,"Нейронные сети — это мощнейшие вычислительные системы, вдохновленные биологической структурой человеческого мозга. Они состоят из множества взаимосвязанных нейронов, которые обрабатывают информацию через сложные алгоритмы. В отличие от простых компьютеров, нейросети способны обучаться самостоятельно, выявляя закономерности в огромных объемах данных. Это фундамент искусственного интеллекта, позволяющий решать задачи машинного обучения, распознавания образов и обработки естественного языка. Современные архитектуры, такие как сверточные сети и трансформеры, демонстрируют беспрецедентную способность к адаптации и точному анализу изображений или текста.","A futuristic cybernetic brain composed of glowing neural networks and digital circuits, intricate connections forming a complex pattern in deep space, high-tech atmosphere, blue and gold colors, hyper-realistic, 8k resolution, cinematic lighting, abstract technology concept.",137,72
Нейронные сети_10,"Нейронные сети представляют собой сложные вычислительные системы, способные моделировать и анализировать данные через многослойные архитектуры. Эти алгоритмы состоят из тысяч или миллионов параметров, которые обучаются с помощью машинного обучения, позволяя находить скрытые закономерности в огромных объемах информации. Процесс обучения включает подачу данных, обновление весов сети и минимизацию ошибки между предсказаниями и реальными значениями. Современные нейросети демонстрируют способность к распознаванию образов, обработке естественного языка и даже генерации контента. Их применение охватывает медицину, финансы, транспортную безопасность и искусственный интеллект. Важно понимать, что эффективность сетей зависит от качества данных, архитектуры и методов оптимизации.","A futuristic neural network brain composed of glowing interconnected nodes floating in a dark digital void, surrounded by flowing data streams and colorful geometric shapes representing information processing, high-tech cyberpunk aesthetic with neon lights and holographic elements.",159,90
Нейронные сети_11,"Нейронные сети представляют собой сложные вычислительные системы, вдохновленные биологическими нейронами, используемые для обработки данных и обучения моделей искусственного интеллекта. Эти алгоритмы состоят из множества узлов, соединенных между собой, которые передают сигналы для решения задач машинного обучения. В отличие от традиционных методов, нейросети способны выявлять скрытые закономерности в огромных объемах информации, обеспечивая высокую точность прогнозов. Процесс обучения включает пошаговый анализ входных данных, корректировку весов связей внутри сети и оптимизацию параметров через обратный распространение ошибки. Современные архитектуры, такие как глубокие сверточные нейронные сети или трансформеры, демонстрируют впечатляющие способности к распознаванию образов и генерации контента. Применение этих технологий spans diverse industries from healthcare diagnostics to autonomous vehicles and natural language processing systems.","A futuristic digital landscape featuring a glowing neural network brain composed of interconnected light nodes floating in a void, surrounded by flowing data streams forming geometric shapes like DNA helices and circuit boards. The scene is rendered with soft ethereal lighting, deep purples and blues contrasting against bright cyan highlights, creating an abstract yet scientifically accurate representation of artificial intelligence and machine learning concepts.",184,109
Нейронные сети_12,"Нейронные сети представляют собой сложные вычислительные системы, состоящие из множества взаимосвязанных узлов или нейронов, которые обрабатывают информацию и принимают решения. Эти структуры имитируют биологические нейроны, но функционируют на основе математических алгоритмов, позволяя компьютерам обучаться через данные. В отличие от традиционных программ, нейросети способны выявлять скрытые закономерности и делать прогнозы, адаптируясь к новым условиям. Их архитектура варьируется от простых линейных моделей до глубоких сверточных сетей, предназначенных для обработки изображений и звука. Процесс обучения требует огромного количества данных и мощных вычислительных ресурсов, однако результаты часто превосходят человеческий интеллект в специализированных задачах. Современные исследования направлены на создание более эффективных и устойчивых систем, способных решать задачи в реальном времени. Технологии машинного обучения лежат в основе этих сетей, обеспечивая их способность к самообучению и адаптации к изменяющимся паттернам информации.","A futuristic neural network architecture rendered in glowing neon lines against a dark background, featuring interconnected nodes and layers that resemble biological neurons but with digital precision. The design is sleek and modern, composed of vibrant colors like cyan and magenta, symbolizing advanced technology. High-quality render, 8k resolution, cinematic lighting, hyper-realistic details, depth of field, sharp focus, professional studio photography style.",214,124
Нейронные сети_13,"Нейронные сети представляют собой сложнейшие математические модели, использующие алгоритмы машинного обучения для автоматического выявления закономерностей в данных. Эти системы состоят из множества взаимосвязанных нейронов, которые обрабатывают информацию пошагово, подобно биологическим мозгам. Процесс обучения включает итерационный анализ огромных массивов информации, позволяя нейросетям адаптироваться к новым паттернам и улучшать свои результаты со временем. Современные архитектуры демонстрируют способность решать задачи, ранее считавшиеся практически невозможными, такие как распознавание изображений, перевод языков или предсказание финансовых рынков. Важно понимать, что обучение не происходит мгновенно; оно требует тщательной настройки гиперпараметров и значительных вычислительных ресурсов, что делает эти технологии доступными лишь для специализированного оборудования. Несмотря на кажущуюся сложность, нейронные сети становятся все более надежными инструментами в науке, искусстве и повседневной жизни благодаря непрерывному развитию и внедрению в реальные приложения.","A futuristic cyberpunk cityscape at night, neon lights reflecting on wet pavement, towering skyscrapers with glowing glass facades, flying autonomous drones navigating the streets, holographic advertisements floating in the air, a diverse crowd of people walking under artificial rain, digital rain effect mixing with traditional streetlights, cinematic lighting and dramatic shadows, highly detailed 8k resolution, hyper-realistic, octane render, intricate architectural details, vibrant colors, depth of field.",226,121
Нейронные сети_14,"Нейронные сети представляют собой сложнейшие вычислительные системы, способные моделировать сложные зависимости между данными. Эти алгоритмы состоят из множества слоев нейронных клеток, которые анализируют информацию и передают её дальше. Каждый слой выполняет специфическую функцию, будь то фильтрация шума или распознавание паттернов. Процесс обучения происходит через сравнение предсказаний модели с реальными данными, что позволяет ей постепенно улучшать свои прогнозы. Современные архитектуры, такие как трансформеры и сверточные нейросети, демонстрируют впечатляющие результаты в различных областях науки и техники. Исследования показывают, что эти системы могут обучаться самостоятельно на огромных массивах информации без явного программирования каждой операции вручную.","a futuristic neural network brain composed of glowing interconnected nodes floating in a dark digital space, surrounded by flowing data streams and binary code particles, with soft blue and purple lighting effects creating an ethereal atmosphere, highly detailed, octane render, cinematic composition.",152,92
Нейронные сети_15,"Нейронные сети представляют собой сложные алгоритмические системы, вдохновленные биологической мозгом человека. Эти устройства состоят из миллионов или миллиардов элементов, называемых нейронами, которые обрабатывают информацию через сеть взаимосвязанных связей. Каждый нейрон принимает входное значение, применяет математическую функцию активации и передает результат следующему элементу в цепочке. Это позволяет им учиться, адаптироваться к новым данным и решать задачи, недоступные традиционным компьютерам. Современные архитектуры включают глубокие слои, позволяя модели выявлять скрытые закономерности в огромных объемах данных. Обучение происходит путем минимизации ошибки между предсказаниями модели и истинными значениями, что требует огромных вычислительных ресурсов. Применение нейросетей охватывает медицину, финансы, искусственный интеллект и машинное обучение. Они способны анализировать изображения, распознавать речь, предсказывать рыночные тренды и даже создавать новые формы искусства. Исследования показывают, что такие системы могут достигать уровня человеческого интеллекта в специфических задачах. Будущее технологий неразрывно связано с развитием более умных и автономных нейронных сетей.","A futuristic cybernetic brain composed of glowing neural networks and interconnected nodes floating in a dark digital void, with streams of data flowing like light through the synapses, rendered in high definition with neon blue and purple hues.",255,138
Нейронные сети_16,"Нейронные сети представляют собой сложные математические модели, вдохновленные биологическими нейронами. Эти системы состоят из миллионов элементов, называемых узлами или нейронов, которые соединены весами связей. Каждый нейрон анализирует входной сигнал и формирует выходное значение через сложную комбинацию данных. Процесс обучения требует огромных объемов данных и вычислительной мощности, позволяя алгоритмам корректировать свои веса путем минимизации ошибки. Современные архитектуры демонстрируют способность к обучению без явного программирования, что открывает новые возможности в области искусственного интеллекта и машинного обучения.","A futuristic digital brain composed of glowing neural networks and binary code floating in a void, surrounded by abstract geometric shapes representing data streams and processing power, with vibrant colors like neon blue and purple lighting up the space to symbolize artificial intelligence and machine learning technology.",132,74
Нейронные сети_17,"Нейронные сети представляют собой мощнейшие вычислительные системы, способные моделировать сложные взаимосвязи данных через многоуровневые архитектуры. Эти алгоритмы состоят из множества слоев нейронных клеток, каждый из которых анализирует входные сигналы и передает информацию к следующему уровню обработки. В отличие от традиционных методов, современные глубокие нейросети способны выявлять скрытые паттерны и закономерности в огромных массивах информации без явного программирования правил. Процесс обучения включает сложную математическую оптимизацию, где параметры весов корректируются для минимизации ошибки между предсказаниями и реальными данными. Это позволяет системам адаптироваться к новым условиям и выполнять задачи, ранее считавшиеся недоступными для компьютерного зрения или распознавания речи.","A futuristic neural network architecture rendered in stunning digital art style, featuring glowing interconnected nodes and layered circuits floating in a dark void space, with vibrant neon blue and purple hues illuminating the structure against a deep black background.",171,95
Нейронные сети_18,"Нейронные сети представляют собой сложные математические модели, разработанные искусственным интеллектом для обучения на огромных массивах данных. Эти системы состоят из множества слоев нейросетей, где каждый слой анализирует информацию и преобразует её перед передачей следующему уровню. Процесс обучения требует миллионов вычислений, позволяя алгоритмам находить закономерности в данных и улучшать свою точность без явного программирования правил. В отличие от традиционных программ, нейронные сети способны автоматически адаптироваться к новым условиям и выявлять скрытые зависимости между переменными. Их применение охватывает множество областей, включая машинное обучение, компьютерное зрение и обработку естественного языка. Современные архитектуры демонстрируют способность решать задачи, ранее считавшиеся недоступными для автоматических систем, благодаря своей гибкости и масштабируемости.","A futuristic digital brain composed of glowing neural networks and interconnected nodes floating in a dark cyber space, surrounded by flowing data streams and abstract geometric shapes representing artificial intelligence concepts.",175,104
Нейронные сети_19,"Нейронные сети представляют собой мощнейшие вычислительные системы, способные обучаться и предсказывать закономерности в данных без явного программирования. Эти алгоритмы состоят из слоев нейронных клеток, которые обрабатывают информацию последовательно. Каждое новое обучение позволяет моделям становиться умнее и точнее, адаптируясь к сложным задачам. Исследования показывают, что современные архитектуры способны решать задачи даже более сложные, чем человеческий мозг. Технологии машинного обучения стали неотъемлемой частью современного цифрового мира, трансформируя медицину, финансы и искусство.","A futuristic neural network visualization showing interconnected glowing nodes and flowing data streams forming a complex brain-like structure in deep space, rendered with vibrant neon colors against a dark cosmic background, high detail, scientific illustration style.",125,69
Нейронные сети_20,"Нейронные сети представляют собой сложные алгоритмические системы, способные обрабатывать большие объемы данных и выявлять скрытые закономерности. Эти машины обучения состоят из множества взаимосвязанных узлов, которые взаимодействуют друг с другом, создавая динамичную сеть. Каждый узел выполняет определенные вычисления, передавая информацию к соседям, что позволяет системе учиться на новых примерах без явного программирования правил. Процесс обучения включает этап предобработки данных, где информация очищается и структурируется перед входом в нейронный слой. Затем данные проходят через последовательность слоев, каждый из которых состоит из весовых коэффициентов и библиотек активаций. В процессе обучения модель корректирует свои веса, минимизируя ошибку между предсказаниями и реальными значениями. Это происходит с помощью оптимизаторов градиентного спуска, которые ищут наилучшие параметры для максимизации производительности. Современные архитектуры могут быть линейными или глубокими, позволяя решать задачи от классификации изображений до анализа естественных языков. Интерфейсы пользователей позволяют исследовать результаты, визуализировать карты активности нейронов и отслеживать прогресс обучения. Несмотря на кажущуюся сложность, эти системы демонстрируют впечатляющие способности к адаптации и обучению в условиях неопределенности.","A futuristic neural network visualization in a clean white laboratory setting with glowing blue and purple nodes connecting through transparent lines, representing data streams flowing between layers of artificial intelligence, surrounded by floating geometric shapes and abstract digital particles, high-tech atmosphere, cinematic lighting, detailed composition, 8k resolution.",285,158
Нейронные сети_21,"Нейронные сети представляют собой сложные математические модели, предназначенные для обработки данных и обучения без явного программирования. В отличие от традиционных алгоритмов, нейросети способны выявлять скрытые закономерности в огромных объемах информации. Их архитектура состоит из слоев перцептронов, каждый из которых выполняет специфическую функцию преобразования входного сигнала. Обучение происходит путем минимизации ошибки между предсказаниями системы и реальными данными через процесс обратного распространения градиентов. Современные архитектуры, такие как трансформеры или сверточные нейросети, демонстрируют выдающиеся способности к распознаванию образов и обработке естественного языка. Эти технологии находят широкое применение в медицине, финансах, искусственном интеллекте и машинном обучении. Исследования показывают, что эффективность моделей может быть значительно увеличена за счет использования больших объемов данных и вычислительной мощности суперкомпьютеров.","A futuristic neural network visualization composed of interconnected glowing nodes and flowing data streams in a dark cyberpunk setting, featuring abstract geometric shapes representing layers of computation, with vibrant colors like neon blue and purple lighting up the digital space to symbolize artificial intelligence learning.",193,111
Нейронные сети_22,"Нейронные сети представляют собой сложные математические модели, используемые для обработки данных и принятия решений. Эти системы состоят из множества слоев, каждый из которых выполняет специфическую функцию преобразования входного сигнала. Основным принципом работы является процесс обучения через минимизацию ошибки путем корректировки весов связей между нейронами. Чем больше данных подается системе, тем точнее она может выявлять закономерности и предсказывать результаты. Современные архитектуры позволяют решать задачи от распознавания образов до управления робототехникой. Важно понимать, что обучение требует огромных вычислительных ресурсов и времени.","futuristic neural network architecture with glowing nodes and flowing data streams, cyberpunk style, high-tech visualization, intricate circuit patterns, deep blue and purple lighting, octane render, hyper-realistic, 8k resolution --ar 16:9 --v 5.2 --q 2",128,79
Нейронные сети_23,"Нейронные сети представляют собой мощнейшие вычислительные системы, способные моделировать сложные зависимости между данными. Эти алгоритмы состоят из множества слоев нейронных клеток, которые обрабатывают информацию последовательно. Каждый слой выполняет специфическую функцию, трансформируя входной сигнал в более абстрактное представление. Благодаря этому архитектура способна улавливать не только очевидные паттерны, но и скрытые взаимосвязи, лежащие в основе реальных процессов. Исследования показывают, что такие сети могут обучаться самостоятельно, минимизируя ошибку путем корректировки своих весов через обратный распространение градиентов. Это делает их незаменимыми инструментами в машинном обучении, от распознавания образов до предсказания финансовых рынков. Современные архитектуры достигают беспрецедентного уровня точности, превосходя человеческие способности в задачах, требующих обработки огромных объемов информации.",A futuristic neural network architecture visualization in a dark cyberpunk style with glowing blue and purple neurons connecting across multiple layers of complex digital planes. Abstract geometric shapes representing data flow moving through interconnected nodes. High-tech atmosphere with holographic displays showing mathematical equations and probability graphs floating around the central structure. Cinematic lighting effects highlighting the intricate details of the artificial intelligence system.,193,104
Нейронные сети_24,"Нейронные сети представляют собой сложную систему искусственного интеллекта, состоящую из множества взаимосвязанных узлов или нейронов, которые обрабатывают информацию. Эти элементы работают как мозговые клетки, передавая сигналы друг другу для выполнения задач. Процесс обучения происходит через алгоритмы минимизации ошибок, позволяя модели адаптироваться к новым данным. Современные архитектуры включают глубокие сверточные слои, трансформеры и рекуррентные цепи, способные улавливать сложные паттерны во временных рядах и изображениях. Обучение требует огромного количества данных и вычислительной мощности, что делает эти системы мощными инструментами для медицины, финансов и науки. Они способны обучаться без явного программирования правил, выявляя скрытые закономерности в огромных массивах информации. Применение нейросетей широкое и продолжает расти, открывая новые горизонты возможностей для автоматического анализа и принятия решений.","A futuristic digital neural network visualization composed of glowing interconnected nodes floating in a dark cyberpunk space, with flowing data streams connecting them in vibrant neon colors like cyan and magenta, surrounded by abstract geometric shapes representing computational power, rendered in high resolution with a cinematic depth of field effect.",198,112
Нейронные сети_25,"Нейронные сети представляют собой мощнейшие вычислительные системы, разработанные искусственным интеллектом для обработки данных и принятия решений. Эти сложные алгоритмы состоят из множества взаимосвязанных узлов, называемых нейронами, которые передают сигналы между собой. Каждый нейрон анализирует входящие данные, обрабатывает их внутренними процессами и отправляет результат другим соседним узлам. Такая архитектура позволяет нейросетям выявлять скрытые закономерности в огромных массивах информации, будь то изображения, звук или текст. В отличие от традиционных программ, нейронные сети обучаются самостоятельно, минимизируя ошибку через обратный распространение ошибки. Это делает их незаменимыми инструментами в современном машинном обучении, играющими ключевую роль в диагностике заболеваний, прогнозировании погоды и создании реалистичной графики. Современные модели достигают невероятного уровня точности благодаря архитектуре глубокого обучения, которая имитирует работу человеческого мозга. Применение этих технологий трансформирует множество отраслей экономики и науки, открывая новые горизонты возможностей для инноваций и автоматизации рутинных задач.","A futuristic cybernetic brain floating in a dark digital void, glowing with soft blue and purple neural networks connecting intricate nodes of light, surrounded by swirling holographic data streams and abstract geometric shapes representing artificial intelligence concepts.",246,133
Нейронные сети_26,"Нейронные сети представляют собой сложные математические модели, вдохновленные биологическими нейронами. Эти системы состоят из миллионов взаимосвязанных элементов, которые обрабатывают информацию через цепочки вычислений. В отличие от традиционных алгоритмов, они способны выявлять скрытые закономерности и делать предсказания на основе огромных объемов данных. Архитектура состоит из слоев, каждый из которых выполняет специфическую функцию, будь то фильтрация признаков или классификация объектов. Обучение происходит путем минимизации ошибки между прогнозами модели и реальными данными. Современные архитектуры, такие как трансформеры, используют механизмы внимания для понимания контекста. Это позволяет нейросетям решать задачи, ранее считавшиеся невозможными для компьютера, включая распознавание речи, машинное обучение и медицинскую диагностику.","A futuristic neural network architecture visualization in a clean digital space with glowing nodes and flowing data streams, abstract geometric shapes representing neurons connecting to form complex patterns, soft blue and purple lighting, high detail, 8k resolution, minimalist style.",179,98
Нейронные сети_27,"Нейронные сети представляют собой сложнейшие математические модели, способные обучаться на огромных объемах данных без явного программирования правил. Эти системы состоят из множества слоев нейронных клеток, которые соединены весами и смещениями, позволяя им выявлять скрытые закономерности в информации. Процесс обучения включает этап предобработки данных, где информация очищается и структурируется перед входом в сеть. Затем данные проходят через последовательность вычислений, называемыхforward pass, что позволяет алгоритму находить зависимости между переменными. После завершения расчетов происходит обратный проход (backpropagation), где ошибки сравниваются с целевыми значениями для корректировки весов. Это непрерывный цикл совершенствования делает нейросети универсальными инструментами в области машинного обучения, компьютерного зрения и обработки естественного языка.","A futuristic neural network architecture composed of glowing interconnected nodes floating in a dark digital void, emitting soft blue and purple light pulses, with flowing data streams connecting the layers in an abstract geometric pattern, high-tech cyberpunk aesthetic, cinematic lighting, octane render, ultra-detailed, 8k resolution.",182,101
Нейронные сети_28,"Нейронные сети представляют собой сложные математические модели, использующие алгоритмы машинного обучения для анализа данных и принятия решений. Эти системы состоят из множества взаимосвязанных нейронов, которые обрабатывают информацию последовательно, имитируя биологическую активность мозга. Каждый нейрон соединен с другими через весовые связи, что позволяет системе обучаться на огромных объемах информации. Процесс обучения включает этап предобработки данных, где информация структурируется перед входом в сеть. Затем данные проходят через слои обработки, каждый из которых выполняет специфические функции, такие как классификация или регрессия. После этого происходит финальный вывод результата, который может быть представлен в виде графика, текста или другого формата. Современные нейросети способны выявлять скрытые закономерности в больших массивах данных, превосходя человеческие возможности при определенных задачах. Они применяются в различных областях, от медицинской диагностики до автоматизированного управления промышленными процессами. Обучение этих систем требует огромных вычислительных ресурсов и времени, но результаты часто превосходят традиционные методы. Нейронные сети являются ключевым компонентом искусственного интеллекта, трансформирующего повседневную жизнь человечества.","A futuristic neural network visualization showing interconnected glowing nodes and synapses forming a complex brain-like structure in deep space, with flowing data streams connecting different layers of the network, rendered in vibrant neon colors against a dark cosmic background, high detail, cinematic lighting.",257,150
Нейронные сети_29,"Нейронные сети представляют собой мощнейшие вычислительные системы, способные моделировать сложные данные через многослойные архитектуры. Эти алгоритмы состоят из миллионов взаимосвязанных узлов, которые обрабатывают информацию последовательно или параллельно. Каждый слой выполняет специализированную функцию, трансформируя входные данные в более абстрактные представления. Благодаря обучению на огромных объемах данных, нейросети могут выявлять скрытые закономерности и предсказывать результаты с высокой точностью. Исследования показывают, что современные модели достигают уровня человеческого интеллекта в задачах распознавания образов и генерации контента. Архитектуры варьируются от простых линейных моделей до глубоких сверточных сетей, адаптирующихся под конкретные задачи. Интеграция этих технологий открывает новые горизонты в медицине, финансах, искусственном интеллекте и науке о космосе.","A futuristic neural network visualization composed of glowing interconnected nodes and layered geometric shapes floating in a dark digital space. The structure resembles a complex brain with flowing data streams connecting every component. Vibrant colors like neon blue, purple, and green illuminate the architecture against a deep black background. High-tech style, cybernetic design, intricate details, 8k resolution, photorealistic render.",194,101
Нейронные сети_30,"Нейронные сети представляют собой сложнейшие алгоритмические системы, вдохновленные биологической мозгом человека. Эти устройства состоят из миллионов или миллиардов искусственных нейромодулей, которые обрабатывают информацию через сеть связей между узлами. Каждый узел выполняет вычисления, передавая данные другим соседним элементам для формирования интеллектуальных решений. Процесс обучения происходит путем сравнения предсказаний модели с реальными данными, что позволяет ей минимизировать ошибку и улучшать свои показатели со временем. Современные архитектуры включают глубокие структуры, способные анализировать многомерные данные и выявлять скрытые закономерности в сложных системах. Исследования показывают, что такие сети способны решать задачи, ранее считавшиеся невозможными для компьютеров, включая распознавание образов, машинное обучение и обработку естественного языка.","A futuristic digital neural network architecture floating in a glowing virtual space, composed of interconnected glowing nodes and synapses forming intricate brain-like patterns, surrounded by streams of data flowing through holographic connections, rendered in vibrant neon colors against a dark background with subtle particle effects.",177,100
Нейронные сети_31,"Нейронные сети представляют собой мощнейшие вычислительные системы, разработанные для обработки данных и решения сложных задач. Эти алгоритмы имитируют работу биологических нейронов, используя сложные математические модели для выявления скрытых закономерностей в огромных массивах информации. История развития этой области началась в середине XX века с созданием первых аналоговых устройств, но настоящий прорыв произошел с внедрением цифровых компьютеров в 1940-х годах. Современные нейросети достигли невероятного уровня сложности благодаря архитектуре глубокого обучения, которая позволяет системам самостоятельно обучаться на больших объемах данных без явного программирования каждого шага. Ключевым элементом является использование множества слоев перцептронов, которые последовательно преобразуют входные данные в более абстрактное представление, что делает их способными решать задачи, ранее считавшиеся невозможными для человека. В последние годы наблюдается взрывной рост интереса к искусственному интеллекту, который уже применяется в медицине, финансах, логистике и искусственном творчестве. Компании активно инвестируют миллиарды долларов в исследования, стремясь создать системы, способные не только анализировать, но и предсказывать будущее событий. Устойчивость и этические аспекты остаются критическими вопросами при развитии этих технологий, так как они затрагивают фундаментальные принципы человеческого взаимодействия с машинами.","A futuristic digital neural network visualization composed of glowing interconnected nodes floating in a deep cosmic void, with streams of data flowing between them like liquid light, rendered in stunning hyper-realistic style with intricate circuitry details and vibrant neon colors against a dark starfield background.",297,170
Нейронные сети_32,"Нейронные сети представляют собой сложную систему искусственного интеллекта, состоящую из множества взаимосвязанных нейронов, которые обрабатывают информацию через сложные алгоритмы обучения. Эти системы имитируют биологические нейроны, используя веса связей между ними для передачи сигналов. В отличие от традиционных вычислительных методов, нейросети способны выявлять скрытые закономерности в данных, что делает их незаменимыми в задачах машинного обучения и анализа больших объемов информации. Архитектуры варьируются от простых линейных моделей до глубоких сверточных сетей, предназначенных для обработки изображений и звука. Обучение происходит путем минимизации ошибки между предсказаниями модели и реальными данными, что позволяет системе постепенно улучшать свои результаты. Современные разработки позволяют создавать нейронные сети, способные решать задачи, ранее считавшиеся невозможными для компьютеров, включая распознавание речи, генерацию контента и медицинскую диагностику. Это направление продолжает развиваться быстро, предлагая новые инструменты для решения сложных проблем в различных отраслях науки и бизнеса.","A futuristic neural network visualization composed of glowing interconnected nodes and synapses floating in a dark digital space, with flowing data streams connecting the neurons to form a complex web pattern, rendered in vibrant neon colors against a deep black background.",225,133
Нейронные сети_33,"Нейронные сети представляют собой мощнейшие вычислительные системы, разработанные для обработки данных и решения сложных задач. Эти алгоритмы состоят из множества взаимосвязанных узлов, называемых нейронами, которые работают как мини-компьютеры внутри каждого узла. Процесс обучения происходит через механизм обратного распространения ошибки, позволяя системе корректировать свои веса и связи для минимизации ошибок предсказания. В отличие от традиционных методов, нейросети способны выявлять скрытые паттерны в огромных объемах информации, адаптируясь к новым данным без явного программирования каждой новой ситуации. Их архитектура варьируется от простых линейных моделей до глубоких сверточных сетей, способных анализировать изображения и звук с высокой точностью. Современные технологии позволяют создавать модели, способные обучаться самостоятельно, используя большие данные, что открывает новые горизонты в медицине, искусственном интеллекте и машинном обучении.","A futuristic cybernetic brain composed of glowing interconnected neural nodes floating in a dark void, surrounded by flowing data streams and digital circuits, with soft blue and purple neon lights illuminating the intricate connections between neurons.",198,116
Нейронные сети_34,"Нейронные сети представляют собой мощнейшие вычислительные системы, способные моделировать сложные данные через множество взаимосвязанных узлов. Эти алгоритмы функционируют как искусственные мозги, обучаясь на огромных массивах информации для выявления закономерностей и предсказывая неизвестные результаты. В отличие от традиционных методов, нейросети способны адаптироваться к новым условиям без явного программирования каждой новой задачи, демонстрируя высокую степень гибкости и эффективности. Их архитектура включает слои обработки данных, которые последовательно преобразуют входной сигнал в полезный вывод. Современные разработки позволяют создавать модели, способные решать задачи, ранее считавшиеся невозможными для компьютера, такие как распознавание изображений или синтез речи. Исследования показывают, что эти системы могут достигать уровней интеллекта у человеческих специалистов, обрабатывая информацию быстрее и точнее. Важно понимать, что их работа основана на статистических корреляциях, а не на истинном понимании сути происходящего вокруг. Тем не менее, потенциал нейронных сетей продолжает расти, открывая новые горизонты в медицине, финансах и искусственном интеллекте. Будущее технологий зависит от способности разработчиков улучшать эти системы, делая их еще более умными и безопасными.","A futuristic neural network visualization in a clean white studio with soft blue and purple lighting, showing interconnected nodes forming a brain-like structure floating above a glowing digital circuit board background, abstract geometric shapes representing data streams, high detail, octane render style, 8k resolution, minimalist design.",263,157
Нейронные сети_35,"Нейронные сети представляют собой сложные математические модели, способные обучаться закономерностям через данные. Эти системы состоят из множества слоев, каждый из которых выполняет специфическую функцию обработки информации. Процесс обучения включает взаимодействие данных с моделью, что позволяет ей выявлять скрытые зависимости и улучшать свои результаты со временем. В отличие от традиционных алгоритмов, нейросети способны адаптироваться к новым условиям без явного программирования каждого шага. Их архитектура может варьироваться от простых линейных моделей до глубоких сверточных сетей, предназначенных для изображений или текста. Современные исследования фокусируются на увеличении объема обучающих данных и оптимизации вычислительной мощности. Применение нейронных сетей стало возможным благодаря развитию мощных процессоров и алгоритмов машинного обучения. Они находят широкое применение в медицине, финансах, искусственном интеллекте и автоматизации различных бизнес-процессов.","A futuristic neural network architecture composed of glowing interconnected nodes and layers, rendered in a cyberpunk style with neon blue and purple hues against a dark background. The structure resembles a complex biological brain connected by digital pathways, symbolizing intelligence and learning.",196,117
Нейронные сети_36,"Нейронные сети представляют собой сложные математические модели, способные обучаться паттернам данных без явного программирования. Эти системы состоят из множества слоев, каждый из которых выполняет вычислительную операцию, передавая информацию от входного слоя к выходному. Процесс обучения заключается в минимизации ошибки путем автоматического подбора весов нейросети через алгоритмы оптимизации, такие как градиентный спуск. В отличие от традиционных методов машинного обучения, где инженеры вручную формируют функции, современные архитектуры демонстрируют способность адаптироваться к новым данным и выявлять скрытые закономерности. Архитектурные инновации, такие как сверточные нейронные сети или трансформеры, позволяют обрабатывать изображения и текст с высокой точностью. Применение этих технологий варьируется от простых классификаторов до сложных систем компьютерного зрения и естественной обработки языка. Будущее развития лежит в области увеличения масштаба данных и внедрении этичных стандартов в создание искусственного интеллекта.","A futuristic digital neural network visualization in a clean white laboratory setting with glowing blue and purple circuit lines connecting abstract geometric shapes representing data layers. The scene is illuminated by soft bioluminescent lights creating an ethereal atmosphere. High-tech aesthetic with smooth gradients, minimalist design elements, and a sense of advanced technology.",218,124
Нейронные сети_37,"Нейронные сети представляют собой сложные математические модели, использующие алгоритмы машинного обучения для анализа данных и выявления закономерностей. Эти системы состоят из множества слоев нейронных ячеек, которые обрабатывают информацию последовательно, имитируя биологическую активность мозга человека. Каждый слой выполняет специфическую функцию, трансформируя входной сигнал в более абстрактное представление, что позволяет сети обучаться на огромных объемах информации. Обучение происходит путем сравнения предсказаний модели с реальными данными, корректировки весов связей между слоями и минимизация ошибки. Современные архитектуры включают глубокие сверточные сети для изображений, трансформеры для текста и рекуррентные структуры для временных рядов. Они способны выявлять скрытые паттерны, делать прогнозы и даже создавать искусство, демонстрируя невероятную гибкость и адаптивность в решении задач искусственного интеллекта.","A futuristic cybernetic brain composed of glowing interconnected neural pathways floating in a dark digital void, surrounded by floating data particles and circuitry, rendered in high resolution with neon blue and purple lighting effects.",195,109
Нейронные сети_38,"Нейронные сети — это сложные вычислительные системы, состоящие из множества взаимосвязанных узлов или нейронов, которые обрабатывают информацию и принимают решения. Эти структуры имитируют работу человеческого мозга, используя алгоритмы обучения на больших данных. С каждым шагом процессор анализирует входные данные, формирует промежуточные представления и направляет сигналы к следующим слоям сети. Такой подход позволяет нейросетям выявлять скрытые закономерности, обнаруживать паттерны и делать точные предсказания даже в условиях неопределённости. Современные архитектуры, такие как глубокие сверточные сети, способны эффективно работать с изображением и звуковыми сигналами, обеспечивая высокую скорость обработки информации. Обучение происходит путем минимизации ошибки между предсказанными результатами и реальными данными, что требует огромных ресурсов вычислений и времени. Несмотря на кажущуюся сложность, эти технологии находят широкое применение в медицине, финансах, искусственном интеллекте и автоматизированном управлении промышленными процессами.","a futuristic neural network visualization showing interconnected glowing nodes and layers floating in a dark digital space, with flowing data streams connecting the structure, rendered in vibrant cyan and purple hues against a deep black background, highly detailed, cinematic lighting, octane render style.",220,122
Нейронные сети_39,"Нейронные сети представляют собой сложные математические модели, разработанные для обработки данных и обучения без явного программирования. Эти системы состоят из множества взаимосвязанных узлов или нейронов, которые работают вместе как единое целое. Каждый элемент выполняет специфическую функцию, передавая информацию к следующему шагу в процессе обучения. Процесс начинается с ввода данных, таких как изображения или текстовые записи, которые анализируются алгоритмом. Сеть выявляет закономерности внутри этих данных, создавая упрощенную модель поведения. Это позволяет компьютерам понимать контекст, предсказывать результаты или классифицировать объекты. Современные архитектуры, такие как сверточные нейросети, эффективно справляются с визуальными задачами благодаря своей способности выделять пространственные паттерны. Глубокие нейронные сети используют многослойные структуры для достижения высочайшего уровня точности в различных областях науки и техники.","A futuristic neural network visualization composed of glowing interconnected nodes and synaptic pathways floating in a dark digital void, with vibrant colors like neon blue and purple pulsing rhythmically to symbolize data flow and learning, rendered in high-definition style with soft light effects.",196,112
Нейронные сети_40,"Нейронные сети представляют собой сложные вычислительные системы, использующие алгоритмы машинного обучения для анализа данных и выявления закономерностей. Эти структуры состоят из множества слоев, каждый из которых обрабатывает входной сигнал и передает его к следующему узлу, формируя цепочки связей. Процесс обучения нейросетей требует огромных объемов данных и мощных компьютеров, позволяя моделям адаптироваться к новым задачам через минимизацию ошибок. Современные архитектуры включают глубокие сверточные сети, трансформеры и рекуррентные нейронные сети, каждая из которых оптимизирует определенные типы информации. Применение технологий искусственного интеллекта в медицине, финансах и науке демонстрирует революционные возможности автоматического принятия решений. Интеграция этих систем позволяет создавать персонализированные рекомендации и предсказывать результаты сложных экспериментов с высокой точностью.","A futuristic neural network visualization composed of glowing interconnected nodes forming a complex brain-like structure against a deep space background with stars and nebulae. The lines between nodes emit vibrant colors representing data flow, creating an abstract digital landscape that symbolizes artificial intelligence innovation.",183,105
Нейронные сети_41,"Нейронные сети представляют собой сложную систему искусственного интеллекта, состоящую из множества взаимосвязанных узлов или нейронов. Эти элементы обрабатывают информацию через сложные математические операции, позволяя компьютерам учиться и адаптироваться к новым задачам без явного программирования каждого шага. В отличие от традиционных алгоритмов, нейросети способны выявлять скрытые закономерности в огромных массивах данных, что делает их незаменимыми в областях машинного обучения, распознавания образов и анализа больших данных. Архитектура таких систем может варьироваться от простых линейных моделей до глубоких сверточных сетей, предназначенных для обработки изображений и звука. Современные исследования направлены на создание более эффективных и устойчивых моделей, способных решать задачи реального времени с высокой точностью. Это технологическое прорыв меняет подход к решению проблем, переводя их из плоскости ручного программирования в автоматизированный процесс, основанный на данных.","A futuristic neural network brain composed of glowing interconnected nodes floating in a dark digital space, with flowing data streams connecting the neurons, rendered in vibrant neon colors against a deep black background, high detail, octane render style.",204,121
Нейронные сети_42,"Нейронные сети представляют собой мощнейшие алгоритмические системы, способные автоматически обучаться и находить закономерности в данных без явного программирования. В отличие от традиционных методов, они состоят из множества слоев нейрона, каждый из которых анализирует предыдущие результаты перед вычислением нового значения. Этот процесс имитирует работу человеческого мозга, где информация обрабатывается последовательно. Современные архитектуры позволяют решать задачи сложного масштаба, такие как распознавание образов, машинное обучение и анализ больших объемов информации. Глубокое обучение стало революцией в этой области, обеспечивая высокую точность и адаптивность к новым типам задач.","A futuristic neural network architecture illustration in a sleek dark laboratory setting, featuring glowing interconnected nodes and pathways representing data streams flowing through multiple layers of neurons. The design is minimalist with soft blue and purple hues, surrounded by floating holographic data cubes and abstract geometric shapes that symbolize complexity and intelligence.",136,83
Нейронные сети_43,"Нейронные сети представляют собой мощнейшие алгоритмы искусственного интеллекта, способные моделировать сложные зависимости данных. В отличие от традиционных методов, они используют системы взаимосвязанных нейронов для обработки информации. Эти структуры имитируют биологическую активность мозга, позволяя компьютерам учиться через опыт без явного программирования каждого шага. Основные компоненты включают слои скрытия, которые трансформируют входной сигнал, а также выходной слой, определяющий результат. Процесс обучения происходит путем минимизации ошибки между предсказаниями и реальными данными. Современные архитектуры демонстрируют невероятную способность к обучению параллельно, что ускоряет обработку задач на порядки. Применение нейросетей охватывает множество областей, включая распознавание образов, машинный перевод и медицинскую диагностику. Их эффективность растет экспоненциально благодаря развитию вычислительных мощностей и улучшению математических моделей.","A futuristic neural network architecture rendered in glowing neon lines against a deep cosmic void, with interconnected nodes pulsating like living brains, surrounded by floating data streams and abstract geometric shapes, high contrast, cinematic lighting, hyperrealistic style --ar 16:9 --v 6.0 --q 2",193,107
Нейронные сети_44,"Нейронные сети представляют собой мощнейшие вычислительные системы, вдохновленные биологической мозгом человека. Эти алгоритмы состоят из множества взаимосвязанных узлов или нейронов, которые обрабатывают информацию последовательно и параллельно. Каждый нейрон имеет входное поле для получения данных, слой для их обработки и выходной результат. Сложная архитектура позволяет нейросетям обучаться самостоятельно через процесс минимизации ошибок. В отличие от традиционных программ, они не требуют явного программирования логики для каждой задачи, а автоматически находят оптимальные решения. Современные модели способны анализировать огромные объемы данных, выявлять скрытые закономерности и делать предсказания с высокой точностью. От простых классификаторов до сложных систем машинного обучения, эти технологии трансформируют множество отраслей экономики и науки. Исследования показывают, что искусственные нейронные сети могут превосходить человеческий разум в решении специфических задач, таких как распознавание образов, перевод языков или управление роботами. Будущее технологий лежит здесь, где интеграция человеческого интелкта с автоматическим вычислениям приведет к революционным изменениям во всем мире.","A futuristic neural network visualization composed of glowing interconnected nodes floating in a dark digital void. The nodes emit soft blue and purple light, forming complex, flowing patterns that resemble brain synapses. Surrounding the central structure are abstract geometric shapes like cubes and spheres dissolving into data streams. The background features a subtle starfield with deep space blues and blacks. High contrast, cinematic lighting, octane render, highly detailed, 8k resolution, cyberpunk aesthetic.",250,143
Нейронные сети_45,"Нейронные сети представляют собой мощнейшие алгоритмические системы, способные моделировать сложные данные и выявлять скрытые закономерности во множестве областей науки и технологий. Эти структуры состоят из множества взаимосвязанных узлов или нейронов, которые работают как единый организм, передавая информацию между собой через сети связей. В отличие от линейных расчетов, нейросети способны обучаться самостоятельно, адаптируясь к новым данным и улучшая свои показатели со временем. Процесс обучения основан на минимизации ошибки путем корректировки параметров весов внутри каждой нейроны сети. Современные архитектуры позволяют обрабатывать огромные объемы информации, что делает их незаменимыми инструментами в искусственном интеллекте. От простых классификаторов до сложных систем машинного обучения, эти технологии трансформируют нашу повседневную жизнь, автоматизируя рутинные задачи и открывая новые возможности для исследований.","A futuristic cyberpunk cityscape at night with glowing neural network nodes floating in the sky above skyscrapers, digital data streams flowing through connecting lines between buildings, holographic brain patterns illuminating the atmosphere, neon blue and purple lights reflecting on wet streets, cinematic lighting, octane render, highly detailed, 8k resolution, hyperrealistic, depth of field, mysterious and advanced technology vibe.",186,113
Нейронные сети_46,"Нейронные сети представляют собой сложные вычислительные системы, способные моделировать и воспроизводить поведение нелинейных систем. Эти алгоритмы состоят из множества взаимосвязанных нейронов, которые обрабатывают информацию последовательно. Каждый нейрон имеет свойство веса, определяющее силу связи между входными данными и выходом. Обучение происходит путем минимизации ошибки между предсказанным значением и реальным результатом. С развитием технологий современные нейросети способны распознавать паттерны в огромных объемах данных, включая визуальный контент и аудио. Их применение варьируется от классификации изображений до сложной обработки естественного языка и машинного обучения. Архитектуры сетей могут быть как простые, так и крайне глубокие, позволяя решать задачи, ранее считавшиеся невозможными для компьютеров.","a futuristic digital neural network composed of glowing interconnected nodes floating in a dark cyber space, with flowing data streams connecting the neurons, rendered in high definition with neon blue and purple colors, intricate circuit patterns, abstract technology concept.",176,98
Нейронные сети_47,"Нейронные сети представляют собой сложные математические модели, разработанные человеком для имитирования человеческого мозга. Эти системы состоят из миллионов или миллиардов элементов, называемых нейронами, которые соединяются между собой через весовые связи. Каждый нейрон обрабатывает входной сигнал и передает его другим, создавая цепочки реакций, позволяющие системе обучаться и адаптироваться к новым данным. В отличие от биологических нейронов, искусственные нейроны работают исключительно на основе алгоритмов, где каждое действие предопределено программно. Процесс обучения происходит путем сравнения прогнозов модели с реальными данными, а затем корректировки весов связей для минимизации ошибок. Современные архитектуры, такие как сверточные нейросети (CNN), отлично справляются с задачами распознавания образов, тогда как рекуррентные сети (RNN) способны анализировать временные последовательности, например, в речи или тексте. Обучение требует огромных объемов данных и мощных вычислительных ресурсов, что делает их доступными только для крупных исследовательских институтов и технологических компаний. Несмотря на сложность, эти системы демонстрируют удивительную способность решать задачи, ранее считавшиеся невозможными для компьютеров, включая управление роботами, медицину и финансы.","A futuristic neural network brain composed of glowing interconnected nodes and synaptic pathways floating in a dark digital space, rendered with high detail, cyberpunk style, neon colors, intricate circuitry patterns, abstract technology concept.",272,154
Нейронные сети_48,"Нейронные сети представляют собой сложные вычислительные системы, вдохновленные биологической мозгом человека. Эти алгоритмы состоят из миллионов или миллиардов искусственных нейронов, каждый из которых обрабатывает информацию через систему связей. В отличие от аналоговых устройств, нейросети способны обучаться без явного программирования правил, автоматически выявляя закономерности в данных. Процесс обучения включает этап предобработки входных сигналов, где данные преобразуются в формат, понятный алгоритму. Затем происходит итеративное обновление весов связей между нейронами с помощью методов минимизации ошибки, таких как градиентный спуск. Это позволяет модели адаптироваться к новым паттернам и улучшать свои прогнозы со временем. Современные архитектуры, такие как сверточные нейронные сети (CNN), отлично справляются с задачами распознавания изображений, тогда как рекуррентные сети (RNN) эффективны для работы с временными рядами и последовательностями текста. Интеграция больших данных и мощного процессинга сегодня делает эти технологии ключевыми инструментами в медицине, финансах, машинном обучении и искусственном интеллекте.","A futuristic digital brain composed of glowing interconnected neural nodes floating in a dark cyberpunk space, surrounded by flowing data streams and abstract geometric shapes representing artificial intelligence concepts.",253,137
Нейронные сети_49,"Нейронные сети представляют собой сложные математические модели, способные обучаться на данных без явного программирования правил. Эти системы состоят из множества слоев нейронных клеток, которые взаимодействуют друг с другом для выявления скрытых закономерностей. В отличие от традиционных алгоритмов, обучение происходит через обратный распространение ошибки, позволяя сети адаптироваться к новым паттернам. Современные архитектуры, такие как трансформеры и сверточные сети, демонстрируют способность обрабатывать огромные объемы информации. Применение искусственного интеллекта в медицине, финансах и науке открывает новые горизонты возможностей для решения задач ранее считавшихся невозможными.","A futuristic cybernetic brain floating in a glowing digital void, composed of interconnected neural networks and circuitry, rendered with high-end 8k resolution, octane render, realistic lighting, hyper-detailed textures, cinematic composition.",136,81
Нейронные сети_50,"Нейронные сети представляют собой сложные алгоритмические модели, используемые во искусственном интеллекте для обработки данных и принятия решений. Эти системы состоят из множества взаимосвязанных нейронов, которые обрабатывают информацию, выявляют закономерности и делают выводы. Разработаны различные архитектуры, такие как сверточные сети (CNN) для изображений и трансформеры для текста, каждая со своими уникальными преимуществами. Обучение происходит через подкрепление или минимизацию ошибок, позволяя системам адаптироваться к новым данным. Современные нейросети способны решать задачи машинного обучения, компьютерного зрения и распознавания речи с высокой точностью. Они играют ключевую роль в развитии технологий будущего, автоматизируя рутинные процессы и открывая новые возможности для науки и индустрии.","A futuristic neural network architecture visualization in a clean white studio with soft blue and purple lighting, featuring interconnected nodes forming complex layers that glow with vibrant colors, abstract digital brain structures floating in the air, high-tech background with subtle circuit patterns, hyper-realistic style, octane render, 8k resolution, cinematic composition.",163,98
Нейронные сети_51,"Нейронные сети представляют собой сложнейшие вычислительные системы, разработанные искусственным интеллектом для обработки данных и принятия решений. Эти алгоритмы состоят из множества взаимосвязанных узлов или нейронов, которые работают как мозговые клетки живых организмов, передавая информацию между собой через активированные связи. Каждый нейрон анализирует входящий сигнал и формирует выходной результат, имитируя процесс обучения. В отличие от простых программных кодов, нейросети способны выявлять скрытые закономерности в огромных массивах информации, такие как паттерны в медицинских снимках, прогнозы погоды или рыночные тенденции. Процесс обучения происходит путем сравнения предсказаний модели с реальными данными, что позволяет ей постепенно улучшать свои характеристики и становиться все точнее. Современные архитектуры включают глубокие слои, позволяющие обрабатывать информацию на разных уровнях абстракции одновременно, создавая мощную основу для машинного обучения и искусственного интеллекта. Это направление технологий продолжает развиваться стремительно, открывая новые возможности для автоматизации сложных задач в различных отраслях промышленности и повседневной жизни.","A futuristic neural network visualization with glowing interconnected nodes floating in a dark digital space, rendered in high-resolution 8k style, cyberpunk aesthetic, neon blue and purple light effects, intricate circuitry patterns, abstract geometric shapes representing data flow, macro photography of microscopic neurons connected by synapses, volumetric lighting, octane render, highly detailed, cinematic composition.",234,140
Нейронные сети_52,"Нейронные сети представляют собой сложные математические модели, использующие алгоритмы машинного обучения для обработки данных. Эти системы состоят из множества взаимосвязанных узлов, которые работают как нейроны мозга, передавая информацию между слоями через весовые связи. В процессе обучения нейросеть анализирует огромные объемы данных, выявляя закономерности и формируя внутренние представления информации. Это позволяет им распознавать паттерны, предсказывать результаты или создавать новые данные, что делает их незаменимыми инструментами в современном искусственном интеллекте. Основные архитектуры включают сверточные сети для изображений, рекуррентные сети для последовательностей и трансформеры для понимания контекста. Современные разработки демонстрируют впечатляющую способность к обучению без явного программирования правил, автоматически адаптируясь под конкретные задачи. Такие системы способны решать задачи, ранее считавшиеся невозможными для человеческого восприятия, от медицинской диагностики до управления сложными робототехническими системами.","A futuristic neural network architecture visualization in a clean white laboratory setting, featuring glowing interconnected nodes and layers of data flowing through blue and purple energy streams, with abstract digital brain patterns visible in the background, high-tech cyberpunk aesthetic, detailed rendering, 8k resolution.",207,119
Нейронные сети_53,"Нейронные сети представляют собой сложные математические модели, разработанные для обработки данных и извлечения закономерностей из огромных объемов информации. Эти системы состоят из множества взаимосвязанных нейронов, которые работают как нейронная сеть, имитируя биологический процесс обучения. Каждый слой выполняет специфическую функцию, трансформируя входной сигнал во внутренние представления, что позволяет алгоритмам решать задачи, ранее считавшиеся невозможными для вычислительных мощностей. Современные архитектуры, такие как сверточные нейронные сети или трансформеры, демонстрируют беспрецедентное понимание структур данных и контекста. Обучение этих сетей происходит через минимизацию ошибки между предсказаниями модели и реальными наблюдениями, используя методы обратного распространения градиентов. Этот процесс адаптации к новым данным позволяет системам становиться все более точными и устойчивыми. В результате, нейронные сети стали ключевым инструментом в искусственном интеллекте, играющим решающую роль в автоматизации, машинном обучении и анализе больших данных.","A futuristic digital brain composed of glowing interconnected neurons in a cyberpunk cityscape at night, neon lights reflecting on wet pavement, holographic data streams flowing through the network, abstract geometric patterns floating in space, high contrast, cinematic lighting, 8k resolution, hyperrealistic style --ar 16:9 --v 6.0",226,125
Нейронные сети_54,"Нейронные сети представляют собой мощнейшие вычислительные системы, способные обучаться путем анализа огромных объемов данных. Эти алгоритмы состоят из множества слоев нейронных клеток, которые обрабатывают информацию последовательно. Каждый слой выполняет специфическую функцию, трансформируя входные данные в более сложные представления. Процесс обучения происходит через минимизацию ошибки между предсказаниями модели и реальными данными. Современные архитектуры демонстрируют способность выявлять скрытые закономерности и делать точные прогнозы. Визуализация работы нейросетей помогает инженерам понять внутренние механизмы принятия решений. Исследования показывают, что эти системы могут превосходить человеческий ум в определенных задачах. Применение нейронных сетей широкое и разнообразное, от компьютерного зрения до распознавания речи.","A futuristic digital brain composed of glowing interconnected neural nodes and circuitry floating in a dark void, surrounded by swirling data streams and abstract geometric shapes, high detail, cyberpunk aesthetic, blue and purple color scheme, intricate lines and connections, cinematic lighting, 8k resolution --ar 16:9 --v 6.0",171,95
Нейронные сети_55,"Нейронные сети представляют собой сложные математические модели, использующие алгоритмы машинного обучения для анализа данных. Эти системы состоят из множества взаимосвязанных узлов или нейронов, которые обрабатывают информацию последовательно. Каждый нейрон выполняет вычисление на основе входных данных и предыдущих результатов, создавая цепочку реакций, имитирующую биологическую активность мозга. В отличие от традиционных программ, нейросети способны выявлять скрытые закономерности в огромных объемах информации без явного программирования правил. Процесс обучения происходит через минимизацию ошибки между предсказаниями модели и реальными данными, что позволяет системе постепенно улучшать свои результаты. Современные архитектуры включают глубокое обучение и трансформеры, способные понимать контекст и решать задачи сложной природы. Применение этих технологий прорывное в области медицины, финансов, искусства и автоматического управления, позволяя достигать уровней точности, недостижимых ранее.","A futuristic neural network visualization in a cyberpunk style, glowing blue and purple neurons connecting across dark digital space, intricate circuitry patterns floating in void, abstract geometric shapes representing data streams, high contrast, cinematic lighting, octane render, 8k resolution.",204,115
Нейронные сети_56,"Нейронные сети представляют собой сложную систему искусственного интеллекта, состоящую из множества взаимосвязанных узлов или нейронов. Эти элементы работают как мозговые клетки, обрабатывая информацию через сложные цепочки данных. В отличие от традиционных компьютеров, нейросети обучаются автоматически, используя огромные объемы данных для выявления скрытых закономерностей и паттернов. Процесс обучения включает этап предобработки, где данные очищаются и структурируются, а затем проходит глубокий анализ для формирования признаков. После этого происходит обучение модели, которое позволяет ей минимизировать ошибку между прогнозируемыми значениями и реальными результатами. Современные архитектуры, такие как трансформеры, используют многоуровневые слои для абстракции информации, позволяя системам понимать контекст и делать умные выводы. Это не просто математические формулы, а эволюция вычислительной мощности, способная решать задачи, ранее считавшиеся недоступными для машин. Применение нейронных сетей охватывает медицину, финансы, транспорт и искусство, демонстрируя их универсальность и эффективность в решении реальных проблем человечества.","A futuristic neural network brain composed of glowing interconnected nodes and synapses floating in a dark digital space, rendered in high detail with vibrant colors, cyberpunk style.",237,134
Нейронные сети_57,"Нейронные сети представляют собой сложные математические модели, способные обучаться путем автоматического анализа огромных объемов данных. Эти системы состоят из множества взаимосвязанных узлов или нейронов, которые обрабатывают информацию последовательно. Процесс обучения включает использование алгоритмов минимизации ошибок, таких как градиентный спуск, чтобы адаптировать веса связей между нейронами. Благодаря этому, нейросети способны выявлять скрытые закономерности и делать прогнозы с высокой точностью. Архитектурные вариации включают сверточные сети для обработки изображений, рекуррентные сети для последовательностей времени и трансформеры для задач NLP. Современные архитектуры демонстрируют впечатляющую способность к абстракции и универсальным применениям в медицине, финансах и науке. Обучение требует значительных вычислительных ресурсов и может занимать месяцы или годы.","A futuristic cybernetic brain composed of glowing interconnected neural nodes floating in a dark digital void, surrounded by cascading streams of data flowing through translucent fiber optic cables, rendered in high definition with vibrant neon colors and intricate circuitry details.",190,102
Нейронные сети_58,"Нейронные сети представляют собой сложные математические модели, разработанные искусственным интеллектом для обработки данных и принятия решений. Эти системы состоят из миллионов взаимосвязанных узлов или нейронов, которые работают как единое целое, аналогично биологическому мозгу человека. Каждый нейрон анализирует входные данные, преобразует их через внутренние связи и выдает результат на выходе. Процесс обучения требует огромных объемов данных и алгоритмов минимизации ошибок, позволяя системе адаптироваться к новым условиям. Современные архитектуры включают глубокие сверточные сети для изображений, трансформеры для текста и рекуррентные модели для последовательностей времени. Нейросети демонстрируют способность к обучению без явного программирования правил, автоматически выявляя паттерны и закономерности в информации. Это открывает возможности для революционных изменений во многих отраслях, от медицины до финансов. Однако важно понимать, что эти системы являются инструментами, требующими осторожного использования и постоянного обновления знаний о их возможностях и ограничениях.","A futuristic neural network visualization showing interconnected glowing neurons forming a complex brain-like structure in deep space, with data streams flowing through synapses, rendered in vibrant blues and purples against a starry background.",221,131
Нейронные сети_59,"Нейронные сети представляют собой мощнейшие вычислительные системы, способные обучаться на основе больших объемов данных. Эти алгоритмы состоят из множества слоев, каждый из которых обрабатывает информацию предыдущего уровня. Процесс обучения включает в себя сложную математику, позволяющую моделям находить закономерности в огромных массивах информации. Современные архитектуры, такие как трансформеры или сверточные нейросети, демонстрируют выдающиеся способности к распознаванию образов и обработке естественного языка. Интеграция этих технологий открывает безграничные возможности в медицине, финансах и искусственном интеллекте. Важно понимать, что эффективность нейронных сетей зависит от качества данных и настройки гиперпараметров.","A futuristic digital neural network architecture in a sleek glass laboratory setting, glowing blue and purple circuits connecting nodes of light, abstract geometric shapes floating above servers, high-tech cyberpunk aesthetic, clean minimalist design, cinematic lighting, octane render, ultra-detailed, 8k resolution.",150,85
